text,language,source,label
"Umjondolo uguqulwe waba yispa esisezingeni eliphezulu eBo Tshabelo, eFreyistata. Leli bhizinisi elibizwa ngokuthi iVictory Body and Nail Studio, likhula ngamandla futhi linikeza izinsizakalo zokunakekela imizimba kanye nokucwalwa. Ngenxa yalokhu, ispa liheha abantu abaqhamuka ezindaweni ezahlukene abafuna ukuzitholela ukunakekelwa okusezingeni eliphezulu.",zul,machine,1
"Umbiko wekota yokugcina yonyaka we-2017 ukhombisa inqubekela phambili emangalisayo ekulweni nobuzingela bobhejane. Kukhona ukwenyuka okubonakalayo enanini labantu ababoshiwe kanye neziphenyo ezithuthukile ezibhekiswe kulabo abadayisa izimpondo zobhejane. Lokhu kuholele ekutheni abazingela abaningi bagwetshwe imithetho eqinile, okuyisinyathelo esibalulekile ekusindiseni obhejane bakithi.",zul,machine,1
"Emva kokuhlolwa kwe simo sendawo sesine mvume yokufuya izinkukhu zamaqanda eziyizi-120 000 ngakho-ke kudingeka imali ukuze kunwe tshwe ibhizinisi,” kusho yena Uhlelo Olukhulu Lo kufuywa Kwezinkukhu UMhlabane uye wathola usizo ukuthi abe ngumli mi ophumeleleyo. Ongo munye wabalimi abaningi abasafufusa abazuza Ohlelweni Olukhulu Loku fuywa kwezinkukhu, olwasungulwa ngu hulumeni kanye naba -bambiqhaza bemboni, ababandakanya aba khiqizi bokufuywa kwe zinkukhu, abalimi, abe nza imikhiqizo, abathume la izimpahla kwamanye amazwe, abangenisa izi mpahla ezweni lakithi kanye nabezemisebenzi ehlelekile. Lolu hlelo lwasayinwa ngowezi-2019, kanti kuhloswe ngalo ukukhulisa amathu ba emisebenzi ngezinyathe lo eziningi ezizokwethu lwa ngokusemthethweni eminyakeni embalwa ezayo. Lokhu kube ngumphumela wohlelo lokuthi iNhlangano Yokufuywa Kwezinkukhu YaseNingizimu Afrika (i-SA PA) yakhokhela imvume kaMhlabane yokusebenzisa amanzi futhi yamusiza ngo kumqeqesha ngokukhiqizwa kwamaqanda.",zul,human,0
"Ukundizisa iflegi Uma iflegi limiswa liqondane nodonga, indawo ebomvu kumele ibe kwesokunxele solibukayo bese umphetho wentambo ube ngaphezulu. Uma limiswe lavundla, umphetho wentambo kumele ube kwesokunxele solibukayo bese u mbala obomvu uba phezulu. Uma iflegi libekwe eduze noma ngemva kwesikhulumi emhla nganweni, kumele libe kwesokudla sesikhulumi. Uma libekwe kwenye indawo endaweni okuhlanganye lwe kuyo kumele libekwe kwe sokudla sezethameli.",zul,human,0
"Isikhathi sokufaka izicelo zoxhaso lwe-NSFAS ususondele kakhulu. Lolu hlobo loxhaso lulungele intsha eseyiqedile ukufunda noma esavele ifunda kulezo zikhungo zemfundo ephakeme. Lo msebenzi ukhokhelwa uMnyango Wezemfundo Ephakeme Nokuqeqeshwa ukuze kukhuthazwe ukufunda kwentsha. Ngakho-ke, kubalulekile ukuthi abafundi balungiselele imininingwane yabo ukuze bangaphuthelwa yithuba lokuthola lolu xhaso.",zul,machine,1
"UMnyango Wezempilo waseNtshonalanga Kapa ukhumbuza abantu ukuthi baphuze amanzi amaningi ukuze zigwenywe izinkinga zempilo. Lokhu kubalulekile ngenxa yokushisa kwasehlobo okukhulisa ubungozi bokuphelelwa ngamanzi emzimbeni. Ukuphelelwa ngamanzi kungaba nobungozi obukhulu, ngakho-ke kucelwa ukuba abantu baqaphele kakhulu ngokugcina imizimba yabo ihleliwe ngamanzi ngalesi sikhathi.",zul,machine,1
"UNomagcinandile Suduka, oneminyaka engama-27, ungumlimi osemusha okhulisa ifa lomndeni wakhe ngokutshala izimali zakhe kwezolimo. Ungumnikazi we-4 U and 4 Me Primary Cooperative esigodini sase-Mooiplaas, lapho azama khona ukwakha umcebo ngokusebenza kanzima. Njengamanje, uSuduka uthole uxhaso lwe-COVID-19 oluzomsiza ekuthuthukiseni imisebenzi yakhe nokulwa nobunzima obulethwe yile nkulungwane. Lokhu kuxhaso kuzovula amathuba amaningi okukhulisa imikhiqizo yakhe nokondla umphakathi wasendaweni.",zul,machine,1
"I-CACH iyinsiza yezobuchwepheshe ephathwa uMnyango Wezemfundo Ephakeme kanye Nokuqeqeshwa (i-DHET) ehloselwe ukuxhumanisa abafundi namathuba okufunda. Lolu hlelo lusebenza njengohlobo lwebhuloho olusiza labo bafundi abafuna izikhala zokungena emanyuvesi nasemakolishi emva kokuba sebevaleleke. Ngale ndlela, i-CACH iqinisekisa ukuthi intsha ethanda ukufunda ithola ithuba lokuqeqeshwa nokwakha ikusasa eliqhakazile.",zul,machine,1
"Isikhulu Esiphezulu (i-CEO) Esiyibamba se-MISA uNta ndazo Vimba uthe ihhovisi lakhe liyaqonda ukuthi iNi ngizimu Afrika idinga kakhu lu abantu abanamakhono obunjiniyela nezokwakha. “Asifuni abantu abasha abaneziqu kule mikhakha kuphela, kodwa kumele siqinisekise ukuthi baqeqe shwe ngendlela esezingeni lomhlaba futhi bangochwe pheshe ababhalisiwe,” kusho uVimba. ""Omasipala bethu baba dinga kakhulu ochwepheshe. Sinomthwalo omkhulu wo kwenza uhulumeni wase khaya ube nochwepheshe, ngokusebenzisa izinhlelo zethu zokuvukuza ama khono,"" esho engezela.",zul,human,0
Usuku Lomhlaba Lwabahlengikazi ugubha mhla ziyi-12 kuNhlaba. Lolu lusuku luyithuba elihle lokubonga abahlengikazi ngokuzikhandla kwabo ekunakekeleni nokusiza abantu bakithi. Sibonga ukuzinikela kwabo nokubekezela kwabo ekunikezeni usizo lwezempilo olubalulekile emiphakathini yethu. Umsebenzi wabo ubaluleke kakhulu ekwakheni isizwe esiphilile.,zul,machine,1
"Imicabango nemikhuleko yethu ikule mindeni ebhekene nobunzima bokwamukela lesi sigameko esinyantisa umzimba esingachazeki. Siyawuncoma uhulumeni wesifundazwe saseMpumalanga Kapa ngokusiza imindeni esemanzini, kanye no-AVBOB ngokwethembisa ukusiza imindeni ngemingcwabo. Nakuba iziphathimandla ezifanelekile zizama ukuthola ulwazi kanye nokuqonda okwenzeka ukuze kuqinisekiswe ukuthi abagilwa bathola ubulungiswa, kunengxoxo okumele sihlale phezu kwayo njengezwe. Inkinga yokuphuza utshwala kwezingane ezisencane ezingakavumeleki ukuphuza utshwala.",zul,human,0
"Sidinga omakadebona bezintatheli bakithi, aba zoletha isipiliyoni kanye nezikhumbuzo zabezindaba, futhi abazokwazi ukuletha imibiko ebucayi nenolwazi. Ngaso leso sikhathi sidinga izintatheli eziningi ezisenca ne ezazi ezobuchwepheshe, ezihambisana nezindlela ezintsha zokuxoxa izindaba futhi ezixhumene nezinkinga ezibhekene nentsha. Njengomphakathi kumele seseke ngokuphelele abezindaba. Noma ngabe kumele sikhethe ukuthi si khokhele okuqukethwe izindaba, ukusekela izinta theli ezixhaswe ngeminikelo yomphakathi, ukukhokhela amalayisensi akwa-SABC noma nje ngokuthenga iphe phandaba, sonke singadlala indima yethu ukwesekela le mboni esenkingeni.",zul,human,0
"Ukusebenzisa izindlela ezintsha nezobuchwepheshe ukulwa nenkohlakalo kusiza ekubambeni abenzi bobubi ngokushesha. Uma kukhona ukubheka ngeso eliqinile nangokusebenzisa ukusebenzisana, imithombo yezimali ziyaqala ukufika kubantu ngendlela efanele. Lokhu kuholela ekutheni imisebenzi yezokwakha isizwe ithele izithelo ezinhle, kanti nentokozo nokwethenjwa kukahulumeni kuyakhula.",zul,machine,1
"Ngesikhathi umdlwenguli owayehlome ngesikhali etshela lo mfanyana ukuthi akalale phansi futhi angabuki, usakuzwa na manje ukukhala kukadadewabo. Ngemva kokudlwengula, le ndoda yatshela uTshepo noda dewabo ukuthi bagijime futhi bangabheki emuva. Ngesikhathi bethatha uhambo olubuhlungu lokulibangisa ekhaya, udadewa bo wamenza wathembisa ukuthi ngeke atshele muntu mayelana nokudlwengulwa. UTshepo wenza njengalokho ethembisile kodwa le mfihlo yamenza waba muncu.",zul,human,0
"Aba ntwana badinga ukusonde lana nomama babo. Ukulala egumbini elilodwa komama nabantwana kuyakukhuthaza lokhu. Uma umntwana wakho elambile, omiwe noma ethukuthele, ukuncela ibele kuyabenelisa. Akujwayelekile ukuthi ungancelisa u mntwana wakho ngokweqile uma umncelisa ibele kuphela.",zul,human,0
"Ukuvalwa kokuthengiswa kukagwayi kubonakala kuyisinyathelo esibalulekile ekugcineni impilo yabantu abaningi iphephile. Lokhu kubalulekile ngoba i-COVID-19 iyigciwane elihlasela uhlelo lokuphefumula, okwenza ukuba abantu ababhemayo babe sengozini enkulu. Ngokubambisana nocwaningo, ababhemayo bangaba nezimpawu ezibucayi kakhulu kunalabo abangabhemi. Ngakho-ke, ukunqanda ukuthengiswa kukagwayi kungasiza kakhulu ekunciphisekeni kokufa nokuvikela amaphaphu omphakathi.",zul,machine,1
"Ngesikhathi u-Bev erly Mhla bane ethatha uhambo oluya esito lo eyothenga amaqanda, wayengazi ukuthi uma ebuyela ekhaya usengaba nombono wokuhlanganisa ibhi zinisi lakhe eliphumelele. “Ngelinye ilanga ngaya esi tolo ngiyothenga amaqanda futhi ngathola ukuthi amaqanda amba eqolo kakhulu ngabe senginqu ma ukuthenga izinkukhu ezilishumi ezibeka amaqanda ukuze sizotholela umndeni amaqanda,” kusho yena. Inkukhu ibeka iqanda njalo emva kwamahora angama-26, lokho okuchaza ukuthi uMhlabane utho la isilinganiso samaqanda ayisishiyagalombili noma ayisishiyagalolunye ngosuku. Emva kwezinyanga ezimbili, waqala wathengise la omakhelwane amaqanda.",zul,human,0
"Abantu bakhuthazwa ukuba basebenzise imali yabo ngobuhlakani ngalesi sikhathi samaholide. Ochwepheshe baxwayisa ukuthi ukusebenzisa imali ngendlela engafanele kufana nokuthwala isikweleti esisinda emahlombe. Ngakho-ke, kubalulekile ukugwema ukuchitha imali ngokweqile kulezi zinsuku zikaKhisimusi ngoba lokhu kungaba nomthelela omkhulu ekuziphileni kwabo ngomuso.",zul,machine,1
"UMqondisi Omkhulu we-Gugu Dlamini Foundation, uMandisa Mabaso, wasungula le nhlangano ngowezi-2010 emva kokuthi umama wakhe – ongasekho uGugu Dlamini – wakhandwa ngamatshe waze wafa ngowe-1998 eThekwini ngenxa yokuthi wadalula isimo sakhe sokuba ne-HIV .“Inhlangano le ihlose ukuqinisa uhulumeni wasekhaya ukuthi abhekane kangcono ne-GBVF, okuyinto ebaluleke kakhulu ekulawuleni umbula -lazwe we-HIV eNingizimu Afrika,” kusho uMabaso. “Ihlose futhi ukunciphisa ukusulelana nge-HIV/AIDS, yandise ukufinyelela ekunakekeleleni nokwenza ngcono imiphumela yezempilo kubesifazane nabesilisa abasuleleke nabathintwe yi-HIV/AIDS,” enezela. Uxhasomali olutholwa yinhlangano lusiza abesimame namantombazane ayizi-522 255 kanye namadoda nabafana abangama-900 ababuya emindenini ethinteke kakhulu yi-GBV kanye nodlame lwasekhaya; abantu abahlukumeze kile abaphila nokukhubazeka; kanye namalunga omphakathi we-LGBTQIA+, kusho uMa baso. Ngokwe-UNAIDS, ezi ndaweni ezihaqwe kakhulu i-HIV , abesimame abayizisulu ze-GBV babhekana namathuba amaningi afinyelela kuma-50% okuthola i-HIV .",zul,human,0
"Owokuqala uMthetho-sivivinywa ochibiyela uMthetho Wokuchibiyela Wamacala Ezobugebengu (Amacala Ezocansi Nahambisana Nawo). Lokhu kwethula amacala amasha okusatshiswa ngokocansi, amacala okulalana kwezihlobo, kanye no-msebenzi wabantu wokubika uma besola ukuthi kukhona ukuhlukunyezwa ngokocansi okwenzekile emntwaneni. Iphinde yelula ukuthi i-Rejista Kazwelonke Yamacala Ezocansi (i-NRSO) ifake lonke uhla lwabaphuli-mthetho kwezocansi. Kuze kube manje, isafake kuphela abaphuli-mthetho kwezocansi abalahlwe ngamacala ezocansi kubantwana noma kubantu abaphila nokukhubazeka ngokwengqondo.",zul,human,0
Ukubhalisela ukuvota kuzoba khona ngomhlaka 10 no-11 kuNdasa wezi-2018. Isikhulu Sokhetho uSy Mamabolo umatheka ukuthi izikhungo zokuvota eziyizi-22 612 zizobe zivuliwe. Lezi zikhungo zizovula kusukela ngele-8 ekuseni kulezo zinsuku zombili. Lokhu kwenzelwa ukunikeza abantu ithuba lokubhalisa ukuze bakwazi ukuvota.,zul,machine,1
"Lokhu kudingeka ngokuphuthumayo ukuqinisekisa ukuthi amabhizinisi ahlala ese benza futhi kungabi nokuphela kwemisebenzi. Ezikhathini ezahlukene emlandweni wentando yeningi labantu yethu, siye sabhekana nezigameko kanye nezimo ezihlole ubungako bamandla abantu bakithi kanye nokusebenza ngempumelelo kwezikhungo zethu. Sikubonile ukubumbana nokusekelwa okumangalisayo kwemiphakathi ethintekile KwaZuluNatali, eMpumalanga Kapa naseNyakatho Ntshonalanga. Ohulumeni bomasipala kanye nabesifundazwe bebesebenzisana ngokusondelana neminyango kazwelonke kanye namaejensi ukuze abantu bakwazi ukwakha izimpilo zabo kabusha futhi bavuselele imisebenzi yezomnotho yasendaweni.",zul,human,0
Ukubulawa kwabesifazane abafana no-Uyinene Mrwetyana no-Jesse Hess kusikhumbuza ngobuhlungu bodlame olusathungatha abesifazane emphakathini wethu. Kubalulekile ukuthi sonke sibambisane ukuvikela abesifazane nabantwana bethu ukuze baphephe ebunzimeni nasekubulaweni. Kumele silwe ngokuzimisela ngokugcina ukuhlonipha nokufundisa amadoda ukuthi udlame aluyona isisombululo. Masimise ukuhlukumeza manje ukuze sakhe isizwe esiphephile nesithobekile.,zul,machine,1
"iPhiko Olukhethekile Kwezokuphenywa Kwamacala (i-SIU) likhiphile umbiko wayo wokugcina mayelana nokusetshenziswa budedengu kwezimali ze-COVID-19. Lo mbiko ugxile ekuphenyweni kwezinsolo zenkohlakalo ezitholakale kuzo zonke izinhlaka zikahulumeni. Ngenxa yalokhu, ababhebhezeli benkohlakalo manje sebabhekana nomthetho ukuze kubuyiswe imali yomphakathi. Lokhu kwenziwa ngenhloso yokuthi kube nokuzibophezela ngokusebenzisa kabi izinsiza zikahulumeni ngesikhathi sobubi.",zul,machine,1
"Leli cebo alikho lisha. Eminyakeni engamashumi amathathu eyedlule, ngonyaka we-1992, iAfrican National Congress yemukela umqulu onesihloko esithi ‘Ready to Govern’. Lo mqulu ubeka imihlahlandlela yenqubomgomo yeNingizimu Afrika yentando yeningi labantu futhi, cishe iminyaka engamashumi amathathu, ubenomthelela ekuqondisweni kwenqubomgomo yokuphatha ngokulandelana kwentando yeningi labantu. Umqulu othi ‘Ready to Govern’ wawuhlose umbuso wentando yeningi labantu onesibopho esikhulu ‘sokuxhumanisa, ukuhlela kanye nokuqondisa ukuthuthukiswa komnotho ukuze kuthuthukiswe umnotho ogcinekayo’ ngokubambisana nenhlangano yezinyunyana zabasebenzi, amabhizinisi kanye nezinye izinhlaka zomphakathi.",zul,human,0
"Uthishanhloko uNtombi kayise Mkhize wasesikoleni i-Ozwathini Primary School endaweni yakwaNodwengu esiFundeni Ilembe uthemba ukuthi lolu hlelo luzosiza ini ngi labafundi bakhe abane nkinga esifundweni sokufu nda kanye nenyumeresi. Isikole sakhe sinabafu ndi ababhalisile kulo nyaka abalinganiselwa kuma-387 kusuka ebangeni R kuya kwelesi-7. “Iningi labafu ndi bethu livela emakhaya aphethwe yizingane kanti futhi abanye babo banakeke lwa ngogogo. Abanabo aba ntu abazobasiza ngomse benzi wesikole owenzelwa ekhaya noma abazobagqu gquzela ukuba bafunde izincwadi, futhi lokhu kunomthelela ongemu hle ekuqhubeni umse benzi wabo egunjini loku funda,” kuchaza uthisha nhloko.",zul,human,0
"UMnyango Wezasekhaya usebenzisa amasu amasha ukulwisana nemigqa emide emahovisi wawo. NgokukaNgqongqoshe uMalusi Gigaba, le nkathazo ibangelwa inani eliphezulu labantu abadinga usizo kanye nesikhala esinganele emahhovisi. Kukhona futhi izinkinga eziphathelene nobuholi ezidale ukubambezeleka kwezinsizwa. Lolu hlelo luhlose ukuthuthukisa ukusebenza komnyango ukuze abantu balungiswe ngokushesha nangendlela efanele.",zul,machine,1
"U-Childline South Africa ugcizelela ukuthi ukuxoxisana phakathi kwabazali nezingane kuwukhiye ekwakheni ubudlelwano obuqinile nobuntandano. Lokhu kusiza abazali ukuba bazi kangcono imizwa nezingqinamba ezibhekana nazo izingane zabo nsuku zonke, okuyinto ebalulekile ekulondolozweni kwazo. Ngokuvula iminyango yokukhuluma, izingane zizizwa ziphephile futhi ziba nesibindi sokubika noma yikuphi udlame olungenzeka. Ngakho-ke, kubalulekile ukuba abazali bibe nesikhathi sokulalela izingane zabo ngothando nangokubekezela ukuze kuvikelwe amalungelo azo.",zul,machine,1
"Siyazama ukwakha isizwe esinakekela izingane ukuze kuqinisekiswe ukuphepha kwazo. Ngeshwa, u-Enock akusiyena yedwa ingane edlulile emhlabeni ngenxa yezizathu ebezingagwemeka. Lokhu kwenzeka ngenxa yokungagcinwa kwesibophezelo sabantu abadala sokunakekela lezi zingane ngendlela efanele. Kubalulekile ukuthi sonke sibambisane ukuze kuvikelwe ukuphila kwezingane zakithi.",zul,machine,1
"Okukhathazayo ukuthi inkululeko yabezindaba yehlile ngesikhathi sobhubhane lweCOVID-19 , ne mikhawulo ehlukahlukene ebekiwe okubukeka engathi isetshenziselwe ukunqanda imisebenzi yabezindaba e zindaweni eziningi.Kulo mbiko wakamuva iNingizimu Afrika ibekwe yaba ngeyama-32 emazweni ayi-180. Inkomba ichaza isimo senkululeko yabe zindaba eNingizimu Afrika “njengesiqinisekisiwe ko dwa esintekenteke”. Uyakubonisa ukuthi ngesikhathi uMthethosisekelo waseNingizimu Afrika uvikela inkululeko futhi sesisungule isiko labezi ndaba abaphenyayo, izithiyo eziningi zisalokhu ziphazamisa izintatheli ekwenzeni imisebenzi yazo. Lokhu kubandakanya izijeziso zomthetho ngokuthwebula izithombe zeZinto Ezibalulekile Zikazwelonke noma ukubika ngezindaba ezibandakanya ezokuvike lwa kombuso.",zul,human,0
Lokhu kube njengokukhu luleka kubobonke abantu baseNingizimu Afrika abesebephila ngaphansi kwemikhawulo enzima izi nyanga eziyisihlanu eze dlule. Kuluphawu lwenqubeke laphambili esiyenzayo uku nciphisa ukusuleleka okusha kanye nomthamo ezikhu ngweni zethu zezempilo. Futhi kungukuthuthuka okubalulekile kakhulu njengoba siphokophelele ekuqaleni umnotho wethu kabusha. Kodwa-ke kusesekuseni kakhulu ukuthi singajabula.,zul,human,0
"Lokhu kube nzima kakhulu ngenxa yobhubhane, imizamo yokuvukela umbuso ngoNtu likazi ngowezi-2021, kanye nezikhukhula ezingxenyeni zaKwaZulu-Natali, eMpu malanga Kapa naseNyakatho Ntshonalanga. Kukho konke lokhu, inkinga kagesi nayo ivele yenyukela, yadala umonakalo emnothweni futhi yathwesa ubunzima ama khaya namabhizinisi. Noma kunjalo, ngisho nakuzo lezi zinselele ezesa bekayo, umphakathi wakithi kanye nomnotho kubonise ukuqina. Futhi izinkomba zithi umnotho wethu ubonisa izimpawu ezinhle zokukhula.",zul,human,0
"UMahlatse uyisibonelo esikhulu somlimi wesifazane ophokophele ukuze afinyelele empumelelweni. Waqala ukusebenza epulazini lasendaweni elikhiqiza izitshalo eziluhlaza eneminyaka eyi-15, esebenza ngezimpelasonto nangezikhathi zeholide zesikole. Ngokuzikhandla nokusiza umama wakhe, wakwazi ukukhulisa ulwazi nokukhuthazela kakhulu emkhakheni wezolimo. Lokhu kusifundisa ukuthi ukukhuthala nokuzimisela kusukela mseva kuyindlela eholela ekuthuthukeni nasekuphumeleleni empilweni.",zul,machine,1
"NgokweNhlangano Elawula Izimoto Emgwaqeni (RTMC), kunezinkulungwane zamakhadi elayisensi yokushayela akasalandiwe ku-inthanethi. Kubalulekile ukuthi ulande ikhadi lakho lelayisensi lokushayela ukuze ube nalo ngendlela yedijithali (digital). Lokhu kukusiza ukuthi ube nobufakazi obusezingeni lapho udinga ukukhombisa ukuthi unayo imvume yokushayela emgwaqeni. Ungaphuthelwa, landa ikhadi lakho manje ukuze ulandele imithetho yomgwaqo ngendlela efanele.",zul,machine,1
"Phakathi kukaNtulikazi noMandulo ngonyaka ka-2021, kubhalwe ukuthi abantu abayizi-9 556 badlwengulwe, kanti iningi labo kwakungabesifazane. Lesi sibalo sikhombisa ukukhula okungaphezulu ngo-7% uma kuqhathaniswa nombiko owedlule, okuyinto edala ukukhathazeka okukhulu emphakathini. Lezi zibalo zibuhlungu kakhulu futhi zikhombisa ukuthi ukuhlukunyezwa kwabesifazane sekuyinkinga emangalisayo, kanti kumele kuqashelwe ukuthi asikho isizathu esikufanele ukuthi umuntu enze ubugebengu obunjalo.",zul,machine,1
"Ukonga amanzi emakhaya kuyisinyathelo esibalulekile esingasiza ekugcineni imithombo yethu yamanzi isikhathi eside. Uma uchelelayo engadini, kumele uchelelayo izitshalo ngezikhathi zasekuseni noma ntambama lapho amazinga okushisa ephole khona ukuze amanzi angaphulukiswa masinyane. Ngaphezu kwalokho, ungawalahli amanzi awasebenzisela ukubilisa amaqanda; gcina lawo manzi apholile ukuze uchelele ngawo izitshalo zakho.",zul,machine,1
"Ngubani ofaneleke yilolu hlelo? • Ngabantu abafuna ukwenza ngcono imiphumela yabo kamatikuletsheni, okungaba yilabo abasanda kubhala noma labo ababhala eminyakeni eyishumi eyedlule. UDkt Malapile uyachaza ukuthi umuntu ofuna ukuthola isiqu sobunjiniyela, njengesibonelo nje, kumele ukuthi anyuse amamaki akhe ezibalo uku-ze afaneleke ukwenza lolo hlelo lomkhakha wezifundo.• Abantu abangazange ba-phumelela umatikuletsheni wabo futhi abafuna ithuba lesibili ukuze baphase. • Abantu abashiya phansi isikole emva kokuphasa iBanga lesishiyagalolunye (owawubizwa ngoStanda rd 7 phambilini), abane-minyaka engama-21 noma ngaphezulu, futhi abafisa ukuthola umatikuletsheni wabo.",zul,human,0
"Abantu baseNingizimu Afrika basuka kude, babekezele kakhulu futhi benze inqubekelaphambili ebonakalayo ekulweni ne-HIV , i-AIDS kanye neSifo sofuba. Masiphinde siqinise amandla okusombulula kanye nezenzo zethu zokubhekana futhi sinqobe i-AIDS unomphela.",zul,human,0
"Buyekeza imishwalense yakho – Hlolisisa impilo yakho, ezempilo, ukukhubazeka kanye nemishwalense yesikhashana ukuqinisekisa ukuthi imali iya-hambisana nezidingo zakho. Khuluma ukhululeke nalowo ozwana naye mayelana nemali Kunomkhuba omubi ovamile kubantu abashadile wokufi-hlelana izindaba zezimali. Ku-mele nihlangane nyangazonke nikhulume ngebhajethi, izifiso zenu zezimali kanye nalokho enikufisayo nobabili ngekusasa lenu. Zinikeni isikhathi ukuba nabelane ngombono wekusasa wokuthi ikusasa nindawonye nifuna libe njani.",zul,human,0
"Ukuthenga impahla engenantela kuyindlela enhle yokonga imali emndenini. Le mpahla yethulwa nguhulumeni ngowe-1991 ngenhloso yokusiza ama khaya anemalingeniso aphansi. Kusukela ngaleso sikhathi, izinto eziningi zengeziwe ohlwini lwezimpahla engenantela. Lokhu kusiza abantu ukuba bathole izimpahla ezishibhile kodwa ezisebenza kahle.",zul,machine,1
"Ngesahlulelo sowe-1995 seNkantolo Yomthethosise-kelo eyakhipha emthethweni isigwebo sentambo, u-Justice Arthur Chaskalson wabhala wathi: “Amalungelo empilo nesithunzi yiwona abaluleke kakhulu kuwowonke amalu-ngelo omuntu futhi angumtho-mbo wawo wonke amalungelo omuntu. Ngokuzinikela kwethu emphakathini owakhiwe ngo-kwamukela amalungelo abantu sidingeka ukuba siwaqhaka-mbise la malungelo amabili okudlula wonke amanye.”Le mithethonqubo esiyibekile ibekelwe phezu kwalokho ku-zinikelela empilweni nesithu-nzi, futhi ezithethelela – kulezi zimo ezibucayi – imikhawulo yesikhashana kwamanye amalu-ngelo, njengokuba nelungelo lokuya lapho uthanda khona nokuba nanoma ubani ofuna ukuba naye.Ekwenzeni lokhu, iNingizimu Afrika ayifani namanye amazwe.Inani labantu emhlabeni elili-nganiselwa koyedwa kwabahlanu livalelwe ngenxa yesifo noma lisekuvalweni kwezwe, ngaleli nani elikhula ngesivi-nini ngenxa yokukhula kwenani labasulelekayo. Lokhu kubanda-kanya amazwe anenani labantu elikhulu kunelethu, njenge-India enabantu abayisigidigidi esi-1.5. Inqwaba yamazwe isibeke izikhathi zokubuya ekhaya njengalesi esisibekile lana.",zul,human,0
"I-Vuk’uzenzele ibheka ukubaluleka kwalolu suku nokuthi luchaza ukuthini kithina bantu baseNingizimu Afrika. Mhla zingama-27 kuMbasa ngowe-1994 iNingizimu Afrika yaba nokhetho lokuqa la lwentando yeningi laba ntu olungacwasi ngokwebala. Kwakhethwa uhulumeni omusha owawuholwa uMongameli ongasekho uNelson Mandela. Kuningi osekuzuziwe eminya keni edlule, kodwa kuningi oku sadinga ukuthi kwenziwe ukuze kwenziwe ngcono izwe lethu futhi kuguqulwe nezimpilo zabo bonke abantu baseNingizimu Afrika.",zul,human,0
"Ukwenza ngcono uhlelo lokufaka iziceloEmkhankasweni wokwenza ngcono indlela nenqubo yokufaka izicelo ezokwenza kube lula kubafakizicelo, uNgqongqoshe uNzimande uthi kulo nyaka, u-NSFAS uqalise izichibiyelo kuhlelo-kusebenza ukuqinisekisa ukuthi ukufaka isicelo akunazihibe.Uthi uhlelo lwe-NSFAS lokufaka izicelo ngobuchwepheshe ne-inthanethi lwaklanywa kabusha ukuze luzosebenziseka kalula futhi lusondele ekufuzeni ezinye izinkundla abafakizicelo abazijwayele ezifana ne-WhatsApp, i-Twitter, i-Facebook ne-Instagram.“Inqubo yokufaka isicelo yona qobo yenziwe yaba lula futhi nemibuzo ebuzwayo ilula kakhulu ukuthi abantu bayiqonde. Okunye futhi, abafakizicelo bangama phakathi nayo inqubo babuye baqhubeke ngesinye isikhathi ngaphandle kokuqala phansi futhi, okuyi nto ebingenzeki ezikhathini ezedlule, ubeke kanjalo.“Ngaphezu kwezichibiyelo, u-NSFAS usungule izinkundla ezengeziwe ezizosiza abafakizicelo abanemvelaphi eyahlukahlukene, kanye nokukhumbula ukuthi iningi labafakizicelo yintsha ethanda ukwenza izinto ngobuchwepheshe bedijithali,” kwengeza uNgqongqoshe uNzimande.Izinkundla ezintsha zibanda kanya i-Mobile App, i-USSD kanye ne-WhatsApp, lapho ungafaka isicelo soxhasomali lwe-NSFAS, uphinde ulandelele isimo sesicelo sakho kanye nokuhoxisa izicelo ebesezifakiwe phakathi kwezinye izinto. Lokhu bekwenzeka ngokwendlule kwinkundla yewebhusayithi.Okunye futhi, ukuqinise kisa ukuthi akekho umfaki sicelo oshiyeka ngemuva, uNgqongqoshe uNzimande uthi u-NSFAS uzoqalisa umkhankaso wokufinyelela ebantwini, ukuqinisekisa ukuthi abantu abangakwazi ukufinyelela kwizinsiza zobuchwepheshe abazozisebe nzisa ukufaka izicelo ngohlelo lwe-inthanethi nabo bayanikwa izinsiza nokwesekwa okufanele ukuze bezofaka izicelo zabo. Ungawuthola kanjani umfundaze wa kwa-NSFAS Ufanelekile ukuthola umfunda ze wakwa-NSFAS uma uyisa khamuzi saseNingizimu Afrika esihlele ukufunda ngonyaka wezi-2023 noma esesivele sifunda enyuvesi kahulumeni noma ekolishi eliyi-TVET futhi uhlangabezana nalezi zidingo ezilandelayo: • Uthola isibonelelo sakwa-SASSA.• Umholo wekhaya usuhlangene awudluli izi-R350 000 ngonyaka.• Uma ungumuntu ophila nokukhubazeka, umholo wekhaya usuhlangene akufanele ube ngaphezu kwezi-R600 000 ngonyaka.• Uma ungumfundi oqale izifundo zasenyuvesi ngaphambi kowezi-2018 futhi umholo wekhaya lakho awukho ngaphezu kwezi-R122 000 ngonya kaIsikhathi sokufakwa kwezicelo sizovalwa mhla wama-31 kuMasingana 2023.",zul,human,0
"I-NSFAS iyinhlelo yokwesekela abafundi abavela emindeni ephansi ukuze bakwazi ukuthola imfundo ephakeme emanyuvesi nakamakolishi. Le nhlelo ikhokhela imali yokufunda, izincwadi, kanye nezinye izidingo ezibalulekile ukuze umfundi agxile ezifundweni zakhe ngaphandle kokukhathazeka ngokwezimali. Njengoba kukhonjiswa endlalweni kaMashego, i-NSFAS ivula amathuba amaningi kulabo abangenayo imali yokuzikhokhela. Ngaleyo ndlela, lolu hlelo lusiza ekulweni nobubha nasekuthuthukiseni ikusasa lentsha yaseNingizimu Afrika.",zul,machine,1
"INingizimu Afrika isiqale ukululula isigqoko, iveze inkohlakalo ejulile eyayifihleke iminyaka eminingi. Kube ngumsebenzi onzima kakhulu ukuqaqa leyo nethi yobuqili eyayihambisa imali ngokwezifiso zabanye. Kutholakele ukuthi kube khona izinkampani zombhuro ezazisungulelwe ukufihla izinkokhelo ezingekho emthethweni. Lokhu kukhombisa ukuthi ubuqili obukhulu obukade busetshenziswa ekuthethweni kwemali manje sekubuka ukukhanya.",zul,machine,1
"Ukuze ugweme ukuba yisisulu sokushushumbiswa kwabantu, gwema ukuhamba wedwa, ebusuku, noma emigwaqeni engenabantu. Kubalulekile ukuthi uhlale uqaphele futhi wazi ukuthi kwenzakalani endaweni okuyo ngaso sonke isikhathi. Qaphela abantu ongabazi abakuthela ngemisebenzi noma izipho ezibonakala zinhle kakhulu. Azise njalo imindeni yakho nabangani bakho ngokuthi uya kuphi nokuthi uhamba nobani.",zul,machine,1
"“Esikubeke eqhulwini uku qala ukwehlisa amathuba okusabalala kwegciwane le-corona kanye nokwenza indawo ephephile yawo wo nke umuntu,” kusho yena. Amasu okumele uwalandele ukuze ugweme ukwesuleleka ngegciwane leCorona . »Hlala ekhaya ngayo yonke indlela. »Khumbula ukuziqhelelanisa nabantu »Gqoka isifonyo sakho sobuso »Hlanzisisa izandla zakho ngensipho.",zul,human,0
"I-CACH iyinsiza yezobuchwepheshe kahulumeni ephathwa nguMnyango Wezemfundo Ephakeme kanye Nokuqeqeshwa (DHET). Inhloso yalo wukuxhumanisa abafundi namathuba amaningi okufunda eminyango yezikhungo zemfundo ephakeme. Lolu hlelo lusiza labo abafuna izikhala zokungena enyuvesi ngokubakhombisa izindlela ezifanele zokuthuthukisa imfundo yabo. Ngakho-ke, i-CACH iyithuluzi elibalulekile elivula iminyango yokuphumelela kwekusasa.",zul,machine,1
"""Lena enye yezinsika ezi balulekile zohlelo lwe-GO GEORGE. Kubalulekile ukuthi umuntu ngamunye eGeorge akwazi ukusebenzisa ezoku thutha zomphakathi ukuze akwazi ukufinyelela amathuba omsebenzi, ezitolo, ezenkolo, ezokungcebeleka kanye nezinsiza ezifana nokunakekelwa kwezempilo. ""Abagibeli abakhubazekile bakubonga kakhulu ukucatshangelwa kwezidingo zabo kanye nomshikashika wo -suku nosuku wokufinyelela ezindaweni ezikude nekhaya, nokuzimela okulethwa ukukwazi ukuzihambela ngokwabo.""U-Rodrique Felix, omunye wabasebenzisa uhlelo lwama bhasi, wabandakanyeka engozini yesithuthuthu ezinyangeni eziyi-18 ezidlule. Njengamanje uhamba ngesihlalo sabakhuba zekile kodwa uthi usizo lwama bhasi lwenze kwaba lula ukuba akwazi ukuya esibhedlela.",zul,human,0
"Akukho sizathu esingalungele udlwengulo nodlame oluhambisana nabo (GBV) emphakathini wethu. Phakathi kukaNtulikazi noMandulo kowezi-2021, abantu abayizi-9 556, lapho iningi labo kwakungabesifazane, badlwengulwa. Lesi sibalo singaphezulu ngama-7% xa kuqhathaniswa nesikhathi sombiko owedlule. Lezi zibalo zigcizelela ukuthi isimo sodlame sisaqhubeka nokuba yinkinga enkulu edinga ukulungiswa.",zul,machine,1
"Bangamadodana kanye namadodakazi azalwe emva kokufika kwentando yeningi labantu kuleli. Nakuba bengahlangabezananga ngqo nezenzo zesihluku no nya lobandlululo, bayaqhubeka nokuphila ngaphansi kokhondolo lobandlululo olubonakala ngoku ngalingani okusekhona namanje phakathi kwezinhlanga zakuleli, ukuhlaliswa kwabantu ezindaweni ezingakulungele kahle ukuhlalisa abantu kanye nobubha. Laba bantu abasha bagcwele ukuzethemba futhi banezifiso ezinkulu. Bayawazi amalungelo abo futhi abesabi naka ncane ukugcizelela ekutheni banike zwe lokho okungamalungelo abo.",zul,human,0
"Inkohlakalo kuhulumeni ihlukumeza kakhulu abantu abampofu ngokubamba imali ebekelwe bona. Kubalulekile ukuba kube nokuboniswa kweqiniso nokusebenziswa komthetho ngokuqina ukuze kunqandwe ukweba izinsiza zomphakathi. Uma izikhulu nemisebenzi kahulumeni beziphatha ngokuqotho, imali yezisizelo izofika kulabo abayidingayo ngempela. Lokhu kuzovuselela ithemba labasebenzi kanye nomphakathi wonke ekuthuthukisweni kwezwe.",zul,machine,1
"Alikho ikilasi eli ngcono konjiniyela abasaqeqeshwa u kwedlula izizinda zokwakha ezimahhadlahhadla, ezi gcwele izintuli nokuduma kwemishini nemijuluko ya madoda nabesifazane be matasa besebenza kanzima. UThabiso Dladla no-Sumay Maharaj bangabasizi bonjini yela [ama-ARE] esizindeni abacobelela ulwazi koza kwabo abasemnkantshubo mvu esizindeni sokukhuli swa nokuthuthukiswa ko mgwaqo onguthelawayeka u-N2 phakathi kwendawo yaseMthunzini naseMpange ni ogwini olusenyakatho ne sifundazwe saKwaZulu-Na tali. “Senza umsebenzi othi awu fane ncamashi nowama-ARE. Siyahlola, sibale isitokwe, senze lokho esiyalelwa uku thi sikwenze njengabasizi, senze imiyalelo yesizinda, siphinde siphendule noma yimiphi imibuzo emayelana nobunjiniyela evela enka mpanini eyakhayo,” kusho uDladla.",zul,human,0
"»Thola ukwelashwa uma ungaphilanga kahle. Izimpawu ezijwayelekile zeCOVID -19 emzimbeni zibandakanya ukukhwehlela, ikhala eligxazayo, imfiva kanye nokuvaleka ukuphefumula. Uma ngabe uhlaselwa ngezinye zalezi zimpawu, thola usizo lokwelashwa ngokuphazima kweso. Ngeminye imininingwane ethe thuthu shayela Isikhungo Sezifo Ezithelelanayo Kuzwelonke kule nombolo esebenza ubusuku nemini ethi: 0800 029 999 noma ungene ku: www.health.gov.za naku: www.nicd.ac.za",zul,human,0
"ENkulumeni yami yo kuqala Engesimo Sezwe, ngowezi-2018, ngenza isethembiso sokwenza uguquko lokulwa ne nkohlakalo ezikhungweni zethu zikahulumeni kanye nokulwa nokukhwabanisa nenkohliso emkhakheni ozimele ngomfutho na ngenjongo efanayo. Kusukela lapho, besilokhu sisebenza ngokuzikhandla ukuqinisa nokweseka ama-ejensi ezomthetho nalabo abase benzisana nabo. Sisungule uPhiko Lwezokuphenya kwiNhlangano Yezo kushushisa Kuzwelonke ukuze lubhekane nenko hlakalo esezingeni eli phezulu kanye neNka ntolo Ekhethekile ukuvu mela uPhiko Oluphenya Amacala Akhethekile (i-SIU) ukuthi ikwazi ukubuyisa izimali ezebiwe kalula. Siphinde seseka futhi sanikezela ngezi nsiza kwezinye izikhungo ezilwa nobugebengu obu bucayi ezifana noPhiko Lokushaqwa Kwempahla, uPhiko Oluphenya Amacala Akhethekile Ezentengiselwano kanye noPhiko Lokuphenywa Kobugebengu Obubekwe Phambili, olaziwa ngo kuthi ngoKlebe.",zul,human,0
UMnyango wezeMpilo eLimpopo ukhiphe isaziso seqophelweni eliphakeme mayelana nokuncelisela izingane. Lokhu kwenzeka ngenxa yokushoda kwezindawo ezifanele emisebenzini lapho omama bangakwazi khona ukukhama ubisi. Omama abasebenzayo babhekana nobunzima ngokungabi nazi izindawo ezifanele zokuncelisela izingane zabo ngesikhathi somsebenzi. Lolu hlelo luhlose ukuqinisekisa ukuthi omama bathola indawo ephephelele nenelisekile yokunakekela izingane zabo.,zul,machine,1
"NgokweNhlangano Elawula Izimoto Emgwaqeni (i-RTMC), ngama-42% kuphela amakhadi elayisensi yokushayela kwayizi-32 748 akhiqizwe ngalesi sikhathi aselandiwe. UNgqongqoshe Wezo kuthutha uFikile Mbalula uvule izikhungo ze-RTMC eziqondene namalayisensi okushayela e-Midrand naseEco Park ngonyaka odlule, ukuze kubhekanwe nokusilela emuva komsebenzi wamalayisensi okushayela aphelelwe yisikhathi ngenxa ye-COVID-19. I-Akhawunti Yekhadi Lelayisensi Yokushayela, ephrinta amalayisensi, isebenza ngaphandle kokunqamuka ukuze kusheshiswe ukukhiqiza futhi ihambisana nezinhlelo zokuqeda ukusilela emuva ekupheleni kukaNhlangulana. I-RTMC ithi abantu bangabheka isimo sesicelo sabo ngaphambi kokuya esikhungweni sezamalayisensi ukuyolilanda.",zul,human,0
"UHulumeni waseNingizimu Afrika, ngokusebenza koMnyango Wezemfundo Eyisisekelo, uhlinzeka ngokudla okunempilo kubafundi ezikoleni. Lolu hlelo lwenzelwe ukuqinisekisa ukuthi abafundi abafundi belambile ukuze bakwazi ukugxila ngokuphelele ezifundweni zabo. Ukudla okunempilo kusiza ekuthuthukiseni amandla okuqonda nokukhumbula, okugcina kuholela emiphumeleni engcono kwezemfundo.",zul,machine,1
"I-COVID-19 iyigciwane elihambisana nenkinga yokuvaleka kokuphefu-mula. Ngakho-ke, abantu ababhemayo bangaba sengozini ephindaphindekile yezimpawu ezibucayi ukwedlula abantu abangabhemi, ngokusho kuka-Dkt. u-Catherine Egbe, oyinjulabuchopho kuMkhandlu WaseNingizimu Afrika Wocwaningo Kwezokwe-lashwa kophuzo oludakayo, ugwayi kanye nezinye izidakamizwa.U-Dkt. u-Egbe uthi ukubhema kwaziwa njengenye yezinto ezidala izifo eziyimbelesela kanti ezinye zazo zithintana ngqo nezimpawu ze-COVID-19.",zul,human,0
"Isikhungo Sokuphatha Izinhlekelele Kuzwelonke besididiyela zonke izinhlaka zikahulumeni ezinhlelweni zazo zokuhlinzeka ngosizo kubantu emakhaya amaningi akhahlamezeka. Kuye kwathokozisa ukubona izinhlangano ezingekho ngaphansi kukahulumeni, amabhizinisi kanye nezinhlangano zosizo zihlanganyela nohulumeni ekuhlinzekeni ngosizo oludingeka kakhulu. Bonke laba babambiqhaza bahlinzeke ngokudla, izingubo zokugqoka, izingubo zokulala, okokunakekela umzimba kanye nemifaniswano yesikole emindenini eswele ukuze ihlangabezane nezidingo zayo eziyisisekelo. Njengamanje kunabantu abangaphezu kwezi-7 000 abahlinzekwa ngosizo lokufihla ikhanda ezifu ndeni ezine ezikhahla mezeke kakhulu KwaZulu Natali.",zul,human,0
"Kubaluleke kakhulu kithina ukuthi sizame ngoku semandleni ukubasiza ukuze sonke sigweme ingci ndezi eyengeziwe ohlelweni lokunakekelwa kwezempilo,” kusho uMabona. Wengeza ngokuthi umoya wokubambisana phakathi kwabahlengikazi be-SANDF kanye nalabo bohlelo lokunakekelwa kweze mpilo yomphakathi ube muhle kakhulu kuze kube manje. Ngenxa yokunyuka kwezi gameko ze-COVID-19, lesi sibhedlela kulinde leke ukuthi sithole imibhede eyengeziwe, ukuze senyuse inani laso lomthamo wemibhede elingama-96 yokulalisa iziguli eziningi.",zul,human,0
"Amaviki okuqala onyaka wezi-2021 abe nzima kakhulu kubo bonke abantu baseNingizimu Afrika. Nakuba imikhakha eminingi yomnotho isiqale ukusebenza futhi, kuzothatha isikhathi eside ukuthi umnotho uphinde usimame ngokuphelele. Kubalulekile ukubekezela ngoba ukubuyiselwa kwemisebenzi elahlekile kungathatha izinyanga eziningana. Nokho, kukhona ithemba lokuthi lonyaka uzogcina ngokuba ungcono kakhulu kubantu baseNingizimu Afrika.",zul,machine,1
"Sisaphila phakathi kwalo mashayabhuqe wobhubhane osuthathe izimpilo zabantu abayizi-11 000 eNingizimu Afrika kuphela nje. Ezi gamekweni eziqinisekisiwe ezingaphezu kwesigamu sesigidi, sisahleli esibalweni sesihlanu samanani aphe zulu kakhulu okwesuleleka emhlabeni. Futhi kuhlale kunethuba lokuphinde si bheduke isifo. Uma kwenzeka sidinga into ezosikhumbuza isidingo sokuthi siqaphelisise, kumele sibheke izigameko zaka muva ezenzeke endaweni engamakhilomitha ayizinku lungwane e-New Zealand.",zul,human,0
"Abantu abaphumelele ekululameni ekugulwa i-COVID-19 bakhuthazwa ukuthi balandele imithetho yezempilo ngaphambi kokubuyela emsebenzini. Uma uhlonzwa ukuthi unayo i-COVID-19, kumele uhlale endaweni yokuzihlala ngowedwa isikhathi esibekwe nguhulumeni ukuze uvikele abanye ekuthelweni yigciwane. Ngisho noma abantu behlonzwa ukuthi bane-COVID-19 kodwa bengenawo izimpawu, kumele baqhubeke ngokuzihlala ngabodwa nokulandela imithetho yokuvikela. Lezi zinyathelo zibalulekile ukuqinisekisa ukuthi indawo yokusebenza ihlala iphephile kubo bonke abasebenzi.",zul,machine,1
"UMnu Mabitsela ushaye ukhamba ngemuva kokuthola ukuthi kukhona izikweletu eziningi egama lakhe okungezona yena ozifakela. Lokhu kwenzeka ngenkathi efaka isicelo semali-mboleko ebhange ngoLwezi kowezi-2020, lapho atshelwa khona ukuthi usekweletini kakhulu. Lesi simo sikhombisa ukuthi kukamazisi wakhe kwebiwa kwase kusetshenziswa ukukhohlisa amabhange. Kubalulekile ukugcina imininingwane yakho yobunjalo iphephile ukuze ugweme ukwebiwa kukamazisi.",zul,machine,1
"Uhulumeni uzosiza abahlali baseKwaZulu-Natali naseMpumalanga abathinteke izikhukhula zakamuva. Lezi zikhukhula zishiye imiphumela emibi kakhulu, kubalwa ukubhubha kwemizi nokulahleka kwempilo kulezi zifundazwe. Ngakho-ke, uhulumeni uzosebenzisana nabantu ukuze bakhe kabusha izimpilo zabo namakhaya abo. Lolu hlelo luhlose ukuletha usizo nokusekela kulabo abalahlekelwa yizinto zabo.",zul,machine,1
"Faka isifonyo esincane esifanele ngesandla sakho. Hlikihla izandla zakho kahle, uqinisekise ukuthi zonke izindawo, kuhlanganise phakathi kweminwe naseemuva kwezandla, zithinteka. Qhubeka uzihlikihla izandla kuze kube yilapho zomile ngokuphelele. Lokhu kubalulekile ukuze uzivikele ezifweni lapho uhamba ngematekisi noma usulindile ezindaweni eziningi abantu.",zul,machine,1
"Sekuvuliwe isikhathi sokufaka izicelo ze-NSFAS zonyaka we-2023, kanti kukhona nezinguquko ezithathwe ukuthuthukisa lolu hlelo. Ngaphansi kwemkhankaswe wokwandisa ukusebenza kahle, kuthathwe izinyathelo zokwenza inqubo ibe lula kakhulu kubafundi. UNgqongqoshe uNzimande ugcizelele ukuthi i-NSFAS isiqale ukunciphisa ubunzima bokufaka izicelo kulo nyaka ukuze kube lula kubafakizicelo.",zul,machine,1
"Kuyinkinga enkulu ukungabibikho kwemisebenzi ezweni lethu. Angeke sikwazi ukuba nokunye ukubambezeleka oku-ngapheli kokubhekana nale nkinga ngenxa yezithiyo zeminyango kahulumeni, izinqubo zokuqasha esezaphelelwa isikhathi, ukungabibikho kwabasebenzi nokuhlela, noma izinhlelo zesi khashana noma ezingagcineki. Impumelelo yoHlelo Loxhaso Lwezemisebenzi LukaMongameli luveze ukuthi uma sisebenzi sana, sishesha, sicabanga ngobuciko futhi sila wula izinsiza zethu ngo kufanele, singakwazi ukuba nomthelela o mkhulu. UHlelo Loxhaso Lweze misebenzi LukaMongameli luveze ukuthi singadala imisebenzi uma sisebe-nzisana njengomkhakha kahulumeni, ezabasebenzi, umphakathi kanye nohu lumeni.",zul,human,0
"Ukuqedwa komshado ngokomthetho kusho ukuphela ngokusemthethweni kobudlelwane phakathi kwabashadile. Lokhu kuveza ukuthi ayisekho nhlobo indlela efanelekile engasetshenziswa ukuze kuvuselelwe ubudlelwane phakathi kwalezi zinhlangothi zombili. Ngaphezu kwalokho, lo mthetho uhlinzekela ngokuhlukaniswa kwempahla ehlanganyelwe noma ukuphoqelela imigomo okuvunyelwene ngayo.",zul,machine,1
"Blade Nzimande, usezivulele izicelo zikaNSFAS zonyaka wezi-2021 isikhathi esingangezinyanga ezine, ukusuka mhla ziyi-3 kuNcwaba kuya mhla zinga ma-30 kuLwezi kowezi-2020. Abafundi abaqhamuka emakhaya antulayo kanye nalabo abasebenza imise -benzi eholela kancane labo abafisa ukuyoqhuba izifundo zabo kunoma yimaphi ama kolishi nama-TVET noma eNyuvesi bangaqala bafake izicelo. Ukuze ukwazi ukuthola lolu xhasomali luka-NSFAS, lowo ofaka isicelo kufanele abe ngumsinsi walapha eNi ngizimu Afrika futhi aqha muke emndenini lapho ima lingeniso yomndeni uma isi hlangene ngonyaka ingadluli kwizi-R350 000. Imalingeniso yomndeni yonyaka wonke yezingane ezikhubazekile ingadluli kwizi-R600 000.",zul,human,0
"Izibalo zakamuva zemise benzi, ikakhulukazi, izona ezilokozisa inhlansi yethemba. Ezezibalo eNingizimu Afrika ziqophe ukwehla kwe zinga labantu abangasebenzi kwikota yesibili yowezi-2021. Ngokuphawulekayo, izibalo zabo zibonisa ukuthi inani ngqo labantu abasebenzayo lenyuke lasuka kubantu abayizigidi eziyi-14.5 kwikota yesine yowezi-2021 laya kwizigidi eziyi-15.5 kwikota yesibili yowezi-2022. Lokhu kwenyuka kugqugquzela kakhulu kwimisebenzi edi ngekayo kwisigamu sokuqala salo nyaka.",zul,human,0
Umama onelungelo le-HIV ofuna ukuncelisa kumele aqiniseke ngokuthola iseluleko esifanele ngaphambi kokuba aqale. Kubalulekile ukuthi axoxisane nomeluleki wakhe we-HIV ngezindlela ezehlukene neziphephile zokuphakela umntwana ukudla. Lokhu kwenzelwa ukunciphisa amathuba okuthi ingane ithole ingciwane ngesikhathi isencelisa. Ukulandela imiyalelo yabasebenzi bezempilo kubalulekile ukuze kuvikelwe impilo nomphilo womntwana.,zul,machine,1
■ Ukungasabalaliswa ngokuli nganayo kwamahhovisi ngo kusekela ezibalweni zabantu. ■ Ukukhishwa kwemibiko enge yona ngokuphathelene nokuqedwa komazisi abalu hlaza abanamagabelo. • Ukungabi sezingeni kwezi mpawu ezikhombisa okuthile emahhovisi. Kukhona amahhovisi Omnya ngo Wezasekhaya angama-184 kuphela akwazi ukuthwebula noma ukuthatha izithombe kanye nezikhungo ezihlinzeka ngezinye izinsiza ezingama-411 ezweni lonkana.,zul,human,0
"Ukukhumbula uMbhishobhi Desmond Tutu kusikhumbuza ngokubaluleka kobumbano nokuzithoba phambi kwenhloso yeningi. Kumele sisebenze ngokubambisana ukuqinisa intando yeningi labantu ukuze sakhe isizwe esibukane ngezinhliziyo ezimfudumalele. Ngokwenza kanje, siyagcina ifa lothando nokulungiseka uMbhishobhi Tutu alifundise thina. Lokhu kubambisana kuyisisekelo sokuthula nentuthuko kwezwe lethu.",zul,machine,1
"Okunye okuyingqophamlando kufaka phakathi ukwenyuswa kwesilinganiso sezimvume semiklamo emisha yokuphehla ugesi saya kwi-100MW, lokho okuvumele le miklamo ukuthi ixhume kwisizinda bese ikwazi ukudayisela amakhasimende ugesi. Sivuselele uHlelo Lwendali Lomkhiqizi Ozimele Wogesi Ovuselelekayo ngokuvulela ezinye izikhathi zokufaka izicelo. Izinguquko kwimithethonqubo yokuphehla ugesi omusha zivumele omasipala ukuthi bazithengele ngokwabo ugesi okokuqala ngqa. Izinguquko zomthetho zizogcina ngokuba nomphumela wemakethe entsha encintisayo kagesi, ngokwesekwa ukushicilelwa koMthethosivivinywa Ochitshiyelwe Womthe thonqubo Wogesi kanye nomsebenzi oqhubekayo wokuchibiyela iNqubomgomo Yentengo Kagesi.",zul,human,0
"Ukudla kuphekwa ngamalungu omphakathi angasebenzi, aqashwe umkhandlu owengamele isikole (i-SGB). “Abapheki bethu abayisithupha abaqashiwe (amaVFH) bapheka ukudla okuhlinzekwe uMnyango Wezemfundo ngesabelo sezi -mali esithunyelwa esikoleni,” kusho u-Sejake. Ama-VFH ngamanye athola inkokhelo ngokupheka ukudla. I-Thabang Primary School ihambe phambili kwimiklomelo ngenxa yokusebenza kanzima nangokuzimisela kwe-SGB yayo, ithimba labaphathi kanye neKomidi elibhekelele ukusebenza kweNSNP, kusho u-Sejake.",zul,human,0
"Siyabonga ekwesekweni nguhulumeni, inkampani i-Mamoshalagae Trading and Projects, okuyi bhizinisi lezinto ezisebenza ngogesi e-Mokopane, likwazile ukukhokhela abasebenzi balo ngokunjalo nemali yokuqasha kanye nemali yente la yakamasipala ngesikhathi sokuvalwa kwezwe.Abasebenzi abebexinwe ngusizi olukhulu bakwazile ukuthola ingxenyana yomho lo wabo.ULindiwe Ntuli, ongummeli wezomthetho e-Centurion, uye washo ukuthi ukuhlomula kwakhe kumsize kanja ni ukuthi asebenzele ekhaya futhi akwazi nokukhokha imali yakhe yasemqashweni.Ziningi izindaba zezinka mpani ezikwazile ukuqhu beka ngempumelelo nokuse benza onyakeni owedlule ngenxa yokwesekelwa ezikuthole kwi-UIF. Into efanayo ingashiwo ngamabhizinisi asizwe yizibonelelo zikahulumeni ezahlukene kanye nemalimboleko ehlinzekwe yiminyango eminingi.Lezi zinyathelo zibasize kakhulu abantu bakithi ngesikhathi bezidinga kakhulu.Ekuguqukeni sisuka esigabeni sokudinga usizo siya ekululameni, kumele sishi ntshe ukwenza.Ngesikhathi lezi zinyathelo zosizo zazihlelelwe isikhashana, umnotho usazoqhubeka nokushayeka isikhathi eside ngenxa yalolu bhubhane.Nakuba imikhawulo yokuvalwa kwezwe isixegi siwe, izinkampani eziningi ziyahluleka ukubhekana nezinyanga lapho zingasebenzanga khona lapho kwa kunokuncipha komsebenzi kanye nokulahlekelwa yi nzuzo.Yisona kanye lesi sizathu esenze ukuba, emva kwezingxoxo ezijulile nesisebe nzisana nabo kwezenhlalo ku-NEDLAC, usizo lwe-COVID TERS lelulelwe umhla ziyi-15 kuNdasa 2021 kuleyo mikhakha ebingakakwazi ukusebenza ngokuphelele.Isibonelelo Esikhethekile se-COVID-19 sizolulwa ngezinye futhi izinyanga ezintathu.Lezi zinyathelo zingezesi khashana.Manje kumele sigxile ekwakheni indawo ezovumela ukululama kwamabhi zinisi, kanye nokukhula komnotho okuzoqhubezela ukusungulwa kwamathuba emisebenzi futhi ihehe utsha lomali.Ukululama komnotho kuzoba nzima kakhulu futhi kuzothatha isikhathi, hhayi ngoba sisephakathi kwalolu bhubhane.Kubaluleke njengalezi zi nyathelo zosizo, esingeke si kwazi ukuzigcina unomphela.Kumele siqinisekise ukuthi lezi zinyathelo zosizo zihli nzeka isisekelo esiqinile ukuze silulame kakhulu ngaphandle kokufaka izwe ezikweletini kakhulu. Ngaphandle uma singakwazi ukwehlisa isikweletu sikazwelonke sisibeke ezigabeni ezisimeme ukwelulama komnotho ngeke kwenzeke.Izingqondo zethu njengesizwe kumele zisuke eku khululekeni ziye ekwelula meni, futhi kumele sonke sibe yingxenye yalo mzamo.Njengohulumeni, izinqumo ezinamandla ekusetshenzi sweni kwemali kahulumeni kumele zenziwe futhi ziqali swe ukusebenza kulo nyaka.Izinkampani kumele zibe nezindlela ezintsha zokuphatha kanye nezinqubo ezi zovikela ukusimama kwazo kanye nenzuzo, nokugcinwa kwemisebenzi njengezinto ezihamba phambili.Kumele sibuyisele imali yethu emnothweni wethu ngokuthi sithenge imikhiqizo yalapha ekhaya, sesekele amabhizinisi asekhaya kanye nezimboni futhi sithenge kubathengisi balapha ekhaya.Isiguli esilimele esinethe mba lokululama sinikwa ukwelashwa kokunyakazisa umzimba kwansuku zonke ukuze sisizwe ukuthi sibe namandla size sikwazi ukuma ngaphandle kokusizwa.Ngakho-ke lezi zinyathelo zosizo kumele zibonakale njengemizamo yokuphinde futhi simise umnotho wethu ume qingqo. Inhloso yethu ekugcineni ukuphinde si kwazi ukuhamba futhi.Njengesizwe, sonke masifakeni isandla.",zul,human,0
"Ukudla okunempilo kubaluleke kakhulu ekufundeni kwabafundi. Uma abafundi bephethwe ngokudla okwanele, bakwazi ukugxila kangcono ezifundweni zabo, okuletha imiphumela engcono esikoleni. UMnyango Wezemfundo Eyisisekelo uhlela uhlelo lokudla ukuze kuqinisekiswe ukuthi akukho mfundi ofunda elambile. Ngakho-ke, izisu ezigcwele ziyisisekelo sempumelelo yezemfundo.",zul,machine,1
"Umyalezo ucace bha: lesi akusiso isikhathi sokudlala. Kumele sisukume ngokuzethemba ukuze sizoqeda ngokucinywa kogesi.Ngesikhathi izinyathelo esesizithathile zizogcina ukuthunyelwa kogesi ngokuthembekile futhi kungambi eqolo esikhathini esizayo, besibheka ukuthi yiziphi ezinye izinyathelo esingazithatha manje uku sondeza leli phupho eduze.Maduze nje sizophothula umsebenzi oneminini ngwane egcwele kanye nezingxoxo ezidingekayo ukuphothula lezi zinyathelo. Sizobe-ke, maduze nje, sesikwazi ukumemezela uchungechunge lwezinyathelo ezizosiholela kwinqubekelaphambili ngokushesha ekulweni nokucishwa kogesi. Azikho izisombululo ezilula kule nkinga yethu yogesi.",zul,human,0
"Uhlelo Lokwesekwa Nokuthuthukiswa Kwabalimi lusiza intsha efana noWayne Mansfield ukuba ingene emkhakheni wezolimo. UMansfield, oneminyaka engama-33 owasePaarl, ubengumdayisi emakethe lapho ayesebenza khona ngaphansi kamalume wakhe. Lolu hlelo luhambisana nomlayzo othi ""uma impilo ikujikijela ngolamula, batshale,"" lugqugquzela abantu ukuba bazimele ngokulima.",zul,machine,1
"Central Application Clearing House, ebizwa ngokuthi yi-CACH, umzamo wesikhashana woMnyango Wemfundo Ephakeme Nokuqeqesha yasungulwa uMnyango Wemfundo Ephakeme Nokuqeqesha ukuze isize abafundi abafuna izikhala zokufunda ezikhungweni zemfundo ephakeme abafisa ukungena oHlelweni LweMfundo Elandela Ukuqeda Isikole Nokuqeqeshwa (i-PSET) kodwa kungenzeka ukuthi ibhekene nesimo lapho: Befake isicelo kusenesikhathi ezikhungweni zemfundo abazikhethile kodwa izicelo zabo zachithwa, manje osekuphele isikhathi sokubhalisa kwesinye isikhungo. Labo abazoba ngabafundi abangasifakanga isicelo ngoba bengakwazanga ukuthola imiphumela edingekayo kuBanga le-11 ukuze babhalise kodwa bathole ukuthi imiphumela yabo yeBanga le-12 iyahlangabezana nalokho okudingekayo ukuze babhalise. Abangazange basifake isicelo ngesikhathi ngenxa yesizathu esithile noma abangazange basifake nhlobo isicelo. Abangazi nhlobo ukuthi bazofundani lapho beqeda umatikuletsheni.",zul,human,0
"URalo futhi wahlela namalungu amabili emphakathini wakhe ukuba anikele ngamagalaji awo azosetshenziswa njengamagumbi okufundela angeziwe. Okwababuhlungu kakhulu wukuthi uRalo washona ngowezi-2004. Ngowe-1994, isikole sasuka saya eHholo i-Eli Spilkin, elakhiwa nguso mabhizinisi wendawo uEli Spilkin. “Ngalowo nyaka, sathola izindlu zangasese ezingomahambanendlwana kuMnyango Wezemfundo Eyi sisekelo wesifunda.",zul,human,0
"“Ingxenye ehamba phambili yengakuthola kwaba yisipiliyoni ngesikhathi ngisebenza ngezi guli, kodwa ingxenye yobuhlu ngu kwakuyikho nje ukusho na kwabantu okwakwenzeka ewodini leziguli. Ngokwemizwa, lokho kwakungelula neze uku kwamukela.”UGanuganu, osebe ngumhlengi kazi oqeqeshiwe iminyaka emibi li eyedlule, wakhetha lomkhakha womsebenzi ngoba wayeno thando lokusiza abantu. “Ngakhulela endaweni ese makhaya eMpumalanga Kapa futhi ngangibona ukuthi abantu bakhahlamezeke kangakanani ngenxa yokwesweleka kwemitho lampilo enabahlengikazi aba nakekelayo. Lokhu kwenza uku thi kukhule intshisekelo yami yokuthi ngifune ukwenza ume hluko,” kusho yena.",zul,human,0
"Okhulumela amaphoyisa aseMpumalanga, uColonel Mtsholi Bhembe, ubize umphakathi ukuba ungathuli kodwa ubike zonke izigameko zokunukubezwa. Ugize ngokuthi kubalulekile ukuba abantu basebenzisane namaphoyisa ukuze lo mkhuba wobugebengu uqedwe ngokuphelele. Uthe, ""Njengamaphoyisa, kuwumsebenzi wethu ukudlala indima yethu ekulweni nalobu bugebengu.""",zul,machine,1
Uhlelo lokudla esikoleni luhlose ukulwa nendlala nokungondleki kahle phakathi kwabantwana. Lolu hlelo lusiza ekuthuthukiseni ikhono labafundi lokufunda ngokubanikeza ukudla okunempilo. Kugxilwe kakhulu ezikoleni ezincishwe amathuba ukuze kuqinisekiswe ukuthi abantwana baya esikoleni njalo. Lokhu kuqinisekisa ukuthi abafundi bathola imfundo efanele ngaphandle kokukhathazwa wukulamba.,zul,machine,1
"Impumelelo yethu ilele ekuthobeleni kwethu le mithethonqubo futhi noku qinisekisa ukuthi omunye nomunye uziphatha ngoku zinakekela nangokuzibo phezela. Ngaso sonke isikhathi uma sicabanga nanoma isiphi isenzo esingabalulekile, kumele sibuze ukuthi: ibu phi ubungozi bokusuleleka kuthina nakwabanye? Lapho kukhona khona ubungozi, noma ngabe buncane kanga kanani, kungcono ninga kwenzi. Asiphokophele phambili, njengakuqala, ngokuqa phela.",zul,human,0
"“Isikhathi esingangonyaka nesigamu manje, abafundi kumele bajwayele indlela entsha yokufunda, enesikhathi esincane bebhekene nothisha ubuso nobuso. “Abaningi kuphoqeleke ukuthi bazifundele bodwa, ngesikhathi bephila ngokungenasiqiniseko ngekusasa labo kanye nomthelela we-COVID-19 emathembeni nasemaphusheni abo, impilo yomndeni kanye neyompha kathi,” kusho uTlhapane. Ubhekana Kanjani Nalesi Simo Uchaze wathi ixhala ngukwe saba noma ukukhathazeka ngento okungaziwa umphu mela wayo. Ukusiza abafundi ukuthi babhekane nalesi simo, unikeze iseluleko esilande layo: • Kuqonde ukuthi kujwayelekile ukuzizwa unexhala noma wesaba.",zul,human,0
"Sithatha igxathu elifinyelela kude nelivelele lokutshala izimali zikahulumeni kuba ntu, ngokuthi uhulumeni abe ngumsunguli futhi abe ngumhlinzeki wemisebe nzi. Umzamo kaMongameli Wokusungula Imisebenzi uyingqayizivele ngobubanzi bawo, ubandakanya utshalomali lukahulumeni oluyizigi digidi eziyi-R100 eminyakeni emithathu ezayo.Sizovikela futhi sisungule imisebenzi exhaswe ngqo kanye nokungenelela ekwesekeni izindlela zokuziphi lisa ngesikhathi imakethe yezabasebenzi isalulama kubhubhane lwegciwane le-corona. Konke lokhu sekume ngomumo ukuthi kuqale ukusebenza, futhi kwengeza ezibophezelweni ezikhona.Ngesikhathi ezinye izi ndlela zokungenelela za khela phezu kwamandla ezinhlelo ezivele zikhona, lo mzamo nawo ubandakanya izindlela ezintsha nezisu ngulwe kabusha.Lokhu kubandakanya ukugxila kwesikubiza 'ngokuqashwa komphakathi'. Sisebenzela phezu kokuthi awukho umsebenzi ongenziwa ukubhekana nezinkinga zenhlalo eziningi emphakathini wethu.",zul,human,0
"Kukhona ukuntuleka kwezimvula okwenze izinga lamanzi emadamini lihlele kakhulu. Lokhu kubangele ukuthi kube nesimo esibucayi sokufika kosuku lokuntuleka kwamanzi ngokuphelele. Ngakho-ke, iziphathi mandla zithathe izinyathelo eziqinile ukuze kunwebwe isikhathi sokufika kwalesi sikhathi esinzima. Kubizwa ukuba sonke sisebenzisane ngokonga amanzi ukuze silwisane nalesi simo.",zul,machine,1
"UNomagcinandile Suduka, oneminyaka engu-27, uthole uxhaso lwe-COVID-19 oluzomsiza ekuthuthukiseni imisebenzi yakhe yezolimo. Ungumnikazi we-4 U and 4 Me Primary Cooperative esigodini sase-Mooiplaas. Usebenzisa leli thuba ukutshala izimali zakhe kwezolimo ukuze akhulise ifa lomndeni wakhe kanye nomcebo.",zul,machine,1
"I-MISA iwuhlelo oluklanyelwe ukusekela abahleli bomumo wedolobha kanye nezindawo zasemakhaya emisebenzini yabo. Lusiza abahlomule, njengoMukodiwa, ukuba basebenzise ulwazi lwabo lwezifundo ukuthuthukisa ukuhlelwa kwengqalasizinda emasiphaleni. Lolu hlelo lugqugquzela ukuhlelwa kwamadolobha ngendlela efanele neyisisekelo esiza imiphakathi yasemakhaya. Ngale ndlela, kuqinisekiswa ukuthi kutholakala intuthuko yezidolobha esimeme nengcono.",zul,machine,1
"Lolu hlelo kuhloswe ngalo ukushintsha izikole ezibeka engcupheni ukuphepha kwabafundi kanye nabasebenzi, ngenxa yokuswelakala kwengqalasizinda efanele, amanzi, ukuthuthwa kwendle kanye nogesi. Kuze kube manje, i-ASIDI isiyakhe izikole ezingama-266, yahlinzeka ngokuthuthwa kwendle ezikoleni ezingama-886, izikole eziyi-1 030 zathola amanzi futhi ezingama-372 zafakelwa ugesi. Abafundi basesikoleni samabanga aphansi iNkululeko Ralo Primary School manje sebenamagumbi okufu ndela asesimweni esiyiso futhi bayafinyelela esikhungweni sezinsiza, ilebhu yesayensi, indawo yokwenzela imisebenzi ehlukahlukene kanye nesikhungo esiphakela ngokudla. Ukwabelana ngombono Uthishanhloko uKoleka Gilman uzimisele ukuthuthukisa ezemfundo eMthatha.",zul,human,0
I-GO GEORGE isiza ekuhlomiseni abantu abakhubazekile ukuze kube lula ukuhamba kwabo. Omasipala bakuleli sebezibandakanye kulolu hlelo lokusombulula le nkinga ebhekene nalaba abakhubazekile. Kanti uMasipala waseGeorge usukhuphule kakhulu iqophelo lokuthi izinhlelo zezokuthutha umphakathi kumele zime kuphi ukuze zonke izidingo zigcwaliswe.,zul,machine,1
"Ngesikhathi senkulumompikiswano eNdlini Ye sizwe Yabaholi Bendabuko kwaphakamiswa ukuthi okuzokwenza ukuthi uhlelo lweInvestRural luphumelele ukuthi izinhlaka zendabuko ziqeqeshwe, zinikwe ama ndla futhi zicijwe ngama khono. Ababambiqhaza abaningi bachaza ngezinhlelo zomno tho esezisemazingeni athe thuthu okuthuthukiswa. Kusuka kwimisebenzi ye zolimo kuya ekwakhiweni kwemikhiqizo ethile kuya kwezamandla avuselelekayo. Okwakucace bha ukuthi isikhungo sabaholi benda buko siyaqonda ukuthi ukuqeqesheka emsebenzini kuyadingeka emabhizinisini asemakhaya amancane, apha kathi kanye nezinkampani ezincane nemifelandawonye ukuthi babe yingxenye yo mnotho ohlanganisile.",zul,human,0
"Kusuka kwabikwa okokuqala ngokuqubuka kwalolu bhubhane sesisukumile ukubeka ngomumo izinhlelo zokuhlola kanye nokugcina labo asebethelelekile. Ukusukuma kwethu njengezwe kuqhutshwa iKomidi Elakhiwe Ngongqongqoshe (i-IMC) eliholwa ngusihlalo walo uNgqongqoshe Wezempilo, uDkt Zweli Mkhize. Indlela i-IMC kanye namaqembu asekayo asisukumele ngaso lesi simo senhlekelele kube yisibonelo nokuqinisekisa, ikakhulukazi ekusizeni ukuqeda ukwenyuka kwamaphaphu komphakathi. Ngizobe ngingusihlalo Womkhandlu Wokuyala Kazwelonke ukuxhumanisa zonke izingxenye zikazwelonke zokubhekana nale nhlekelele.",zul,human,0
"Kukhuthazwa abantu ukuba balwe nobugebengu kunokuba bahlasele abafika, ngoba ukuhlukumeza abangeyo kuleli akusiso isixazululo. Lokhu kuhambisana nezimiso zeSomqulu wenkululeko ka-1955 kanye noMthethosisekelo weNingizimu Afrika. Lezi zimiso zigcizelela ukuthi iNingizimu Afrika ngeyabo bonke abahlala kuyona, kungakhathaliseki ukuthi baphumaphi. Ngakho-ke, kubizwa ukuba kubekwe phambili ubunye ekulwiseni ubugebengu ukuze kuvikelwe ukuphepha kwabo bonke abahlala kuleli izwe.",zul,machine,1
"Abaqashi bezikhungo zothuthukiso lwabantwana banomsebenzi obalulekile wokuvikela abantwana. Ngokomthetho, kumele bahlole ukuthi abasebenzi babo bakhona yini kwiRejista Likazwelonke Lezephulamthetho Zocansi. Lokhu kwenzelwa ukuqinisekisa ukuthi abasebenzi abaqashwayo abayona abantu abangase babe yingozi kubantwana. Ukulandela lo mthetho kubalulekile ekunqandeni ukuhlukunyezwa kwabantwana ezikhungweni.",zul,machine,1
"“Sihlinzekela izingane ezi hlala emgaqweni kanye na -labo abavela emiphakathini eyayinganakiwe ngapha mbilini. Izinsiza zethu zimahhala futhi yonke intsha eneminyaka esuka kwemihlanu iya kwenga ma-23 yamukelekile,” ku sho uMqadi. Wengeze ngokuthi ama bhodi okuhuhuluza anike lwe umasipala azolekelela imizamo yabo kanti ziningi izingane esezizokwazi uku ba yingxenye yohlelo. I-Surfers Not Street Chi ldren Club inikeza izifundo zokuhuhuluza emagagasini kusukela ngoMsombuluko kuya kuLwesihlanu ngo08h30 kanye nango-13h30.",zul,human,0
"l Ukuphisana ngezinto eziyigugu kuwe. lIzinkomba zokukhatha zeka, njengokuba nemizwa eguquguquka ngezikhathi, ukulahlekelwa yithemba, ukuzihoxisa ezintweni ezi ningi, ukwehla kwezinga lokudla kanye noku ngalali, futhi ulahlekelwa intshisekelo yemisebenzi ejwayelekile. l Ukwenyusa izinga loku phuza utshwala noma ukusetshenziswa kwezidakamizwa. l Ukusikisela ngokungabi bikho esikhathini esizayo noma ukuvalelisa.",zul,human,0
"i-National Health Laboratory Services (i-NHLS) isiqinisekisile ukuthi isifo se-Monkeypox sesitholakale eNingizimu Afrika emuva kokuhlolwa kwezibonelo elabhorethri. Lesi sifo sasasa ngokuthinta ngokusondela kakhulu kumuntu onesifo noma ngokuthinta izinto ezinamagciwane. Izimpawu ezivame ukubonakala zihlanganisa umkhuhlane, ikhanda elibuhlungu, kanye namabala avumbuka esikhumbeni. Kubalulekile ukugcina inhlanzeko enhle nokuvakashela ikliniki masinyane uma ubona lezi zimpawu.",zul,machine,1
"Yehlisa ibhajethi ehlelelwe ukuzijabu lisaThola indlela yokuzijabu-lisa ngaphandle kokukhokha imali, njengamapaki, imitapo yolwazi kanye nezinto onga-zenza endaweni yangakini. Ziningi kakhulu izindlela zokuzijabulisa ngaphandle kokukhokha imali. Nawa amathiphu azokusiza ukuhlala ohlelweni lwakhoUkubambelela ngqi kumklamo wakho wezezimali akusiyo into elula, kodwa yiba nenhloso yokuthi: • Qikelela ukuthi uyayihlola imali yakho njalo esebhange – zihlole ukuthi uyisebenzisa kanjani imali.• Zilungiselele izikhathi ezizokubuyisela emuva.• Hlukana nezikweletu ezingahlelelwe.• Thenga ngobuhlakani. Zibuze ukuthi: Ngakube lokhu ngiyakudinga na?",zul,human,0
"Kukhona imibuzo eminingi ephenduliwe mayelana nemigomo ye-COVID-19 ukuze kucace iqiniso. Kubalulekile ukwazi ukuthi angeke neze udale igciwane noma uhlonzwe njengonegciwane emva kokugomwa. Futhi, kucaciswe ukuthi akukho kunesinjana ye-microchip emigomweni eyenzelwe ukulandela umkhondo wabantu. Lokhu kuhlose ukususa ukungaqiniseki nokwesaba phakathi komphakathi.",zul,machine,1
"Eminyakeni emibili edlu le, sabamba iziNgxoxo Zokubonisana zokuqala ngqa mayelana neMfundo Yase makhaya emkhakheni we zinga lemfundo eyisisekelo. Kulesi sithangami, kwavela ukuthi enye yezinselelo ezi bhekene nezikole eziningi zasemakhaya yizikhala ezi ngagcwalisiwe zothisha abasemqoka kakhulu ikakhu lukazi esifundweni seziBalo kanye nesezeSayensi.",zul,human,0
"Lokhu kwesekwa kuzovu-mela iziphaza ukuthi zithole izimpahla ezingazithengisa. UNgqongqoshe uNtshavheni wenezele ngokuthi uhlelo lolu luzokwenza ukuthi abanikazi beziphaza bakwa-zi ukuthenga ngesikweletu, okuzobavumela ukuthi bathole imali edingekayo ukuze bayothenga isitoko abazosithengisa. “Lokhu kuzolandelwa ukuthola indawo enikezela ngesikweletu ezokwenza ukuthi abanikazi beziphaza bakwazi ukuqhubeka bathenge, noma sekudlule ukuqubuka kweCOVID-19 .”Umnyango uzophinde ubacebise ngokuthi bangazi-phatha kanjani ngokuyimpu-melelo izitolo zabo. “Siphinde futhi sibaseke ngokubanika ukwesekwa ngokulawulwa kwamabhizinisi ngoba siyazi ukuthi kunezinkinga eziphaza ngokulawulwa kwamabhizinisi abo ukuthi enze inzu-zo,” kusho uNtshavheni.",zul,human,0
"UNgqongqoshe Wezempilo uDokotela Joe Phaahla usuxwayisile ngokukhula okukhulu kwezinga le-COVID-19 ezweni, lapho izigameko zinyuke khona ngo-137% uma kuqhathaniswa nezinsuku eziyisikhombisa ezedlule. Njengoba ubusika sesisondela, kubalulekile ukuba abantu bazivikele ngokulandela yonke imithetho yokuzivikela ukuze kuvikelwe ukubhebhetheka kwalo mkhuba. Kuyisikhathi sokuba siqinisezele izindlela zokuzivikela manje ngaphambi kokuba ubusika ufinyelele.",zul,machine,1
"Amavidiyo nezithombe zalo mcimbi obizwa 'ngepens down' (okusho idili lokubungaza ukuphothulwa kwezivivinyo zesigamu sonyaka) endaweni yesigameko ngalobo busuku ezifakwe kuinthanethi ziveza abantu abasha abancane bezitika ngobumnandi bephethe amabhodlela otshwala. Abaningi abakulezo zithombe kubukeka kuyintsha esencane kakhulu ngeminyaka. Iningi labantu abasha base-Scenery Park batshele abemithombo yezindaba ukuthi babona umyalezo owawuzungeza ezinkundleni zokuxhumana, uthi kunotshwala bamahhala obukhishelwa bonke abahambele umcimbi ngalobo busuku. Ukukhula kokwamukeleka emphakathini komkhuba wabantu abasha abaphuza utshwala sekuyinkinga enkulu ezweni lethu lapho iningi labantu abaphuza utshwala kakade selithathwa njengabantu abaphuza utshwala ngokweqile ngokusho kweNhlangano Yezempilo Emhlabeni.",zul,human,0
"Ngokubuka amazinga angamukeleki neze odlame kubalingani abasebudlelwaneni ezweni lethu, sesiqinise ukuhlinzekwa koMthetho Wodlame Lwasekhaya. Udlame lwasekhaya manje selu-chazwa ukuze luvikele labo aba-thembisene umshado, abajolayo, ubudlelwano bamasiko, abatha-ndanayo, ubudlelwano bocansi osebuqhubeke noma isikhathi esi-ngakanani. UMthetho-sivivinywauphinde welule ukuchazwa'kodlame lwasekhaya' ukuze ufake ukuvikelwa kwabantu abadala ekuhlukunyezweni ngamalungu omndeni. Abamangali bazokwazi ukufaka izicelo zomyalo wokuvikelwa nge-inthanethi.",zul,human,0
"Kufanele ukuthi bakwazi ukuthathaizinqumo ngazo zonke izindlela ngempilo yabo, kubandakanya ububili babo kanye nendlela yokuziphatha ehambiselana nezocansi.Ekugcineni, sizophumelela ekuqedeni i-AIDS ngokuni-ka abantu abasha amandla, abesifazane kanye nabanye abantu abasengcupheni. Lokhu kubandakanya ukunikwa ama-ndla ngokukwazi ukufinyelela kulwazi, iseluleko kanye no-kusekela. Lokhu kubandakanya ukukwazi ukufinyelela kwi-mfundo kanye namathubaomnotho, ikakhulukazi abe-sifazane abasebasha. Lokhu kunikwa amandla kuphinde kuchaze ukuthi wonke umuntu kumele akwazi ukufinyelela ekuhlolweni, ukwelashwa kanye nezinye izinsiza zezempilo.",zul,human,0
"Ungasiza izi ngane zakho ngokuzincoma ngokuzama ukusiza kanye nangokusebenzisa lokho ezikucabangayo, ubuhlakani kanye nokudlala kwazo; zigqugquzele ukuthi zikhu lume; zenze zizizwe zikhe thekile; futhi nawe wethe mbeke, ukuze zikwazi uku thembela kuwe. Indlela yokuziphatha elimazayo ayemukelekileAkwemukelekile nanini ukulimaza izingane. Indlela yokuziphatha elimazayo ihlanganisa ukuzimemeza, ukuzithuka ngenhlamba, uku zesabisa kanye nokuzijivaza. Ukuthuka inhlamba phambi kwezingane noma ukuthuka izingane ngenhlamba kunge nzeka kuzenze zizizwe zinga vikelekile futhi zisengozini.",zul,human,0
"U-Dkt Zulu washiya phansi umsebenzi wakhe kuMnyango Wezolimo eNyakatho Ntsho nalanga wazoqala i-ejensi yakhe yekuqeqesha, i-Hope Nutrition Business Consu ltants. Lokhu kwaba ngemuva ngokuthuthela eGoli kodwa engawutholi umsebenzi njengongoti wezokudla okunomsoco.Unentshisekelo ngezolimo futhi umbono wakhe uku thola abesifazane abaningi ngokusemandleni ukuthi bangene kwezolimo, oku ngumkhakha akholelwa ukuthi ungakwazi uku thuthukisa futhi usungule nemisebenzi.“Ngisebenze iminyaka eyisishiyagalombili, ngisebenza nezikhulu ezikhulisa umkhakha wezolimo, futhi sasiza abalimi abaningi ngokubafundisa ngokuphepha kokudla, inhlanzeko kanye nokudla okunomsoco. Ezolimo bengizithanda selokhu ngaba mncane futhi angikaze ngizicabange ngenza enye into.”Ngokusebenza nge-ejensi yakhe yokuqeqesha, u-Dkt Zulu ukuchazile ukuthi wasebenza ezifundazweni eziyisithupha, esiza abesifazane kanye nabantu abasha ukuthi baqhube imisebenzi yabo yezolimo. Ukufuya izinkukhu zokuthengisaNgowezi-2017, u-Dkt Zulu wabona ukuthi ukuqeqesha kwakhe kuyize uma imiphumela ingabonakali, ngakho-ke wabe esethenga ipulazi ukuze ezosebenza ngolwazi lwakhe.Namuhla, usengumlimi wezinkukhu zenyama ezingaphezu kwezi-7 500.",zul,human,0
"Uphinde wexwayisa ngokwabelana ngamavidiyo noma izithombe zocansi kubantwana ku-inthanethi. “Sekujwayelekile nje ukwabelana ngokuthile ezinkundleni zokuxhumana. Kodwa ukwabelana ngalolu hlobo lwemifanekiso kungubufakazi bokuhlukunyezwa kwabantwana. Ukuba nale mifanekiso noma ukwabelana ngayo kuyisenzo sobugebengu,"" kwengeza u-Poto.",zul,human,0
"Imikhawulo ekuhambeni ibekiwe emazweni amaningi. EUK kanye nakunhlokodolobha yaseFrance , e-Paris , ukuzivocavoca ngaphandle kunemikhawulo yamahora athile ebangeni eli-thile ukusuka ekhaya lomuntu.Izindlela zokugcina nokugwe-ma ezifanayo nezethu zibekiwe emazweni amaningi. Isibo-nelo, ukudayiswa kotshwala ngesikhathi sokuvalwa kwezwe kunemikhawulo ethile noma ku-misiwe ezindaweni eziningi ngohulumeni bendawo, kubanda-kanya i-Mexico , i-Hong Kong kanye neGreenland , ngenyanga edlule eyabeka ukuvalwa uku-dayiswa kotshwala ngesikhathi sokuvalwa kwezwe ukunciphisa ukusuleleka kodwa futhi ‘no-kwehlisa udlame olubhekiswe kwabesifazane nezingane.’Sekube nemibono eminingi yomphakathi ngesinqumo sika-hulumeni sokwelula ukuvinje-lwa kokudayiswa kwemikhiqizo yogwayi esigabeni sesine. Isi-nqumo esifana nalesi kulindele-kile ukuthi silethe impikiswano, kodwa akukuhle ukucabanga ukuthi kunoNgqongqoshe noma uMongameli owenza noma osho noma yini afuna ukuyisho ngalo-lu daba.Mhla zingama-23 kuMbasa, ngamemezela ukuthi ukudayiswa kogwayi kuzovumeleka esigabeni sesine.",zul,human,0
Umbuzo: Ngakube kuphephile ukugoma uma ungezwani namaqanda?Impendulo: Yebo. Awu kho umgomo weCOVID-19 onephrotheni yeqanda. Umbuzo: Ngizwile ukuthi abantu abadala bashona ngo kushesha emva kokugoma. Ngakube umgomo uphephile kubantu abadala?Impendulo: Umgomo uphephile futhi usebenza kahle ekunqandeni isifo seCOVID-19 kanye nokufa.,zul,human,0
"• Produced and ready for collection: The card will be ready for collection in 21 days. However, due to the high number of cards being processed, the RTMC advises you to wait 35 days before going to collect. • Problem card: There is a problem with the production of your card. Please return to the testing centre.",zul,human,0
"Ngaso leso sikhathi, abezindaba bayibhizinisi elehlukile kunoma imuphi umphakathi ngenxa yokuthi abasebenza kulona bafezekisa indima ebaluleke kakhulu kwintando yeningi labantu. Basebenza ukugcina umpha kathi unolwazi nokugcina abaphethe emgqeni. Sidinga izintatheli eziningi, hhayi ezimbalwa. Yingakho nje ukulahlekelwa ngisho yi ntatheli eyodwa kungalahle kelwa imboni kuphela kodwa silahlekelwa njengezwe.",zul,human,0
"Ukulungiswa kwezindlela zika-N3 kuthuthukisa abantu baseNingizimu Afrika ngokudala amathuba emisebenzi nokukhuthaza ukuzimela. Inkampani yakhe igcizelela ukulingana ngokukhombisa ukuthi abesifazane banekhono elifanayo namadoda emisebenzini yobuchwepheshe. Ngokubheka isikhathi nokufinyelela emigomo yayo, le nkampani izibonakalise njengenyemu ethembekile nenesithunzi emphakathini.",zul,machine,1
"Kufanele sifake isimfonyo sobuso sendwangu esimboza ikhala nomlomo njalo lapho siphuma emakhaya ethu. Kufanele siqhubeke nokugeza izandla zethu njalonjalo ngensipho namanzi noma ngesibulali-magciwane. Kufanele siqhubeke nokuhlanza zonke izindawo ezisobala ezindaweni ezisetshenziswa abantu abaningi. Okubaluleke kakhulu, kufanele sigcine kunegebe eliphephile phakathi kwethu nabanye abantu – okungenani ibanga elingamamitha amabili – kwabanye abantu.",zul,human,0
"Phezu kwalokho, impahla enjengodizili, uphethilomu nopharafini, kanye nezihli nzekelo ezithile okubanda kanya imiqasho, ezoku thutha ngojantshi nango mgwaqo kanye nezemfu ndo, azikhokhelwa i-VAT. KuNhlolanja uhulumeni wamemezela ukuthi uzo nyusa i-VAT isuke ku-14% iye ku-15%. Uhulumeni uya zi ukuthi imindeni eswe le izosindwa kakhulu kwezezimali. Ukuze kuthulwe umthwa lo wokunyuka kwezindleko zokuphila, uNgqongqoshe Wezezimali uNhlanhla Nene waqoka ithimba elalizoqha muka nezincomo zokuthi ngeziphi ezinye izimpahla ezidingeka emakhaya okwa kumele zifakwe esigabeni sokungakhokhelwa i-VAT.",zul,human,0
"Ukukhipha isisu ngendlela ephephile nesemthethweni kumahhala kubo bonke abesifazane. Lokhu kuqinisekiswe iPhini likaNgqongqoshe Wezempilo, uDkt Sibongiseni Dhlomo, ochaza ukuthi lokhu kuyilungelo ngokomthetho. Abesifazane bangathola le nsizakalo mahhala kunoma isiphi isibhedlela noma izindawo zezempilo.",zul,machine,1
"UKatlego Makhanda odabuka endaweni yase-Moiletswane eNyakatho Ntshonalanga wazi kamhlophe ukuthi kunzima kangakanani ukuyeka ukubhema. Ngaphambi kokuyeka ukubhema eminyakeni emine eyedlule, uMakha nda (oneminyaka engama-28 ubudala) ubebhema osikilidi abangama-30 ngosuku. Waqala ukubhema ene minyaka eyi-18 ubuda la ngenxa yengcindezi a yeyithola kontanga bakhe. “Ngangingakaze neze ngaba nentshisekelo yoku bhema ugwayi – wawuyi nto engathi shu lapha kimi ngaphambi kokuba ngifike ebangeni likamatikuletsheni futhi lapho iqembu labafana engangiphila nalo lalilokhu lingigcona ngezinkulumo ezinengayo zokuthi a ngikho ezintweni ngo ba ngingabhemi.” UMakhanda esaqala waye bhema usikilidi owodwa noma ababili ngelanga, kodwa kwabe sekwengezeka lokhu ngokuhamba kwesikhathi.",zul,human,0
"Iwuhlu lwamagama alabo abatholakale benamacala ocansi abawenze ebantwa neni nakubantu abakhuba zeke ngokwengqondo. UNtombizodwa Matjila, uMabhalane we-NRSO, uthi irejista liqukethe amagama ezaphulamthetho zabesilisa kanjalo nezabesifazane. Laba ngabantu abenze ubugebengu ebantwaneni nakulabo abakhubazeke ngokwengqondo, obufana nalokhu; • Ukuya ocansini nomntwana osemncane noma kuvunyelwene; • Ukuphoqa noma ukwenza abantwana babe ngo fakazi emacaleni ocansi; • Izenzo zocansi; • Ukuxhashazwa ngoko cansi; • Ukufundisa ngokocansi; • Ukubeka obala noma ukubonisa abantwana imifanekiso yabantwa-na yocansi noma abantu abakhubazeke ngokwengqondo kanye nokusebenzi-sa abantwana noma abantu abakhubazeke ngokwengqondo ukuthatha imifanekiso yocansi. “Uma umqashi ethola ukuthi igama lomsebenzi liyavela kurejista, umqashi kumele asuse loyo msebenzi amnike esinye isikhundla esingeke simsondeze kumntwana noma kumuntu okhubazeke ngokwengqondo,” kusho uMatjila.",zul,human,0
"Ukuxilongwa ngudokotela kumele kuqinisekise lokhu,"" kusho yena. NgokweNhlangano Yesithuthwane eNingi zimu Afrika, ama-80% abantu abanesithuthwane bazokwazi ukulawula ukudlikizela kwabo ngokuphuza imithi. Izimbangela nokudlikiza Imbangela yesithuthwane kubantu abayisithupha kwabayishumi ayaziwa. Kulaba abanye abanga ma-40%, singabangelwa ukulimala ekhanda, ukulimala ngesikhathi sokubelethwa, utshwala kanye nokusebenzisa izidakamizwa, ukuguga noma ukuphazamiseka noma ukungalingani kwendlela yokwakheka komzimba noma kwamakhemikhali emzimbeni.",zul,human,0
Ukuhola uBumbano Lwamazwe ase-Afrika (i-AU) kuyinto ekusho lukhulu efuna ukubekezela okungaka. Le nkathi yaqala ngonyaka obubukhali lapho kwabikwa isigameko sokuqala ngqa segciwane le-corona ezwenikazi ngenyanga eyodwa nje yokungena esikhundleni sokuBa Sihlalo. Lokhu kwenze ukuba lokhu kuhola kube ngumthwalo osinda kakhulu eqhulwini ngenxa yezinga lezinselelo ezibhekene nohulumeni.,zul,machine,1
"Ukuqalisa i-Bed and Breakfast (B&B) kuyithuba elihle lokungena emkhakheni wezokuvakasha nokuzenzela imali. I-B&B yindawo yokulala encane lapho abahambili bathola khona igumbi lokulala kanye nesidlo sasemishweni ekuseni. Ukuze uphumelele, kudingeka uhlelo oluhle, indawo eyamukelayo, kanye nezimvume ezifanele zomthetho. Lesi sihloko sizokusiza uqonde konke okubalulekile ukuze uqale leli bhizinisi ngendlela efanele.",zul,machine,1
"Kukhona ithuba elisha elivulekile kubo bonke abafisa ukuzitholela izitifiketi zabo zika-matric. Umqondisi wohlelo, uDkt u-Sandy Malapile, ugcizelela ukuthi isitifiketi sikamatikuletsheni sibaluleke ngendlela eyisimanga ngoba ngaphandle kwaso, iminyango yamathuba eminingi ihlala ivalekile. Ngakho-ke, abantu bakhuthazwa ukuthi bangaliphuthelwa leli thuba lokuvula iminyango yempumelelo ekusaseni lwabo.",zul,machine,1
"Isizwe samaZulu siqeda ukutshala iNkosi u-Goodwill Zwelithini ka Bhekuzulu ose buse iminyaka engamashumi amahlanu. NgoMasingana, isizwe sabaPedi satshala u-Kgoshikgolo Thulare Thu lare III, owakhothama emva kwesikhathi esingaphansi konyaka egcotshiwe. Ngokukhothama kwabo, silahlekelwe ngamaqhawe okulondolozwa kwesiko lethu, kanye nabagcini bo mlando abahlonishwayo kubantu babo. Ngaso leso sikhathi, bebe dlala indima ebalulekile eku thuthukisweni kwezindawo ezisemakhaya, futhi bezini kele ekuqhubeni izinhlelo zo kuphakamisa izimo zempilo yabantu babo.",zul,human,0
"Wathi ama-70%, noma izi-2 419 zezikhungo zikahulumeni ezinakekela nge zempilo zaseNingizimu Afrika seziwafakile amaphilisi e-PrEP ohlwini lazo lezinsizakalo. “Umuntu ophuza i-PrEP aku fanelanga ukuthi awuphuze impilo yakhe yonke, banga khetha ukuyiphuza njalo uma besengcupheni yokusuleleka nge-HIV . Kodwa-ke, ukuze i-PrEP izosebenza ngempumelelo, kufanele iphuzwe nsuku zonke [ngalesi sikhathi],” kugcizelela uMabaso. Kufanele futhi isetshe nziswe kanye nezinye izindlela zokuzivikela, ezifana nejazi lowezifazane nejazi lomkhwe nyana, ngoba i-PrEP ayimu vikeli umuntu kwezinye izifo ezithathelana ngocansi futhi ayivikeli ukukhulelwa.",zul,human,0
"I-ADHD ne-ADD ziyizimo zenhliziyo nomqondo eziphazamisa ikhono lomuntu lokugxila kanye nokuzilawula. I-ADHD ihlanganisa ukungakwazi ukugxila kanye nokuba nomdlandla omningi (hyperactivity), kanti i-ADD igxile kakhulu ekuhlulekeni ukugxilisa umqondo. Kubalulekile ukuthola usizo lwezempilo kusasele isikhathi ukuze ingane ikwazi ukufunda kahle futhi igweme imiphumela emibi esikolweni nasekuphilisaneni nabanye. Ngokusebenzisa amasu olasho nokusekelwa emndenini, laba bantu bangaphumelela kakhulu empilweni yabo.",zul,machine,1
"Ukuqedwa komshado ngokomthetho kwenzeka lapho kubonakala ukuthi ayisekho nhlobo indlela efanelekile yokuvuselelwa kobudlelwane phakathi kwabashadile. Lolu hlelo luhlinzekela ngokuhlukaniswa kwempahla ehlanganyelwe noma ukuqinisekiswa kwemigomo okuvunyelwene ngayo phakathi kwombili. Ngakho-ke, lokhu kuqinisekisa ukuthi bobabili bahamba ngokomthetho, kuncishiswe ukungezwani okungaba khona ngemva kokuhlukana.",zul,machine,1
"Lokhu kuqeda amandla okusebenzisana kanye nokuqondisisa, futhi kuphazamisa umsebenzi esesiwuqalile wokwakha umphakathi ongacwasani ngokobuhlanga. Ukulungisa lezi zindawo ezimapeketwane kumele kube yingxenye yomsebenzi wethu wokwakha umnotho obandakanya wonke umuntu kanye nokuthuthukisa isimo senhlalo sabo bonke abantu baseNingizimu Afrika. Y i n g a k h o s i s e b e n z a ukwakha iminotho echumayo yasemalokishini nasezinda weni zasemakhaya, nokugxila ekukhuleni kwamabhizinisi amancane. Yingakho sitshala izimali kwingqalasizinda kulezi zindawo futhi sisebenza ukuthuthukisa ukuhlinzekwa kwezidingo-ngqangi.",zul,human,0
"Kungubugebengu futhi kuyingozi. N j e n g o b a m a n j e e z i ndaweni ezithintekayo amaphaphu esehlile, abomthetho baphenya zonke izenzo zobugebengu. Ithimba labaphenyi selijutshwe ukubhekana namacala okubulala futhi asebenza ngokubambisana nemipha kathi yasendaweni. Kukhona asebeboshiwe futhi labo aba thintekayo bazobhekana ngqo nengalo yomthetho.",zul,human,0
"I-SANDF iqhubeka nokubamba iqhaza elikhulu ekulweni neCOVID-19 ezweni lonke. Leli butho lisiza ngokuhlola umphakathi, ukuxilonga, kanye nokulandela umkhondo walabo okungenzeka ukuthi basulele kile. Ngaphezu kwalokho, amasosha ayasiza nasezibhedleleni ukuze kunikezwe usizo oludingekayo kubagulayo. Le mikhuba iholelwa uMbutho Wezempilo Wamasosha aseNingizimu Afrika.",zul,machine,1
"Wonke lo msebenzi uqiniswa ngokugxila okukhulu ku-zinguquko zomnotho ezizoba nokugxila okukhulu ekukhu-leni. Lokhu kubandakanya ukunwetshwa komthamo wesiphehlimandla sikagesi, ukwenza amachweba ethu asebenze ngokufanele futhi abe sezingeni lokuncintisana, ukuthuthukisa ukufinyelela kuzinsiza ze-inthanethi ethengekayo, nokuthuthukisa isikhathi sokuthola izimvume zamanzi, zezimayini kanye nezinye. Le mizamo ihlelwe futhi ibekwe iso ngokuhlanganyela yihhovisi lami kanye Nomgcinimafa Kazwelonke.Kuningi okusamele kwenziwe kulo nyaka esibhekene nawo. Futhi kumele singangabazi ukuthi kumele sibhekane nezinselele ezisa-bisayo.Kodwa sibonisile ukuthi, njengesizwe, siyakwazi uku-phumelela uma sisebenza ngokubambisana ukufeza injongo efanayo.Uma sikhumbula lokho, futhi uma sibeka ukubumbana kwethu ekusebenzeni, sizoqinisekisa ukuthi unyaka wezi-2021 uletha impilo engcono nezimpilo ezingcono kubobonke abantu bakithi.Nginifisela okuhle kodwa onyakeni omusha.",zul,human,0
"Le ndaba igcizelela ukubaluleka kokuvikela abesifazane nabantwana ekuhlukunyezweni nasebudlovini. Isizwe sishaywe kakhulu ukulahlekelwa izimpilo ngabesifazane abaningi, kufaka phakathi u-Uyinene Mrwetyana, u-Leighandre Jegels, no-Jesse Hess. Lezi zehlakalo zikhombisa ubuhlungu nengozi ebangelwa amadoda anesihluku emphakathini wethu. Kubalulekile ukuthi sibambisane sonke ukuze siqede lobu budlova futhi siqinisekise ukuphepha kwabo.",zul,machine,1
"Abantu abaningi abahaqwe igciwane lecorona abanazo izimpawu futhi kungenzeka bangazi nakwazi ukuthi ba sulelekile. Leli iqiniso eli hlasimulisa umzimba ngoba lokhu kusho ukuthi noma ngubani kithina kungenzeka usulelekile njengamanje futhi kungenzeka usulele abanye ngokungenhloso. Kuzoba njalo uma ku vakashelwa izihlobo, ikakhu lukazi abantu asebekhulile kanye nalabo abanezifo ezi ngamahlalakhona ezibenza babe buthakathaka ekwe sulelekeni. Futhi kuliqiniso uma kuthanyelwa izinkonzo noma imicimbi yamasiko.",zul,human,0
Isikhathi sokuqedwa kwesimo senhlekelele kuzwelonke eNingizimu Afrika sesisondele. Uhulumeni uthe inhloso yawo iwukuqedela lolu hlelo ngokushesha uma nje kuqedelwe izinyathelo ezithile ngaphansi koMthetho Wezempilo Kuzwelonke kanye neminye imithetho yokunqanda lolu bhubhane. Lokhu kuzokwenzeka ngenhloso yokunqanda ukuthi lolu bhubhane lungaphinde lubuyele emuva emiphakathini.,zul,machine,1
Umbuzo: Uma ngike ngangazwana nomuthi wo kwelapha ngaphambilini noma umgomo ngakube kumele ukuthi ngigome?Impendulo: Noma ngu bani onomlando wokunga zwani nanoma yimuphi umgomo noma imithi yokwelapha kumele bakhu lume nabanakekeli babo bezempilo. Umbuzo: Ngakube kuyi ngozi kangakanani ukunga zwani nomgomo?Impendulo: Ukungazwa ni nomgomo okunzima akujwayelekile. Ukunga zwani nomgomo kuvame ukwenzeka imizuzwana noma imizuzu nje ngemuva kokugoma. Yingakho nje kubalulekile ukuthi abantu balinde imizuzu eyi-15 enda weni yokuqashwa kwesimo ngemuva kokugoma.,zul,human,0
"Imithombo yabezindaba enamandla isibaluleke kakhulu kunakuqala kulezi zinsuku. Sesihambe ibanga elide sisuka ezinsukwini lapho imibhikisho yomphakathi yayidonsa imiyalelo yokumiswa kokubika, kanti nokubika okubucayi kwakubeka izintatheli engcupheni yokuboshwa noma ukuvalwa kwezinkampani zazo. Lokhu kugcizelela ukuthi ukukhululeka kwezindaba kuyisisekelo esibalulekile ekutholeni iqiniso nokugcina inkululeko emphakathini.",zul,machine,1
"Kunezinye izakhamzimba noma ubani angazisebenzisa ukuze ahlale engumqemane,” kusho yena.Kubalulekile futhi ukuthi uphumule ngokwanele kanye nokuphuza amanzi anele noma yiluphi uketshezi olu-hlanzekile ukuqinisekisa ukuthi umchamo wakho uhlala umhlophe ngokufanelekile. Abantu abaningi abanokugula okuncane bayaye bazithole beqala ukuzizwa kangconywana emva kweviki lezi zimpawu zokuqala, kodwa kubalulekile ukuthi uqaphelisise izimpawu zakho. Uma ngabe kuba khona nanoma yiziphi izinkomba ezingaba isexwayiso esiphuthumayo, njengezinkinga zokuphefumula, ubuhlungu esifubeni noma ingcindezi esifubeni sakho engedluli, ukukhwehlela igazi, ukuhlala kunqwabelene imicabango, ukuhlala wozela noma ukuba nezindebe noma ubuso obuluhlaza okwesibhakabhaka kumele ubize imoto yeziguli noma uziyele wena esibhedlela ngokuphuthuma. Izikhungo zokugonqaIzikhungo zokugonqaLabo abangakwazi ukuziqheli sa kwabanye uma behleli ekhaya, uhulumeni wenze izikhungo zokugonqa ezweni jikelele ukugcina wena kanye nabathandiweyo bakho niphephile.UHulumeni waseNtshona-langa Kapa usanda kushicilela ukuphawula okuqhamuka ezigulini mayelana nezikhu-ngo zazo zokuhlala ngawe-dwana.U-Marie Jantjies oqhamuka e-Witzenberg uye waqoka ukulandela iseluleko sabasebenzi bezempilo futhi waya esikhungweni sokuhlala ngawedwana ngoba umama wakhe oneminyaka engama-97 ubudala ebehlala naye nezingane zakhe futhi ubefuna ukubavikela.",zul,human,0
"Ukuthengiselwa komgudu kawoyela we-BP Southern Africa e-East London inkampanini ye-Wasaa kuwuphawu olucacile lokuthuthuka komnotho wabansundu. Lolu hlobo lwezinkambiso lukhombisa ukuthi ukunikeza amabhizinisi amadala ezandleni zabansundu kuyisisekelo sokukhula komnotho wezwe. Ngokuthatha yonke impahla nezabelo zalolu mgudu, i-Wasaa izovula amathuba amasha okuqashisa nokuthuthukisa indawo, okugcizelela ukuthi ukuthuthukiswa komnotho wabansundu kuyimpoqo ekukhuleni komnotho wezwe lonke.",zul,machine,1
"I-Kevali Chemicals iyinkampani yokuqala yabantu abamnyama eFreyistata ekhiqiza amakhemikhali ehlukahlukene. Le nkampani ikhiqiza imikhiqizo efaka phakathi okulanza abantwana, izinto zokuhlanza izindlu kanye neglu yokunamathisela. Ngokwenza lokhu, i-Kevali Chemicals idala amathuba amaningi emisebenzi, okuletha intuthuko nokuphakama kwezomnotho emphakathini waseFreyistata.",zul,machine,1
"Uhlelo Loxhaso Lwezemisebenzi LukaMongameli lusungulwe ngonyaka odlule ngenhloso yokwakha amathuba omsebenzi amaningi ngesikhathi esifishane. Lolu hlelo lusebenzisa izindlela ezintsha namasu aqhuba ukuthuthukiswa komsebenzi ezweni. Inhloso enkulu wukusiza abantu abangasebenzi ukuze bathole imisebenzi eyizinkulungwane. Ngale ndlela, lolu hlelo luqhuba ekudalweni kwamathuba omsebenzi azinzileyo kubantu bakithi.",zul,machine,1
"Isomiso siyisikhathi eside lapho izimvula zingani, okubangela ukushoda kwamanzi okungahlasela imvelo nomphakathi. UDkt Mathieu Roualt waseNyuvesi yaseKapa ugcizelela ukubaluleka kokucwaninga izimo zolwandle nezulwini ukuze kuqondwe kangcono lokhu kuhlukumeza. Ukuze kulwisane nalesi simo, kubalulekile ukusebenzisa amanzi ngendlela eqotho nokulanda izindlela ezintsha zokugcina amanzi. Ukubambisana kwethu nokulandela izeluleko zezingcweti kungasiza ekunciphiseni imithelela emibi yesomiso.",zul,machine,1
Balinganiselwa ezigidini ezingama-25 abantu abahla la ezindaweni zasemakhaya ababuswa ngabaholi benda buko. Ingabe bewazi? • Isizwe saBalobedu sathinteka lapho ngonyaka we-1972 owayeyiNdlovukazi Yemvula ngaleso sikhathi iNdlovukazi Makoma Modjadji ephucwa amandla akhe nesikhundla wehliselwa ekubeni yinduna nje. • Izigodi nezinduna ngaphansi kokubusa kwakhe zadidiyelwa zafakwa ezindaweni zaseLebowa naseGazankulu nokwaholela ekutheni kubhidlizwe amasiko anothile omlando wendlovukazi osukela eminyakeni engama-400 edlule.,zul,human,0
"Inkantolo ekhethekile isikhombisile ukuthi ubugebengu abubuyiseli, ikakhulukazi kulabo abenze ubuqophololo ngokwebela umbuso. Lokhu kuqinisekisa ukuthi ingalo yomthetho iyinde futhi ayikaze ikhohlwe, noma ngabe laba abaziphambele bebengakholelwa ukuthi baphumelele. Kuyisixwayiso esicacile ukuthi wonke umuntu ozama ukudla imali yombuso uzogcina ebhekana nemiphumela enzima.",zul,machine,1
"Ngakho-ke okuseqhulwini kithi kulesi sabelomali uku buyisela umnotho endleleni yokukhula, siqinise uku chitha imali kukahulumeni nokuzinzisa izikweletu zethu. Isabelomali siyingxenye ebalulekile empokophelweni yethu yokukhula okubanda kanya wonke umuntu, utsha lomali kanye nombuso one khono. Sesithathe isinqumo soku ngaqhubeki nokunciphisa isabelomali sikahulumeni ngokukhuphula intela. Ukwe nza kanjalo bekuzoqeda kakhulu ukusetshenziswa kwemali ezinsizakalweni zomphakathi abantu aba mpofu abathembele kukho.",zul,human,0
"Kucace bha ukuthi usemuningi umsebenzi okumele wenziwe ukubhekana nezinselele amabhizinisi abamnyama abhekana nazo. Lokhu kubandakanya ubunzima ekufinyeleleni emalini yokuqala ibhizinisi kanye nokulikhulisa kanye nekhono lama-SMME ukuthola imakethe yemikhiqizo yawo. Amabhizinisi aphethwe ngabesifazane abamnyama, ikakhulukazi, abhekana nobunzima ekuthatheni ithuba lokuthengiselana ngempahla enkulu. Ukunqamula ukhondolo lokungathuthuki ngokusebenzisa ukuthuthukiswa komnotho wabamnyama akukona nje ukulunga okuyimpoqo; kodwa kulungele nebhizinisi.",zul,human,0
"Sisebenza ngokuzimisela ekwakheni isisekelo esiqinile sotshalomali ukuze kuqinisekiswe ukuthuthuka komnotho wendawo. Lolu hlelo luqale ngokubanjwa kweNgqungquthela Yotshalomali yokuqala ngoFebhruwari 2018, eyayiyingxenye yomkhankaso omkhulu wokukhanga izimali. Inhloso yalo mkhankaso kwakuwukukhipha isigidigidi esi-R1.2 sotshalomali olusha phakathi kweminyaka emihla nu. Lokhu kuzovula amathuba amaningi emisebenzi futhi kuqinise isimo sezimali somphakathi.",zul,machine,1
"Imithombo yezindaba enamandla namuhla ibaluleke kakhulu kunakuqala ekugcineni iqiniso livulekile. Sesihambe ibanga elide kakhulu sisuka ezinsukwini lapho imibhikisho yomphakathi yayiholela ekumisenweni kwezindaba, nokubika okubucayi kwakubeka intatheli engcupheni yokuboshwa noma ukuvalwa kwezinkampani zabo. Ngakho-ke, ukukhulisa amandla ezindaba kuyisihlangu sethu sokulwa nokucindezela, kuqinisekiswe ukuthi inkululeko yobuhandle bezindaba ihlala ivikelekile.",zul,machine,1
"I-Commission for Gender Equality (CGE) inikeza amathuba okufinyelela kwezobulungiswa kubantu abaningi. Isiza ngezindaba ezifana nemali yesondlo somntwana, ukuhlukunyezwa ngokocansi, ukubandlululwa ngokobulili, kanye nodlame olusekelwe ngokobulili (GBV). Le nhlangano inikezela ngokwelulekwa kwezomthetho kanye nezinzuzo ezithile ezisiza izisulu ukuze zithole ubulungiswa bamalungelo azo.",zul,machine,1
"Yilapho-ke nganquma ukuyeka uku bhema ugwayi unomphela. ”UDkt Midah Maluleke wase Mpumalanga uthi ukubhema ugwayi kunobungozi cishe kuzo zonke izitho zomzimba. “Izifo ezifana nomdlavu za, isifo senhliziyo, isifo sohlangothi, isifo sama phaphu, isifo sikashukela kanye nesifo samaphaphu avalekile esiyimbelesela kungabangelwa ukubhema. “Ucwaningo lukhomba uku thi babalelwa kumaphesenti angama-30 kuya kwangama-40 abantu ababhemayo abangahle bahlaselwe yinhlobo yesibili yesifo sikashuke la ukunalabo abangabhemi.",zul,human,0
"Lokhu kubaluleke kakhulu esikhathini lapho izimali zikahulumeni zingekho.Uhlelo LukaMongameli Lokusungula Imisebenzi ngesinye sezibonelo sokuse-benzisana osekuqalile. Ukuqonda ukuthi kuzothatha isikhathi ukuthi ukukhula komnotho kuchazwe njengokusungulwa kwemisebenzi emkhakheni ozimele, sethule uhlelo lokusungula imi-sebenzi ukuze siqale sakhe amathuba emisebenzi manje. Lolu hlelo luhlelwe eHho-visi likaMongameli, kodwa luqaliswa ukusebenza iminyango kahulumeni eyehlukene nemikhakha eyehluke-ne. Ngalolu hlelo, amashumi ezinkulungwane zabantu abangasebenzi bayakwazi ukuthola imali nokufunda njengoba behlinzeka ngemi-sebenzi ebalulekile yompha-kathi.Ngokuhamba kwesikhathi, lolu hlelo luzobandakanya ingxenye 'yemisebenzi yomphakathi', lapho sizosebenza ngokubambisana nabanye abasebenzi bomphakathi ukuthi baqashe abantu emi-sebenzini eyehlukene ku-suka ekuqinisekiseni ukuthi ukudla kuyatholakala, kuya ekulweni nodlame olubhe-kiswe kwabobulili obuthile kuya ekwenzeni ngcono imijondolo konke lokhu kunegalelo ekwenzeni into eyodwa enhle.",zul,human,0
"Ngokufanayo, ukuhluleka kwelu-ngu le-SAPS ukulandela isibopho ngaphansi koMthetho kuzothathwa njengokuphula umthetho futhi kumele libikwe kuMabhalane Wophiko Lwamaphoyisa.Umthetho ungumvikeli wokuqala womphakathi, kodwa ikakhulukazi labo ababuthakathaka. Uma senza ngokukhuthala nangokulunga, lokho ikona okuqinisekisa amandla obulungiswa. Abesifazane baseNingizimu Afrika sebekhathele izinyathelo ezingayi ndawo ezingaxazululi ngisho nelu ngelo elibaluleke kakhulu kunawo wonke ukuphila ngokukhululeka ngaphandle kokwesaba. Lo hulumeni nabambisene nabo bazobenzela kahle abesifazane baseNingizimu Afrika.",zul,human,0
"Inani lezintuba ezingama-35 namachweba amabili azovalwa, kanjalo nezikole kusuka mhla ziyi-18 kuNdasa kuze kube ngemva kwempelasonto yePhasika. Maduze nje sizomemezela ngezinhlelo mayela-na namakolishi namanyuvesi. Ngenyanga ezayo kuzoba kuyiPhasika, isikhathi esingcwele sezinkolo eziningi kanye nesikhathi lapho kuba nezinkonzo zezinkumbi nemibuthano. Izinkolo zomphakathi kumele zithathe izinqumo ngalokhu ngokubhekela impilo yamalungu amabandla abo kanye nezwe lilonke.",zul,human,0
"Umdlavuza ezinganeni uyenyuka emhlabeni jikelele, okwenza kube kubaluleke kakhulu ukuthi abazali nabagadi bazi izimpawu zalo. Ukubona lezi zimpawu kusasele isikhathi kusiza ekutheni ingane ithole usizo lwezokwelapha ngokushesha. Lokhu kwenza ukuthi ukwelashwa kube nempumelelo enkulu, okwandisa amathuba okuthi ingane iphile. Kubalulekile ukubhekisisa impilo yengane nokuvakashela udokotela ngaleso sikhathi lapho kukhona okungajwayelekile.",zul,machine,1
"Ngesikhathi salolu bhubhane uGanuganu kudingeke ukuthi afunde ukusebenza ngaphansi kwengcindezi. “Izinqumo kufanele zitha thwe ngokushesha futhi kume le ucabange ngaphandle koku thatha isikhathi eside. Ngaphinde ngafunda ukuthi kuxhunyanwa kanjani neziguli,” engeza. UGanuganu wakuthola ku nzima kakhulu ukuthi aye emsebenzini ngesikhathi sehla ndla lesibili.",zul,human,0
"UMdletshe ungumshayeli wezikebhe ovela eSayidi, lapho efunde khona eSikoleni sase-St Faiths. Ukhumbula ngokujabula isikhathi sakhe sokukhulela kuleyo ndawo ekhethekile. Namuhla, uzinikele kakhulu emsebenzini wakhe, okwenza kuthiwa ushisa izikhotha. Lokhu kukhombisa ukuthi ukuzikhandla kwakhe kunikeze imiphumela emihle empilweni yakhe.",zul,machine,1
"Ukushisa kwasehlobo kwandisa ubungozi bokuphelelwa ngamanzi emzimbeni. UMnyango Wezempilo waseNtshonalanga Kapa uyaxwayisa ngokuthi lokhu kungaba nobungozi empilweni yomuntu. Ngakho-ke, kubalulekile ukuphuza amanzi ngokwanele ukuze uvikele impilo yakho futhi ugcine umzimba wakho usebenza kahle.",zul,machine,1
"Umama onesifo esiyimbelesela ulwise impi futhi wanqoba ugciwane lwe-COVID-19. Nakuba izifo eziyimbelesela njengesifo sikashukela nomfutho wegazi ophakeme kwenza umzimba ube buthaka, ukuthola usizo lwezempilo ngokushesha kuyasiza kakhulu. Ngokulandela imiyalelo yodokotela nokunakekela impilo yakhe, ukwazi ukululama ngokuphelele. Lokhu kusifundisa ukuthi ithemba nokuthola usizo lwezokwelapha kuyisihluthulelo sokunqoba lo gciwane, noma ngabe uneso sifo esiyimbelesela.",zul,machine,1
"Izinkulungwane zeziguli zibhekana nezifo ezihlobene negazi minyaka yonke, okwenza kube kubalulekile ukuba sinikele ngegazi. Ukunikela ngegazi kuyisenzo somusa esingasiza ekusindiseni impilo yomuntu osidingayo. Siyakhuthaza wonke umuntu okwazi ukunikezela ukuba avakashele izindawo zokunikela ngegazi ukuze sisize laba abagulayo. Ngokwenza lokhu, siba nengxenye ekunikezeni ithemba nokuqinisekisa ukuthi iziguli zithola usizo oludingekayo.",zul,machine,1
"Siyayikhumbula le nkathi ebuhlungu, kodwa kufanele lolu daba lusisebenzele njengesixwayiso sokuthi izingane zethu zidinga ukuvikelwa okungaphezulu. Kubalulekile ukuba sonke, njengomphakathi, sibambisane ukuqinisekisa ukuthi akusekho omunye umntwana ozohlupheka noma ashone ngenxa yokunganakiwa. Ngale ndlela, sizokwazi ukwakha isizwe esinakekela izingane ngokweqiniso, lapho zonke izibophezelo zabazali nabagadi zifezwa ngokuphelele ukuze kuvikelwe ikusasa lethu.",zul,machine,1
"INingizimu Afrika ihamba phambili empi yomhlaba wonke yokulwa nesifo sofuba, kodwa impumelelo yalo mzamo incike kakhulu ekwesekweni kweziguli. Ukunikeza iziguli usizo olufanele kuqinisekisa ukuthi ziqedela imithi yazo, okuyinto ebalulekile ekunciphiseni ukubaluleka kwalolu sifo emphakathini. Lo mzamo useqinisekiswa usizo oluvela e-USAID, olugxile ekuthuthukiseni izindlela zokunakekela abagulayo ukuze kufike isisombululo esigcwele.",zul,machine,1
"Kuyinto engephikiswe ukuthi intsha ingumgogodla wendlela-kucabanga kanye nohlaka oluyisisekelo lwezwe lethu. Ngokuphambene kakhulu nendlela-kubuka ethi abantu abasha bathatha phansi izinto, kukhombiseka ukuthi balethe amasu amasha okuthuthukisa umphakathi. Le ntsha idlala indima ebalulekile ekusizeni izwe ukuba lihambe phambili ngokusebenzisa ulwazi lwezobuchwepheshe nemibono emisha. Ngakho-ke, abantu abasha bayingo muso nethemba lekusasa lezwe lethu.",zul,machine,1
"Sekuvuliwe ukufaka izicelo ze-NSFAS zangowezi ka-2023, kanti kukhona nezinguquko ezithile ezenziwe ukuze inqubo ibe lula kubafundi. Uhulumeni usebenzise amasu amasha nokuphucula indlela yokufaka izicelo ngenhloso yokusiza abafakizicelo ukuthi bangabambezeleki. UMkhankasiso wenza njalo ukuqinisekisa ukuthi izicelo zihamba ngendlela esheshayo nenhle.",zul,machine,1
Leli wempelasonto yokugcina lapho izakhamuzi zingabhalisela khona ukuze zivote. UMnu. Mashinini uqinisekisile ukuthi zonke izikhungo zokuvota eziyizi-22 932 zizovula kusukela ngo-08h00 kuya ngo-17h00. Lokhu kwenzelwe ukuvumela abaqala ukubhalisa ukuba bathole ithuba lokubhalisa ngaphambi kokuba kuvalwe iminyango.,zul,machine,1
"Phakathi kukaNtulikazi noMandulo kowezi-2021, kubonakale ukuthi abantu abayizi-9 556, iningi labo kwakungabesifazane, badlwengulwa. Lesi sibalo sikhombisa ukunyuka okukhathazayo kwama-7% xaqhutshelwa ngombiko owedlule, okugcizelela isimo esibucayi esibhekana nabo abesifazane. Kumele kuqondwe ukuthi akukho sizathu sinikeza omuntu ilungelo lokuhlasela noma ukubulala isithunzi somunye. Sekuyisikhathi sokuba sime sonke silwe nalolu dlame, ngoba akukho sizathu sokuba kube ne-GBV emphakathini wethu.",zul,machine,1
"Ukuqoqwa kwentela kubaluleke kakhulu ekusekeleni ukuvuselelwa nokukhula komnotho wezwe. Lokhu kubonakale ngokwenza ngcono ngama-25% onyakeni owedlule, kanye nokunyuka ngama-15% onyakeni ngaphambi kobhubhane lwe-COVID-19. Le mali eqoqwa yi-SARS isiza ekuhlinzekweni kwezinsiza zomphakathi nokwakhiweni kwemisebenzi entsha. Ngakho-ke, ukukhokha intela ngendlela efanele kuqinisekisa ukuthi umnotho uyaqhubeka nokukhula.",zul,machine,1
"UMkhize, ongowokudabuka e-Richards Bay, wathweswa iziqu zakhe Zesitifiketi Sikazwelonke Sokwakhiwa Kwengqalasizinda Kagesi (Somsebenzi Wezandla) ngowezi-2017. Ngaphezu kokufunda kwangaphakathi esikoleni, futhi kwakudingeka ukuthi aqedele ukuqeqeshwa kwasemsebenzini futhi aphumelele ukuhlolwa ngokwamakhono omsebenzi. Ngasekuqaleni kwezifundo zakhe, uMkhize waba nethuba eliyingqayizivele lokusebenzisa ikhono alifundelayo emsebenzini wangempela, ukuqinise kisa ukuthi uyawathemba amakhono ayisisekelo ayewathuthukisa. “Njengomfundi osenza unyaka wokuqala, bese ngivele ngisiza ngezinkinga zikagesi endaweni yangakithi.",zul,human,0
"Kuthweswe iziqu abahlengikazi bezilwane bokuqala baseNingizimu Afrika. UMnu. Mthimkhulu usanda kuthweswa iziqu ze-Bachelor of Veterinary Nursing eNyuvesi yasePitoli (UP), okuyisona kuphela isikhungo esiqeqesha lolu hlobo lokwelashwa kwezilwane ezweni lonke. Uveze injabulo yakhe uMthimkhulu ethi, ""Angikakholwa namanje.""",zul,machine,1
"Kukhuthazwa imiphakathi ukuba isize ekunqandeni ukuzibulala kwabantu ukuze kusindiswe izimpilo eziningi. Ngokwezibalo zakamuva zeNhlangano Yezempilo Emhlabeni (i-WHO), kubonakale ukuthi bangaphezu kwezi-700 000 abantu abashona ngokuzibulala unyaka nonyaka. Lokhu kusho ukuthi kukhona owodwa oshona ngokuzibulala kwabantu iyikhulu. Ngakho-ke, kubalulekile ukunikeza ukwesekwa nokunakekela abo ababhekana nezinkinga zengqondo ukuze kuncishiswe lezi zibalo.",zul,machine,1
"U-Wayne Mansfield, omdala iminyaka engama-33 wasePaarl, owake wasebenza njengomdayisi kamalume wakhe eMakethe, uyisibonelo esikhulu sokuthi ukulima kungashintsha impilo. Ngokusekelwa nguHlelo Lokwesekwa Nokuthuthukiswa Kwabalimi, uMansfield ukwazile ukuqala uhambo lwakhe olusha lwezokulima olumlethe empumelelweni. Indaba yakhe iqinisekisa ukuthi ngisho noma impilo ikujikijela ngolamula, ukutshala kuyindlela ephumelelayo yokuziphilisa nokunqoba izinselelo. Lolu hlelo luqhubeka nokunika intsha amandla okuzimela ngokusebenza emhlabathini.",zul,machine,1
"Wake wasebenza esuphamakethe yendawo isikhashana, kodwa umse-benzi wokuba yisicishamlilo wamkhanga. “Ngabona izicishamlilo zidlubhe umfaniswano wazo, zihamba ngamaloli akhona abomvu namakhulukazi. Ngaleso sikhathi ngaqala ukuba nentshisekelo futhi ngafuna ukwazi kabanzi ngalo mse-benzi,” kusho u-Arendse. U-Arendse wayengomunye wababephothule izifundo zabo esikhungweni sikahulu-meni waseNtshonalanga Kapa sohlelo lokuthuthukisa intsha, i-Chrysalis Academy ngowe-zi-2016.",zul,human,0
"Sekuvuliwe ngokusemthethweni ukufakwa kwezicelo ze-NSFAS zonyaka we-2023. Kukhona umkhankaso omusha ohloso yawo wukuthuthukisa indlela nenqubo yokufaka izicelo ukuze ibe lula kakhulu kubafakizicelo. UNgqongqoshe uNzimande uthi kulo nyaka, i-NSFAS isiqale izinhlelo ezintsha ezizokwenza inqubo ihambe kahle futhi ibe lula kakhulu.",zul,machine,1
"Ukuze kuvikelwe ukukhula nokuthuthuka kwabesifazane abasebancane, kubaluleke kakhulu ukuba banikwe imfundo efanele mayelana nezempilo kocansi. Nakuba kukhona ababona ukuthi ukuzilwa kocansi kuyindlela esedlulile, kuyisinqumo esivikela ikusasa labo ngokuvimbela ukukhulelwa kwesikhathi esincane. Kubalulekile ukuthi abazali nomphakathi babambe iqhaza ekusekeleni lezi zintombi ukuze kugwazwe konke okungaba ngumshweshwe ekufikeleleni emaphusheni abo nemfundweni.",zul,machine,1
"Ngesikhathi u-Beverly eyothenga amaqanda esitolo, akazange azi ukuthi lokhu kuzoba ukuqala kohambo lwakhe lwebhizinisi eliphumelele. Ukufuya izinkukhu akukona nje ukunikeza ukudla, kodwa kuyisenzo esinekhono esidinga ukuzinikela nolwazi olunzulu kubalimi basekhaya. Le ndlela yokuziphilisa ivulela abaningi amathuba okukhulisa imindeni yabo ngokusebenzisa izinsiza ezitholakala emakhaya.",zul,machine,1
"USithibe manje usephila impilo ejulile nenenjabulo, ebonakala eqhakaza kakhulu ngebala lakhe elimhlophe. Naphezu kokuthi kwakukhona ukungaqondi ukuthi ungubani, ukhombise ukuthi ungumuntu njengabo bonke abantu ngokuzihlanganisa emikhakheni eminingi. Lokhu kukhombisa ukuthi ubuntu abubheki ukubukeka kodwa bubheka indlela omphatha ngayo omunye. Impilo yakhe namuhla iyisibonelo sokunqoba nokwamukeleka emphakathini.",zul,machine,1
"Ukudla okutholakala esikoleni kubanikeza umdlandla wokufunda, bakwazi ukugxilisa umqondo kanye nokuzibandakanya eklasini.” Ukubhaliswa esikoleni kanye nokuya esikoleni kwabafundi kuthuthukile ngenxa yohlelo lokuhlinzekwa kwezingane ngokudla. Kamuva nje, iKhabhinethi igunyaze ukushicilelwa koMbiko Wokuhlola i-NSNP odidiyewe uMnyango Wezokuhlela, Ukuqapha kanye Nokuhlola (i-DPME). Lo mbiko ubonakalisa impumelelo kanye nezinyathelo ezithathiwe ukuze kuthuthukiswe lolu hlelo. UMqondisi Wezokuhlola ku-DPME, uJabu Mathe, uthe inhlosongqangi yokuhlola wukuhlola ukuthi ingabe i-NSNP iqaliswa ngendlela engaholela emphumeleni omuhle ozohlomulisa abafundi maqondana nezempilo kanye nezemfundo.",zul,human,0
"Kuyinkambiso entsha nezimangalisayo ukubona abahlengikazi bezilwane bokuqala baseNingizimu Afrika bethweswa iziqu eNyuvesi yasePitoli (UP). UMthimkhulu usanda kuthweswa iziqu ze-Bachelor of Veterinary Nursing kule nyuvesi, okuyisona kuphela isikhungo esiqeqeshela ukwelashwa kwezilwane eNingizimu Afrika. Ngenkathi egubha lolu phumelelo olungavamile, utshe wathi: “Angikakholwa namanje.”",zul,machine,1
"Ngalesi sikhathi sasebusika, ubungozi bokusha buyanda kakhulu emakhaya. Kubalulekile ukuthi abazali nabanakekeli baqaphele kakhulu izinto ezishisayo ukuze kuvikelwe ukulimala. Qiniseka ukuthi izingane zihlala kude nomlilo nanoma yiziphi izinto ezingashisa. Ngokukhetha indlela ephephile yokufudumeza, singavikela imindeni yethu ekusheni okungashayiwe.",zul,machine,1
"Njengengxenye yohlelo lwethu Lokwakha Kabusha kanye Nokuvuselelwa Komno tho, sizoqhubeka sisebenze ngokuzikhandla ukuze si nwebe utshalomali olubheke lele ingqalasizinda kanye ne nguquko kwezokuxhumana kwezimboni zethu. Uma ngabe ukuvakashela eThekwini bekungaba ne nto obekungayishiya emqo ndweni wami, bekungaba ukuthi abantu baseNingizimu Afrika banekhono lokuphu melela kwimisebenzi emini ngi ebalulekile futhi emikhu lu. Izifiso zethu kumele zili ngane nezinselele zethu. Ngenqubekela-phambili esi yenze Echwebeni laseThekwi ni, futhi ngamakhono avuse lelekile esinawo kwaTransnet , man je sesinamandla anele ukuthi siqhubekele phambili.",zul,human,0
"UMnyango Wemfundo EyiSisekelo (DBE) usethule ngokusemthethweni uhlelo lweWoza Matrics ukuze lusize abafundi baka-Matric ababhekane nezinselelo ngenxa ye-COVID-19. Lolu hlelo lwenzelwe ukunikeza abafundi ukusekelwa okwengeziwe kanye nezinsiza zokufunda ukuze baphumelele ezivivinyweni zabo zokugcina. Inhloso yalo ukugcwalisa izikhala zolwazi ezishiywe wukuvalwa kwezikolo ngenxa yesifo segciwane. Ngale ndlela, abafundi bayakwazi ukuthola ukusekelwa okufanele ukuze bafinyelele emaphusheni abo emfundo.",zul,machine,1
"Njengoba idolobha ligxile emizamweni yokulwisana nosuku lokuntuleka kwamanzi, lithe lidinga ukulungiselela isimo lapho lizokwazi ukulawula uhlelo lwedolobha lokuthunyelwa kwamanzi ukuze kuze kufike ubusika. “Sizokuvala ukuthunyelwa kwamanzi kompompi uma amadamu ethu efika ezingeni elingu-13.5%. Uma izinga lamadamu lifika ku-13.5%, bazoqala ukuvala amapayipi athumela amanzi, ngaphandle kwezindawo zezamabhizinisi ezisemqoka kanye nezikhungo, ezifana nezibhedlela,” ngokulandisa kwedo-lobha esitatimendeni salo. Uma sekufika lesi sikhathi, izakhamuzi zizokwazi ukuthola amanzi ezizindeni eziphakela ngamanzi edolobheni lonkana.",zul,human,0
"Nakuba emaningi amanxusa amanzi azimisele asebenzayo ukusiza ukunqanda usuku lokuntuleka kwamanzi, idolobha licele izakhamuzi ukuba zidlale indima yazo ekongeni amanzi. “Sifuna bonke abasebenzisa amanzi bajoyine imizamo ye-Dolobha laseKapa,” ngokusho kwePhini likaSodolobha waseKapa u-Ian Neilson. Amasu okonga amanzi • Vala umpompi uma uxubha, ushefa noma ugcoba insipho ezandleni • Ngena eshaweni isikhashana futhi usebenzise amanzi amancane uma ugeza • Gwema ukusebenzisa amanzi athengwayo. Imoto • Washa imoto yakho ngebhakede nesiphontshi kuphela.",zul,human,0
Uhulumeni uthathe igxathu elivelele nelifinyelela kude ekuvuseleleni umnotho osebenzayo. Lokhu kwenziwa ngokutshala izimali zikahulumeni ukuze abe ngumsunguli nomhlinzeki wemisebe nzi yokuthuthuka. Lolu hlelo luyingxenye yomzamo kaMongameli wokusingula imisebenzi eminingi ezweni.,zul,machine,1
"Siyazi ukuthi ukutholakala kwama-PPE abasebenzi basemkhakheni wezempilo akusiyo kuphela inselele abasebenzi ababhekene nayo. Ezweni lonke imitholampilo nezi-bhedlela zibhekene nokushoda kwabasebenzi. Le nkinga siya-yilungisa. Ukweseka umsebenzi owe-nziwa ngabasebenzi bethu abahamba phambili kule mpi ezweni lonke, sithume oNgqongqoshe namaPhini oNgqongqoshe esifundeni ngasinye ezweni ukuze baye kobona izingqinamba zakulezi zifunda nokusebenzisana nezikhulu zezempilo zasezifundazweni.",zul,human,0
"UDkt Nhlakanipho Gumede, onguMphathi Womtho lampilo esibhedlela se-Harry Gwala Regional Hospital eMgu ngundlovu, unikela ulwazi olubalulekile mayelana nesithuthwane. Ugcizelela ukuthi isithuthwane akukona ukungasebenzi kwengqondo, isifo, noma isimo esidinga ukwelashwa ngokwemithi yesibhedlela. Lokhu kusiza kakhulu ekubutheliseni umphakathi ukuze kugwemeke ukungaqondi kahle nokwesaba ngokungadingeki ngalesi simo.",zul,machine,1
"Kodwa manje, ukudlondlobala kwesibalo sabantu abanegci-wane esasitshelwe ngako yizazi zezempilo, sekuphezu kwethu. Abantu baseNingizimu Afrika abangaphezu kwekota lesigidi sebetheleleke ngegciwane le-co-rona, futhi siyazi ukuthi baningi abanye abatheleleke ngalo leli gciwane kodwa abangabonakali. Njengamanje njalo ngosuku sithola abantu abangaphezu kwezi-12,000 abanaleli gciwane.Kusukela ekuqaleni kwalo mbhedukazwe ngoNdasa, okungenani abantu abayizi-4,079 sebebulewe yigciwane leCOVID-19. Njengoba izingxenye ezithile zezwe lethu zihlaselwe isimo se-zulu esiletha amakhaza ashubisa umnkantsha eqhamuka ngasoLwandle lwe-Antilathikhi kulesi sikhathi sonyaka, kunezinye izingxenye ezimbalwa zezwe ezingeke zichaphazelwe yileli gciwane le-corona.",zul,human,0
"• Umfaki-sicelo kumele anike umuntu wesithathu imvume yokuba abheke imininingwane yakhe kanti uma benga vumelani ngalokhu, ngeke bavunyelwe ukuba baqhubeke nokufaka isicelo. • Ngenxa yesizathu sobhubhane lwegci wane lecorona, abafaki-zicelo ngeke kudingeke ukuba bathumele noma bafake incwadi yemvume. Ukunalokho, bazocelwa ukuba bamukele imigomo ne mibandela kwifomu lemvume ngezobu chwepheshe, okuhambisana nemigomo nemibandela yoxhasomali. • Abafundi kusafanele bathumele amaphepha aseka izicelo zabo (umazisi womfundi, incwadi engubufakazi bema lingeniso kamzali/ umnakekeli womfundi, umazisi kamzali/ umnakekeli womfundi, nefomu A labafaki-zicelo abakhubaze kile.",zul,human,0
"Ngaleso sizathu, sihlala njalo sikhohlwa ukuthi sibuya kuphi ekusebenzi seni izimiso eziyisisekelo soMthethosisekelo wethu futhi ezenanela imica bango nezimfundiso zika-Steve Biko. Ngowe-1977, umbuso ongenanhliziyo wabulala omunye wabaholi bezwe owayenekusasa ngokumncisha ukudla, amanzi kanye namakhambi okwelapha ayewadinga ngokuphuthuma ngenxa yokushaywa ngesihluku ngamaphoyisa obandlu lulo. Emva kweminyaka engamashumi amabili, kwisahlulelo senkantolo sangowe-1997, iNkantolo Yomthethosisekelo yathi ukuphelelisa ama lungelo ayisisekelo azo zonke izakhamuzi kanye nokusebenzela ukuzuza amalungelo abo ezenhlalo-mnotho kunguphawu lompha kathi wentando yeningi labantu ohlose ukubuyisa isithunzi esalahleka. Namuhla eNingizimu Afrika, siyaqhubeka nokusebenza ukuphelelisa amalungelo ayisisekelo awowonke umuntu waseNingizimu Afrika ukuze bezophila impilo esezingeni engenazo izifo, indlala kanye nokuswela.",zul,human,0
"Ukudla kwesintu kwesiZulu sekubeke isikhumbuzo esikhulu eKapa, lapho indawo yokudlela entsha ibonisa ubuciko bokupheka kwesiZulu. Umnikazi walolu hlelo uchaza ukuthi isinqumo sakhe sishone ekutheni izivakashi ezifika eKapa zingakwazi ukubona ukuthi iNingizimu Afrika iyizwe elinjani ngokusebenzisa ukudla kwesintu. Lolu hlelo luhlose ukugqugquzela amasiko nobunjalo bezizwe ukuze kwaziwe kabanzi ngamagugu ethu. Lokhu sekudonsa abantu abaningi, okwenza ukuba kube nokuziqhenya okukhulu ngamasiko esiZulu kuleli dolobha.",zul,machine,1
"Umthetho Obhekelele U dlame Lwasekhaya uzi vikela ngokugcwele izisulu zodlame lwasekhaya. Ukuhlukumeza kwe nzeka ngezindlela ezahlu kene futhi kubalulekile ukuthi abantu besifazane bazi izindlela ezahlukene zokuhlukumeza ukuze ba zivikele. Udlame lwasekhaya lwe nzeka uma umuntu ehle lwa yilokhu:Ukushaywa: Isibonelo, uma ushaywa noma wesatshiswa ngodlame. Ukuhlukunyezwa ngoko cansi: Uma isisulu sidlwe ngulwa noma siphoqwa ukuthi senze noma sibukele okuphathelene nocansi okwe hlisa isithunzi.",zul,human,0
"Lokhu kubandakanya ukhetho lohulumeni base khaya, ingqungquthela yokushintsha kwesimo sezulu ye-COP26 kanye noMbukiso Wezohwebo Wamazwe ase-Afrika. Esinye sezizathu esiba lulekile sokuyibamba ngonyaka ozayo ukuthi bazobe sebebaningi abantu asebegomele iCOVID-19 ngaleso sikhathi, okuzo kwenza kube lula uku hamba kanye nokubuthana.Nakuba iNgqungquthela yesine Yotshalomali isiba mbezeleke ngezinyanga ezi mbalwa, umkhankaso we thu wokutshalwa kwezi mali usaqhubeka. Ngisho namaphakathi kwesimo somnotho esiyinselelo esi dalwe wubhubhane lwe COVID-19 , esabhebhe thekiswa udlame nezidube ezenzeka ezingxenyeni ezithile zezifundazwe i-KwaZulu-Natali kanye ne-Gauteng ngoNtulikazi, izinkampani ziyaqhubeka nokwenza kahle ezibo phezelweni zazo futhi zibheke amanye amathuba okutshalwa kwezimali eNingizimu Afrika. Ngonyaka ophelile uwo dwa nje, cishe izigidigidi eziyi-R120 zezibophezelo zotshalomali zaya eku sungulweni noma ekuqhu tshweni kwemiklamo.",zul,human,0
"Umsebenzi wokucozula u-Eskom uyaqhubeka, futhi njengoba le nkampani yakwazi ukuhlangabezana nomnqamulajuqu kaZibandlela wezi-2021 wokusungulwa kweNkampani Kazwelonke Yokudluliswa Kukagesi. NgoZibandlela kulo nyaka siyathemba ukuthi sizophothula ukucozulwa kweziphehlimandla kanye nezigaba zokuthunyelwa kukagesi zakwa-Eskom. Umbiko wekota ugqamisa impumelelo ebalulekile eningi, kanjalo nezindawo lapho umsebenzi omkhulu uqhubeka khona. Emkhakheni wamanzi, umkhankaso iOperation Vulindlela ubulokhu uhlinzeka ngosizo lobuchwepheshe kuMnyango Wamanzi Nokuthuthwa Kwendle ukuqalisa uhlelo lokulungisa isimo sokukhishwa kwezimvume zokusebenzisa amanzi, ngenhloso yokucubungula izicelo ezingama-80% ezinsukwini ezingama-90.",zul,human,0
"Uthi intsha efisa ukulandela ezinyathelweni zikaMthimkhulu ngokubhalisela iziqu zebachelor's degree yokuqala e-UP kudingeka ukuba ibe neSitifiketi sikaMatikuletsheni (i-NSC), noma iziqu ezilingana nalezo, futhi ihlangabezane nezidingo zalo mkhakha. “Ukuze ifundele iziqu zeBachelor of Veterinary Nursing , kumele ibe noMphumela wamaPhuzu Okwamukelwa angekho ngaphansi kwama28 kanye ne-NSC eneSingisi Ulimi Lwasekhaya noma IsiNgisi Ulimi Lokwengezela Lokuqala, izibalo, kanye nephysical science noma ilife sciences,” esho engezela. Ukuze uthole olunye ulwazi ngomkhakha, intsha ingaxhumana nezikhungo zokwelashwa kwezilwane ezizimele noma ikhulume nodokotela bezilwane bakucompulsory community service (i-CCS) abayingxenye yoMnya ngo Wezolimo, Izinguquko Kwezomhlaba kanye Nokuthuthukiswa Kwezindawo Zasemakhaya (i-DALRRD) ezweni lonke. ""Uhlelo lwe-CCS luhlose ukuhlinzeka ngemisebenzi yokwelashwa kwezilwane okufinyelelekayo kuyo nengambi eqolo ezindaweni ezingahlinzekelwa ngokwanele nezingenazo izinsiza ezifanele eNingizimu Afrika.",zul,human,0
"Kuyabonakala ukuthi abantu baseNingizimu Afrika banomdlandla wokuthatha izinyathelo zezepolitiki, njengoba kuveza ucwaningo lwe-Pew Research Center. Lo mbono wokuzibandakanya kumele siwusebenzise manje ekulweni noCOVID-19, lapho intando yeningi yethu izoba yisikhali esinamandla sokunqoba leli vutha. Uma sisonke sithatha izinyathelo ezinhle ngokuhlanganyela, singaqinisekisa ukuphepha kwethu sonke nokuvikela imiphakathi yethu.",zul,machine,1
"Izicelo zalolu hlelo zivulelekile kubantu abakhubazeke izingalo nemilenze kanye nabakhubaze ke isingezansi asebevele benayo ilayisensi yokufundela ukushayela. ""Baye bahanjiswe kudokote la wokunyakaza kwamalungu omzimba, phecelezi ioccupa -tional therapist , ukuze iqinise kise ukuthi umzimba wabo uya kwazi ukunyakaza ngendlela engabenza bakwazi ukushaye la izimoto ezenzelwe abantu abakhubazekile ngaphandle kokubabeka engozini. Kube se kubhekwa ukuthi umuntu lowo angakwazi ukukhokha imali engakanani kulolu hlelo, bese konke okunye kukhokhelwe ngabaxhasi,"" kuchaza u-Seirlis. Ababambiqhaza bathola uchungechunge oluphelele lwe zifundo zokushayela, kuze kube sebekulungele ukuhlolwa.",zul,human,0
"Ukuphuza utshwala ngenkathi ukhulelwe kungalimaza kakhulu impilo yomntwana ongakazalwa. Lokhu kungaholela ekutheni ingane ingakhule ngendlela efanele noma ibe nezinkinga zezempilo eziningi. Uma ubhekana nobunzima bokungakwazi ukuzithiba otshwaleni, sicela ungabi namahloni okufuna usizo. Vakashela imitho yempilo eseduze nawe ukuze uthole ukwesekwa okufanele ukuze ube nokukhulelwa okuphephile.",zul,machine,1
"Imikhiqizo yezilwane – efana nenyama nemikhiqizo yobisi, izidlo zasolwandle kanye nemikhi qizo emisha njengemifino nezithelo kungaba naleli gciwane. Yize noma ngubani ongatheleleka yi-Listeriosis, labo abasengcupheni enkulu yokungenwa yilesi sifo babandakanya izinsana ezisanda kuzalwa, abantu asebeluphele, abesifazane abakhulelwe, kanye naba ntu abanamasosha omzi mba antekenteke njenga-bane-HIV , isifo sikashukela, umdlavuza, isifo sezinso noma esesibindi esingumahla lakhona. Abantu abathinteka kakhulu yilabo abayizinsana ezinezinsukwana zizelwe – izinsana ezinezinsuku ezi ngama-28 zizelwe, nabantu abaneminyaka ephakathi kweyi-15 nengama-49. Aba-ntu abanale minyaka yobudala bangama-70% abantu bonke abanalesi sifo.",zul,human,0
"I-Operation Vulindlela isiqalile ukuvula indlela eya ekukhuliseni umnotho waseNingizimu Afrika ngokubhekana nezithiyo ezidala ukunqongkodana kwezindima zezomnotho. Ukushoda kwamakhono kanye nezindleko eziphezulu zezinsizakalo zenethiwekhi bekuyizinto ezikhulu ezithinte kakhulu intuthuko yemikhakha ehlukene. Ngokubhekisisa lezi zinkinga, lolu hlelo luhlose ukwakha isisekelo esiqinile esizovumela umnotho ukuba ukhule ngokushesha.",zul,machine,1
"UMthimkhulu usanda kuthweswa iziqu zeBachelor of Veterinary Nursing eNyuvesi yasePitoli (UP), okuyisikhungo esisodwa kuphela eNingizimu Afrika esiqeqeshela abahlengikazi bezilwane. Ungomunye wabahlengikazi bezilwane bokuqala abathweswa iziqu kuleli lizwe, okuyinto ebaluleke kakhulu emkhakheni wezokwelapha izilwane. Uzizwa emangele kakhulu ngalolu phumelelo, ethi ""angikakholwa namanje.""",zul,machine,1
"Ibhizinisi lakhe, eliseBo tshabelo eFreyistata, iVictory Body and Nail Studio , likhula ngamandla futhi liheha abantu abaqhamuka ezindaweni ezahlukene abazela ukuzo mfanyazwa umzimba kanye nokucwalwa. Waqala ukudayisa uTupperware eneminyaka eyi-19, lona oneminyaka engama-28 njengamanje uthe wayelokhu enothando lokuba nebhizini si lakhe futhi kuyamjabulisa ukuthi waziqalela ibhizinisi lakhe. “Ngaqala ngisebenzela othile kule mboni futhi yilapho engathola khona isipiliyoni,” kusho yena, wengeza na ngokuthi wafundela ukuba yi-cosmetologist e-Motheo TVET College yaseBloem fontein. Ekugcineni wayeseku lungele ukuphuma azimele futhi akazange esabheka emuva kusukela ngaleso sikhathi.",zul,human,0
"Imizamo yokusindisa izimpilo iqhubeka ngokuzimisela, ikakhulukazi kulabo abahlushwa yizifo zegazi. Ngokuka-Palesa Mokome, oyinhloko yezokumaketha nezokuxhumana e-Sunflower Fund, kukhona izinkulungwane zeziguli ezihlonzwa zinezifo ezihlobene negazi minyaka yonke. Lokhu kukhombisa ukubaluleka kokuhlonza lezi zifo kusasele isikhathi ukuze kutholakale usizo olufanele. Lolu hlelo lugxile ekusebenzelaneni nabasebenzi bezempilo ukuze kusindiswe izimpilo eziningi.",zul,machine,1
"I-CACH iyinsiza yezobuchwepheshe kahulumeni ephathwe nguMnyango Wezemfundo Ephakeme kanye Nokuqeqeshwa (DHET). Lolu hlelo luhlose ukuxhumanisa abafundi namathuba amaningi okufunda nokuphumelela. Ngakolunye uhlangothi, lusiza kakhulu labo abafuna izikhala zokungena enyuvesi ngokubakhombisa imininingwane ebalulekile mayelana nemfundo ephakeme.",zul,machine,1
"Phezu kwalokho, igumbi kumele lilungiswe nsukuzonke ngenkathi isihambeli sakho sisahlala khona. Ama-B&B akanakuba namagumbi ezihambeli anga phezu kwamathathu. Uma amagumbi ezihambeli engaphezu kwalokhu, ibhinizisi lakho kumele lichazwe ngokuthi i-guest house . Ngeziphi izinqubo oku mele uzilandele ukuze uqale i-B&B yakho?Isinyathelo sokuqala okumele usithathe ukuqonda kumasi pala wakho wasendaweni uye kofaka isicelo sokuthi umuzi wakho uklamwe njengesa khiwo sokuhlinzeka ngendawo yokuhlala izihambeli.",zul,human,0
"Isikhulu Sokhetho Esiyinhloko sekhomishana uSy Mamabolo uthe zonke izikhungo zokuvota eziyizi-22 612 zizovula ngempe-lasonto yangomhla ziyi-10 kanye namhla ziyi-11 kuNdasa wezi-2018, kusukela ngele-8 ekuseni kuze kube ngele-5 ntambama, ukuze kwenziwe kube lula futhi kusize abavoti ukuthi bafake imininingwane yabo yakamuva yokubhalisa noma ukuthi ba bhalise. Uma uthuthele endaweni entsha kusukela mhla ugcina ukubha lisela ukuvota, kumele ubhalise esifundeni sakho sokuvota esisha. Izakhamuzi zaseNingizimu Afrika ezineminyaka yobudala eyi-16 kanye nangaphezu-lu ezinomazisi noma ikhadi elisemthethweni zingabhalisela ukuvota. Uma ungabhalisanga, angeke uze uvunyelwe ukuthi uvote ngowezi-2019.",zul,human,0
"Abaqaphi beziqiwu basebenza kanzima ukuze bavikele obhejane ezingozini zokushaywa. UNyawo, oyingxenye yabasebenzi be-EPWP, ukholelwa ekutheni kubalulekile ukufundisa umphakathi ngokunakekela imvelo. Lolu hlelo luhlose ukuvusa ukuqwashisa ukuze abantu baqonde ukubaluleka kokugcina lezi zilwane zivikelekile. Ngale ndlela, imvelo nezilwane eziyigugu zingagcinwa zivikelekile zize fike nezizukulwane ezizayo.",zul,machine,1
Ukugula nokudlula emhla beni kwamadoda nabantu besifazane abenza lo msebe-nzi ohloniphekile noyigugu kangaka kusigqeme inkamba beyibuza. Yibo abahamba phambili ekulweni nalolu bhubhane. Basebenza ngaphansi kwezimo ezinencindezi enkulu futhi bathwala umthwalo owukha-thaza kakhulu umqondo ngokwazi ukuthi nabo base-ngcupheni yokutheleleka ngaleli gciwane. Bangamaqhawe namaqhawekazi eqiniso kule mpi yethu yoku-lwa negciwane lecorona .,zul,human,0
"Indawo yokudlela eKapa isidonsa amehlo amaningi ngokusebenzisa ukudla kwesintu kwesiZulu ukuze izivakashi zithole ulwazi ngokuthi iNingizimu Afrika iyizwe elinjani. Lolu hlelo luhlose ukukhombisa ubuciko namasiko okudla kwesiZulu kubantu abavakashela leli dolobha. Ngokwenza lokhu, le ndawo yokudlela ikwazile ukuziveza ebalazweni njengendawo ekhethekile nebalulekile.",zul,machine,1
"Bavula izinkampani ezingasebenzi ukucashisa ukungena nokuphuma kwezimali okusolisayo, bahambise izimali ngokushesha phakathi kwama-akhawunti amaningi, bahambise imi niningwane yemalingena engeyona kwizipha thimandla zokuqoqwa kwentela, futhi uma kungabasebenzi baka hulumeni, basebenzisa abangani nezihlobo uku faka izicelo zemisebenzi yamathenda ukucashisa ukubandakanyeka kwabo. Lokhu kusho ukuthi ukuphendula kwezipha thimandla vele ngeke kuzwakale. Ngowezi-2020, sasungula isikhungo esiqondisa izigwegwe ngokwehlu kahlukana iFusion Centre njengesikhungo esisebenza ukubhekana namacala ezezimali, kubandakanya nenko hlakalo. Lesi sikhungo sihlanganisa amakhono okuphenya amacala ophikweni lukahulumeni lokugwema ubugebengu kanye nezinhlaka zezoku vikeleka nalezo Zikhungo Zobunhloli Bezezimali, ezisungula ubunhloli bama-ejensi ezomthetho obuzosetshenziswa ophe nyweni lwabo.",zul,human,0
Umphakathi waseDouble Drift waseGrahamstown ugubha ukubuyiselwa komhlaba wabo ngesivumelwano esibize izigidi zamarandi ezingama-21. Lolu hlelo luthinta abantu abayi-1 500 abaqha muka emindenini engama-264 eyayisuswe ngenkani emhlabeni wayo ngonyaka ka-1991. Ukususwa kwabo kwakwenziwe ukuze kwakhiwe isiqiyi endaweni yabo yaseCiskei.,zul,machine,1
"Umthetho Obhekelele Udlame Lwasekhaya wenzelwe ukuvikela zonke izisulu zodlame ngokugcwele. Kubalulekile ukuthi abantu, ikakhulukazi abesifazane, baqonde ukuthi ukuhlukunyezwa kwenzeka ngezindlela eziningi ezehlukene. Ukwazi lezi zinhlobo kusiza abantu ukuba bakwazi ukuzivikela nokuthola usizo olufanele ngesikhathi.",zul,machine,1
"Ukubhema ugwayi kulimaza amaphaphu futhi kwenza abantu babe sengozini enkulu yokuthola izifo zokuphefumula njenge-COVID-19. Ukuvalwa kokuthengiswa kukagwayi kuzosiza ekunciwiseni abantu ababhemayo, okuzothuthukisa impilo yomphakathi wonke. Uma abantu beyeka ukubhema, amaphaphu abo aba namandla okulwa nezigciwane ezibucayi. Ngakho-ke, le nyathelo liyabalulekile ekuvikeleni nasekoseni impilo yabantu abaningi.",zul,machine,1
"Umsebenzi wakhe uyimpumelelo ngoba uqashe ngokugcwele abesifazane abayi-12. Ngokusho kuka-Dkt Zulu, ukufuya izinkukhu kungumkhakha obucayi kakhulu kuleli lizwe, nje ngoba imindeni eminingi idla inyama yenkukhu kakhulu ukwedlula olunye uhlobo lwenyama.U-Dkt Zulu unamathemba okuqeqesha abesifazane abangaphezu kwe-1 000 kwezolimo kulolonke izwe ngonyaka. Uzimisele futhi ngokuba ngomunye wabakhiqizi abathembekile baseNingizimu Afrika bezinkukhu ezingavalelwa kanye nezitshalo eziphilayo. Weluleke abesifazane abafisa ukuba ngabalimi ukuthi mabaqale kancane futhi bangalindi ukusizwa nguhulumeni.",zul,human,0
"Uthi umnyango ube sewubikela i-PSC ngokutholile. “Uma sithokozile ngezinyathelo ezithathwe umnyango, sizobe sesilivala icala, kodwa uma singagculisekile, sibuyela emuva kubona.” Ukungadalulwa ku qinisekisiwe 00000 Uma ngabe ingede inga funi ukuzidalula, isikhulu esisebenza kwinombolo ephuthumayo ye-PSC sizo thatha imininingwane yayo yokuxhumana kuphela. Lokhu kubalulekile uma kudingeka imininingwane eyengeziwe, i-PSC kumele ikwazi ukuxhumana nazo. Izingede ezibika amacala enombolweni ephuthumayo ye-PSC ziyaqinisekiswa ngokuvikeleka uma zingafuni ukuzidalula, kusho u-Seloane.",zul,human,0
UVuyiseka Arendse ungumuntu osencane oyisicishamlilo oyingxenye yethimba le-Crew Juliet. Leli thimba liyisipesheli ngoba liyithimba lokuqala lezicishamlilo zasendle elakhiwe ngabesifazane kuphela. UVuyiseka unomdlandla nokuzimisela okukhulu kokuzakhela igama elihle kulo mkhakha. Indaba yakhe igqamisa amandla nobuholi babesifazane ekulweni nomlilo zasendle.,zul,machine,1
"I-BRICS isebenza njengomongo obalulekile wokukhula kweNingizimu Afrika kwezomnotho nezepolitiki emhlabeni wonke. Ngemva kokuphela kwe-Cold War, kube nokuguquka okukhulu emifelandawonye yomhlaba, okwakudinga ukuba amazwe azilungise kabusha ukuze angashiywa ngemuva. Ngakho-ke, kube kubalulekile ukuthi iNingizimu Afrika ""iphose udobo lwayo"" ngokungena kulolu hlanganyelo ukuze ikwazi ukuzuza ezindabeni zamazwe ngamanye. Lokhu kuhlanganyela kusebenza njengesisekelo esiqinile sokuthuthukisa ubudlelwano namazwe aqhamukayo, okuqinisa isikhundla seNingizimu Afrika emhlabeni.",zul,machine,1
"Phakathi kukaNtulikazi noMandulo kowezi-2021, abantu abayizi-9 556, iningi labo kwakungabesifazane, badlwengulwa. Lesi sibalo singaphezulu ngama-7% esikhathini sombiko owedlule. Emacaleni okuhlasela alinganiselwa kwizi-73 000 abikwe ngalesi sikhathi, angaphezu kwezi-13 000 bekungamacala ahlobene nodlame lwasekhaya. Izinga lokubulawa kwezingane lenyuke ngokulinganiselwa kokuthathu uma kuqhathaniswa nesikhathi sombiko owedlule.",zul,human,0
"Hhayi nje kuphela ukuthi ababhebhezeli bayaboshwa futhi bayiswe nasenkantolo; baphinde baphucwe yonke inzuzo abayenze ngobugebengu babo. Luselude uhambo, futhi ziningi izimali zikahulumeni ezetshiwe okusamele zibuyiswe. Kodwa i-SIU neNkantolo Ekhethekile baqale ngonyawo oluhle, futhi nginethemba lokuphumelela futhi ezinyangeni naseminyakeni ezayo.",zul,human,0
"Phakathi kowe-1994 noNdasa kowezi-2018 uhulu meni unikeze amahektha omhlaba ayizigidi eziyisi-8.4 kubantu abebencishwe amathuba ngaphansi kohlelo lokuguqulwa komhlaba. Kodwa le nqubekelapha mbili ilingana nokungaphansi kwe-10% komhlaba ophelele wokulima. Enkulumweni yami Yesimo Sezwe ekuqaleni kwalo nyaka ngazibophezela ukuthi umhlaba wokulima ongapha nsi kukahulumeni uzodede lwa maduze ukuze kulinywe. Lokhu kuyingqophamla ndo ohlelweni lokuguqulwa kwezolimo, futhi lugcina isithembiso esikuSomqulu Wenkululeko esithi umhlaba kuzokwabelwana ngawo kulabo abasebenza kuwona.Umbono wethu wokuphi nde kwabiwe umhlaba uhlose ukulinganisa phakathi kobulungiswa kwezenhlalo noku lungisa, nokukhulisa imi khiqizo yezolimo ngokuletha abalimi abansundu abaningi emnothweni omkhulu.Umhlaba uyifa eliletha inzuzo futhi ungasetshenzi swa njengesibambiso ukuzu za elinye ifa.Kumele siqinisekise ukuthi umhlaba odingekayo ukuze kulinywe usetshenziswa ngendlela enenzuzo.",zul,human,0
INingizimu Afrika izibophezele ekuthuthukiseni imfundo yentsha yayo ukuze kube nekusasa elingcono. UNgqongqoshe uPandor uqinisekisile ukuthi kuyisibophezelo sezwe ukusiza imindeni empofu kanye naleyo esengcupheni kakhulu. Lokhu kuveziwe ngesikhathi sesithangami sabezindaba lapho kukhulunywa khona ngenqubo yokwethula imfundo efanele. Le nyathelo lihlose ukunikeza wonke umntwana ithuba elifanele lokufunda ukuze aqhubele phambili empilweni.,zul,machine,1
"UMashego, ovela eSebokeng endaweni yase-Vaal eGauteng, ubike ukuthi usizo lwe-NSFAS lube yisihluthulelo sempumelelo yakhe. Uthi ubengeke akwazi ukuzikhokhela imali yokufunda kanye nezinye izindleko ezibandakanya imfundo ephakeme ukuba kwaba yilo mnikelo. Ngakho-ke, ubona ukuthi le nkqubo isiza kakhulu abafundi abaswele ukuba baqinisekise ikusasa labo ngokufinyelela emaphuphweni abo ezemfundo.",zul,machine,1
"Ama-SOE anendima ebalulekile ekuthuthukiseni umnotho wezwe ngokuhlinzeka ngezinsiza ezibalulekile. Kumele aqhubele phambili ukukhula komnotho ngokuletha izinguquko ezinhle ekulawulweni nasekuphathelweni kwazo. Lokhu kuzosiza ekudaleni amathuba emisebenzi nasekuqinisekiseni ukuthi imiphakathi ithola izinsiza ezisezingeni eliphezulu. Uma ama-SOE esebenza ngendlela efanele, azoba yinsika eqinile yokuthuthukisa impilo yabantu bonke.",zul,machine,1
"U-Mmaletjema Poto, iSikhulu se-FPB’s Child Protection, uthe abazali kufanele babazi ubungozi abantwana babo ababhekana nabo kwi-inthanethi, kubalwa nokubuka imifanekiso yabantwana yocansi noma yokuhlukunyezwa kwabantwana ngokocansi, kanye nokuqeqeshwa izigilamkhuba zocansi. Abantwana bangahehwa izigilamkhuba zocansi kwiinthanethi ngokuthi bangene kwi-inthanethi bebheka into ethile emsulwa bese bechofoza ilinki okungafanele bayichofe. Abantwana babe sebezithemba lezi zigilamkhuba bese ziqala ukubafundisa ngocansi. ""Umntwana ujwayele ukuba namahloni ngakho-ke akakhulumi ngakho, lokho okwenza kube nzima ukuthi baphunyuke kulolu dobo lokufundiswa ngocansi,"" kusho u-Poto.",zul,human,0
"Indlalifa angeke neze ibe ngufakazi. • Kumele ufake iminini ngwane ephelele yama fa akho kanye nokuthi ngobani ofuna uku bashiyela wona, okufaka phakathi amagama kanye nemininingwane yabo. • Kumele ukhethe umuntu ozophatha ifa lakho (uma bi wefa). Lo muntu aka kwazi ukuba yindlalifa.",zul,human,0
"Ungqongqoshe uPandor uqinisekisile ukuthi sekubekwe eceleni izigidi zezigidi zamara ndi ezingama-4.581 kwenzelwa izitshudeni ezikwaze ukungena emanyuvesi kanye nezigidi zezigidi zamarandi eziyi-2.585 zezitshudeni zakumakolishi e-TVET. Ngowezi-2017 uhulumeni wamemezela ukuthi imfundo ephakeme izoba mahhala kuzi tshudeni ezimpofu kanye na lezo ezivela emindenini ethola umholo wonyaka ohlangene ngaphambi kwezimali eziba njwayo engaze ifinyelele kwi -zi-350 000 zamarandi. Izitshudeni zesekwa ngesi kimu semifundaze esibanzi, esingena esikhundleni sesi kimu esedlule esasinengxenye eyimalimboleko kanye nengu mfundaze esasihlinzekwa iSi khwama Sikwazwelonke Sokusiza Abafundi Ngezimali (i-NSFAS). “Ukuhlinzekwa okusisekelo kwe-NSFAS kokuxhasa izitshudeni ezivela emindenini empofu kanye naleyo ihola amaholo aphansi ezingena emanyuvesi kanye nakumako lishi e-TVET kuzokhuphuka ku suka ezigidini zezigidi zamara ndi eziyi-9.849 ngowe zi-2017/18 ukuya ezigidini zezigidi zamarandi ezinga ma-35.321 ngowezi-2020/21.",zul,human,0
"Uthi ukwelulama kuleli gciwane kushintshe indlela acabanga ngayo futhi abona ngayo impilo.“Uwubonga kakhulu umndeni wakho kanye ne-zinto ezincane empilweni. Ngiyafisa sengathi abantu kunoma yiyiphi indawo yokusebenza bengathatha isibopho ngempilo yabo futhi bafundise imindeni yabo kanye nabantwana, ikakhu-lukazi njengoba abantwana sebebuyele esikoleni. “Siza umntwana wakho ukuthi athole izindlela ezi-ntsha zokutshengisa uthando ebanganini babo, ngapha-ndle kokusondelana kanye nokuthintana nabo. Yenza ukuthi umndeni wakho ubu-lale amagciwane ngaphambi kokuba ungene endlini, shiya izicathulo egalaji uma kufanele, khumula zonke izi-ngubo zakho ugeze umzimba ngaphambi kokuba ubingelele umndeni wakho futhi qaphela kakhulu ezempilo ukuze uba-vikele,” kusho yena.Umnyango weluleke abantu abanezifo eziyimbelesela uku-ba badle ukudla okunempilo, bazivocavoce njalo, bakwazi ukulawula ukhwantalala, balandele uhlelo lwemithi yokwelashwa kwabo futhi balandele izinyathelo zokuzi-vikela ezidingekayo.",zul,human,0
"Isikhathi sokugcinwa kohla lwesaphuli-mthetho sikhushuliwe, futhi labo abafakwe kurejista kuzomele bakudalule lokho uma befaka izicelo zokusebenza nabantu ababuthaka-thaka. UMthetho-sivivinywauphinde uhlinzekele ukuthi amagama abantu aku-NRSO umphakathi uyakwazi ukuwathola. Isichibiyelo soMthetho-sivivinywa Wamacala Obugebengu kanye Nahambisana nawo sizoqinisa, phakathi kokunye, ukunikezwa kwebheyili kwezaphula-mthetho zeGBVF , futhi sichaze kabanzi ngamacala azothola izigwebo ezincane.Izichibiyelo zibeka izibopho ezi-ntsha phezu kwezikhulu zomthetho kanye nezinkantolo zethu. Uma umshushisi engasiphikisi isicelo sebheyili emacaleni eGBV , kumele abhale izizathu zakhe phansi.",zul,human,0
"Ukugwema ihlandla lesibili lokusuleleka ngeCOVID-19 , kumele silandele imihla hlandlela yezempilo yompha kathi elokhu ikhona. Uma sihluleka ukugqoka isifonyo uma sihlangene emphakathini, uma sithamele imicimbi enabantu abaningi, asibeki thina nabanye ku phela engozini. Sibeka futhi nokuvuseleleka komnotho wethu engcupheni. Masiqhubeke sidlale indima yethu.",zul,human,0
"Kukhona ithuba lokugcina lokubhalisela ukuvota ngempelasonto ezayo. Zonke izikhungo zokuvota eziyizi-22 932 zizovuleka kusukela ngo-08h00 kuya ngo-17h00. Lokhu kwenzelwa ukuvumela wonke umuntu, ikakhulukazi ababhalisa okokuqala, ukuba babhalise ukuze bakwazi ukuvota.",zul,machine,1
"I-Central Application Clearing House (i-CACH) iwuhlelo olwesikhashana olusungulwe uMnyango weMfundo Ephakeme Nokuqeqesha ukuze lusize abafundi abangakatholi izindawo ezizifanele ezinyuvesi nakamakolishi. Lolu hlelo lusebenza njengebhuloho elixhumanisa abafundi nezikhungo zemfundo ukuze kuqinisekiswe ukuthi akekho umfundi okwazi ukufunda ozosala ngaphandle. Ngonyaka we-2018, i-CACH ibizwakale kakhulu ngokuvula amathuba amaningi kubafundi ababephila ngokukhathazeka ngenxa yokungabi namatheyela ezifundweni zabo.",zul,machine,1
"Nokho, ngaso lesi sikhathi, sizodinga ukusebenzisa imali kakhulu ukuseka ukuhlelwa kabusha kwama-SOEs afana no-Eskom kanye no-SAA. Ngenxa yalokhu, silindele ukuncipha kwengenisomali ebanjelwe ngezigidigidi ezi ngama-R156 ekusetshenzi sweni kwemali okungena nzalo esikhathini esiphakathi. Lokhu kuzosiza ukunci phisa ukuntuleka kwemali nokunciphisa izidingo zoku thi siboleke. Ingxenye enkulu yokonga izoqhamuka ekunciphiseni isilinganiso sethu somthetho sivivinywa samaholo esi khula ngakhona.",zul,human,0
"I-B&B (Bed and Breakfast) indawo yokulala encane lapho izivakashi zithola khona igumbi lokulala kanye nokudla kwasekuseni. Ukuze uqale lebhizinisi, kumele uqinisekise ukuthi unendawo ehlanzekile, ephephile, futhi eyenza izivakashi zizizwe zikhululekile. Kubalulekile ukubhalisa ibhizinisi lakho ngokusemthethweni nokukukhangisa ukuze uthole amakhasimende amaningi. Ukunikeza ukwamukelwa okuhle nokunakekela izivakashi kuyisihluthulelo sempumelelo yale bhizinisi.",zul,machine,1
"Njengezwe, sibuya kude ekupheleliseni isithunzi somuntu, okuyisimiso u-Steve Biko ayesiqhakambisa kakhulu. Kodwa, liselide ibanga okusamele silihambe. Ngaphandle komsebenzi, ngaphandle kwendlu, ugesi noma amanzi, ngaphandle komhlaba, ngaphandle kwamakhono noma amathuba, izigidi zabantu baseNingizimu Afrika basanqatshelwe impilo abayifunayo nebafanele. Yingakho uhulumeni esebenzi sana nababambiqhaza emphakathini ukwakha umnotho obandakanya wonke umuntu, ukwakha amathuba emisebenzi, ukuvumela amabhizinisi ukuthi alwisane futhi abhekane nobubha nendlala.",zul,human,0
"I-Go George wuhlelo lwezothutho olusebenza ekuhlomiseni nokusiza abantu abakhubazekile ukuze bakwazi ukuhamba kalula. UMasipala waseGeorge ugcizelele ukuthi izinhlelo zezokuthutha umphakathi kumele zibe kufanele wonke umuntu, kuhlanganise nabakhubazekile. Lolu hlelo luyingxenye yomzamo omkhulu womasipala wokuxazulula izinkinga zokuthutha nokwandisa amathuba okuhamba. Lokhu kusiza ekutheni abantu abanesidingo bazizwe bebandakanyeka futhi babe nokuzimela emphakathini wabo.",zul,machine,1
"Yize noma kungeke kube sezingeni lokuqhwagwa kombuso, lezi zenzo zobugebengu zithunaza izwe lethu kakhulu, zenze buthaka izikhungo zethu futhi zi ncisha abantu baseNingizimu Afrika izidingo-ngqangi eziningi. Inkohlakalo ingukuziphatha okubi ngokwedlulele, kepha kungukonakala okukhulu uma yenziwa kubantu ngesikhathi sosizi. Lapha sikhuluma ngezenzo ze-nkohlakalo ezinyanyekayo ezenzeka ngonyaka owe dlule zokuthengwa kwe zimpahla nezinsizakalo ezidingekayo empini yethu yokulwisana nobhubhane lwe-COVID-19. Sisebenze ngokushesha ukunqanda lezi zenzo ezifana nenkohlakalo, ukukhomba labo abahlangene nayo kanye nokubathathela izi-nyathelo ezifanele.",zul,human,0
"Lokhu kuhlanganisa oshade naye, umlingani ohlala naye ko dwa ongashadile naye, umza li okukhulisayo ongakuzali noma ingane oyikhulisayo ongayizali, ohlala naye endli ni noma ilungu lomndeni. Kungaba futhi umuntu owa wuthandana naye noma owawethembisene naye u mshado.",zul,human,0
"Izifonyo zobuso akufanele zehliswe lapho umuntu ekhuluma, ekhwehlela noma ethimula. Kubaluleke kakhulu ukuthi izifonyo ezenziwe ngendwangu zisetshe-nziswe ngendlela efanele. Ukusetshenziswa ngendle la engalungile kungahle kuholele ekutheni labo abawafakile bazibekeengcupheni yokusabalalisa iCOVID-19 . Nalapho ufake isifonyo kufanele: • ugeze izandla zakho• ulandele umyalelo wokuqhelelana nabantu• khumbula ukuthimule-la nokukhwehlelela endo-lolwaneni yakho• gwema ukuthinta ame hlo akho, ikhala noma umlomo ngezandla ezingcolile.",zul,human,0
"Kumele siqonde ukuthi ukuvikela nokunakekela izingane kuwumthwalo wethu sonke njengesizwe. Uma abantu abadala bengagcini isibophezelo sabo, kulahleka izimpilo ezingenasonto njengokwenziwa kuka-Enock. Ukuze sakhe isizwe esiqinile, kumele siqinisekise ukuthi ingane ngayiphi ihlangana nokuphepha, ukunakekelwa kwezempilo, nothando. Lokhu kuzosiza ekugwemeni izinhlekelele ezingagwemeka, kuqiniseke futhi ikusasa eliqhakazile labo abasasebancane.",zul,machine,1
"Lokhu kuzibophezela kweMe lika, i-United Kingdom, i-France, i-Jalimane kanye noBumbano Lwamazwe aseYurophu kuhambisana neSivumelwano sase-Paris, esibophezela amazwe acebile ukuthi asekele ukukhishwa kwekhabhoni emazweni asathuthuka. Lolu tshalomali lweza mandla kagesi luzosisiza ukuthi sinqobe ukucishwa kukagesi ngenhloso yokuwonga izwe elibhe kene nakho njengamanje, njengoba indlela entsha yokuphehla ugesi isiqala. Utshalomali olusha oluningana kwizizinda zokugcinwa kolwazi amadatacentre kanye nezi ntambo ezihamba ngapha nsi kolwandle ngeke kunge nise nje utshalomali olusha kuphela, kodwa kuzohli nzeka nengqalasizinda edingekayo ekukhuleni kobuchwepheshe kanye nezimboni zezokuxhu mana. Ingxenye ebaluleke ka khulu yomkhankaso wethu wotshalomali ngumphu mela wezinguquko esi zenzayo emikhakheni efana nezamandla kagesi, ezokuxhumana, amanzi namachweba kanye no jantshi bezitimela.",zul,human,0
Abomama abaphila ne-HIV kodwa abancelisayo bakhuthazwa ukuba baphathe ingqondo mayelana nokunakekelwa komntwana wabo ukuze kugwenywe ukuthunyelwa kwegciwane. Kubalulekile ukuthi wonke umama axoxisane nomeluleki wakhe mayelana nezindlela ezahlukene zokupha umntwana ukudla ukuze kuthathwe izinqumo ezifanele. Lokhu kuzoqinisekisa ukuthi umntwana uvikelwe futhi uphila impilo enhle ngaphandle kokuphazanyiswa yileli gciwane.,zul,machine,1
"Uhlelo lokufuya izinkukhu lunikeza abalimi basekhaya ithuba elihle lokuzimela nokuziphilisa. Lolu hlelo lungaqala ngombono olulula, njengoba kwenzeka ku-Bev lapho aye ukuthenga amaqanda. Ngokusebenza kanzima nokuhlakanipha, ukufuya izinkukhu kungashintsha impilo yomndeni kube yibhizinisi eliphumelele. Lokhu kwenza ukuba ukufuya izinkukhu kube yindlela ephumelelayo yokukhulisa imnotho wasekhaya.",zul,machine,1
"Kubonakale ukuthi alikho ikilasi elingcono konjiniyela abasaqeqeshwa kunalezo zizinda zokwakha ezimahhadlahhadla. Lezi zinda zigcwele izintuli nokuduma kwemishini emikhulu ebasebenza ngayo nsuku zonke. Kulezi zinda, kukhona amadoda nabesifazane abamatasa kakhulu, besebenza kanzima ukuze baqinisekise ukuthi imisebenzi iqedwa ngendlela efanele. Lokhu kuthola ulwazi ngokusebenza ngempela kusiza abasaqeqeshwa ukuba bafunde amakhono abalulekile konjiniyela.",zul,machine,1
"Umbiko wokugcina woPhiko Olukhethekile Kwezokuphenywa Kwamacala (i-SIU) ophenyweni lwawo ngezinsolo ezihlobene nanoma ikuphi ukusetshenziswa budedengu kwezimali ze-COVID-19, kuzo zonke izinhlaka zikahulumeni nakumkhakha ozimele usanda kugunyazwa nguMongameli u-Cyril Ramaphosa ukuthi ukhishelwe umphakathi. Umbiko uyisinyathelo esibaluleke kakhulu ekulweni nenkohlakalo nokuphatha budedengu kwimikhakha kahulumeni nozimele, ubeke kanjalo uMongameli. NgoNtulikazi ngowezi-2020, uMongameli u-Ramaphosa wagunyaza uphenyo lwe-SIU. Ngaleso sikhathi, waqinisekisa ukuthi uma i-SIU ithola ubufakazi bokuthi ubugebengu benzekile, izobophezeleka ukuthi idlulisele ubufakazi kuPhiko Lwezokushushisa Kuzwelonke (i-NPA).",zul,human,0
"Ukuqhubeka nokukhulisa umkhiqizo wezolimo nokuqinisa isizinda sethu sokudla, sitshala kakhulu izimali ekuthuthukiseni umthamo womkhiqizo walapha ekhaya, sixhasa abalimi abasafufusa kanye nokusiza abantu abaningi ukuthi bazitshalele ukudla kwabo. NgoHlelo LukaMongameli Lokusungula Imisebenzi, kukhishwe amavawusha ayizi-65 000 anikwa abalimi abasafufusa, futhi umsebenzi uyaqhubeka wokufinyelela kulaba balimi abayizi-250 000. Uhulumeni ubuye ahlinzeke abalimi abasafufusa ngomanyolo kanye nezinsizakusebenza zokukhiqiza ukudla, aphinde asize amaqembu athile kanye nabantu ukuthi baziqalele izivande zokudla. Ezifundazweni ezifana neNyakatho Ntshonalanga, abalimi abasafufusa besekwa ngokuthola amaphakethe ezimbewu kanye namachwane ezinkukhu, ngokubambisana namakolishi ezolimo asendaweni.",zul,human,0
"Leli su liyingxenye yoku gubha Inyanga Yezokuvaka sha lapho umasipala eqoke amathimba ayisithupha aselokishini laseThemba lethu nase-Pacaltsdorp uku ba amukele abavakashi baphesheya kwezilwandle ngesidlo esihamba nazo zonke izibiliboco kanye nezikaqedisizungu. Njengengxenye yokulungi selela ukubungaza lokhu, amathimba abehambele ukuqeqeshwa okuhlobene nezokuvakasha nokupheka. Bafundiswa amakhono ahambisana nokuqala kanye nokuqhuba ibhizinisi, lapho injongo kungukukwazi uku gcina behlomula ngomholo embonini yezokuvakasha. UNomzamo Entile (one minyaka yobudala enga ma-31) oyingxenye yamaqe mbu ayisithupha uhola ithi mba le-Explore our Hood, eli qhamuka eThembalethu.",zul,human,0
"“Lokhu sikwenzela uku hlonipha labo ababehlala phakathi kwethu; ababehlala kuwo lo mhlaba wakithi.”Uguquko kwezomhlaba lubalulekile ekuthuthuki seni ukuba khona kokudla ezweni, ukwakha umno tho obandakanya wonke umuntu, kanye nokunikeza ikusasa elingcono labo bo nke abantu baseNingizimu Afrika, kwengeza uMonga meli. UMongameli unxuse aba limi base-Tafelkop ukuthi bawusebenzise kahle lo mhla ba ukuze kuzuze umpha kathi. “Ngokwami, namuhla kube wusuku oluhle kakhu lu ehhovisini; lokuthi ngisu kume ngizithathe ngizobona imikhiqizo yenu.”“Angingabazi ukuthi ngo kuzinikela namandla abo bonke abathintekayo, lo mse benzi uzoqhubeka nokukhu la,”kusho yena. USihlalo weTafelkop Fa rmers Association u-Jerry Se foloshe ubonge uhulumeni ngokwenza ngempumelelo ukuthi abalimi bakwazi uku ba ngabanikazi bomhlaba asebewusebenzele iminyaka engamashumi-shumi.",zul,human,0
"Ngokomkha kha engiwukhethile, bengi ngeke ngikwazi ukukhokhela ngisho imali yokufunda izi nyanga eziyisithupha, ngi ngasakubali okonyaka owo dwa-ke nje lowo,” kuchaza yena. UMashego uphothule umatikuletsheni wakhe ngonyaka wezi-2016 futhi wabashaya bonke emakha nda abafundi ayefunda nabo ekilasini lakhe, kodwa wabe enganakho okungamusiza ukuthi akhokhele izifundo zakhe. Waye wafaka ngempu melelo isicelo soxhasomali luka-NSFAS ukuze axhaseke ngonyaka wokufunda wezi2018. “Lokhu kwanginika ithuba lokuba ngikwazi ukuthi ngenze amaphupho ami okufundela izifundo zobunjiniyela afezeke.",zul,human,0
"Lokhu kukala ka hle ukushuba koketshezi nge muva kwentamo yomntwa na, nokubizwa phecelezi ngenuchal translucency . Kanti lokhu kuvame ukuba ku khulu kakhulu ebantwaneni abane-DS. Enye futhi indlela yoku hlola ngaphambi kokubeletha ukwenza uhlolo olubizwa ngeamniocentesis . Lapha kusuke kuqoqwa ingxenye encane yoketshezi iamni otic fluid bese luthunyelwa ukuyocutshungulwa amachromosome .",zul,human,0
"Kumele sibambisane namaphoyisa ekulweni nobugebengu ukuze sakhe izwe eliphephile nokuqinile. Ukubika izenzo zobugebengu nokunikeza ulwazi olubalulekile kungasiza kakhulu ekubambeni izigebengu ezihlukumeza abantu. Uma umphakathi namaphoyisa bebambisana, singakwazi ukunciphisa izinga lobugebengu ezitaladini nangemizi yethu. Masibambisane sonke ukuze iNingizimu Afrika ibe yindawo ephephile kubo bonke abahlali.",zul,machine,1
"UMthetho Ochitshiyelwe omusha Wobugebengu (Amacala Ezocansi kanye Namacala Ahlobene nawo) uyakwenqabela ukuxhashazwa ngokocansi futhi nokuheha ngenhloso yocansi abantu abaphila nokukhubazeka ngokwengqondo, futhi uhlinzeka ngokuthi amacala ocansi abhekiswe kubantu abaphila nokukhubazeka ngokwengqondo kumele aqoshwe kuRejista Kazwelonke Yabahlukumezi Bocansi (i-NRSO). Siziphendulile izikhalo zokuthi siqinise ukulawulwa kwe-NRSO. Labo abake balahlwa ngamacala ocansi ezinganeni noma kubantu abakhubazeke ngokwengqondo, abake bagwetshwa ngaphambilini mayelana nalokhu, futhi abagwetshwe izikhathi ezingaphezu kwezinyanga eziyi-18 bangakwazi kuphela ukufaka isicelo sokuthi amagama abo akhishwe kurejista ngemuva kweminyaka engama-20. Lo Mthetho uphinde ulawule umsebenzi wokubika kwabantu abaziyo ukuthi amacala ocansi enziwe kubantu ababuthakathaka.",zul,human,0
"Usuku lwe-27 kuMbasa ngo-1994 lwalubaluleke kakhulu ngoba iNingizimu Afrika yaba nokhetho lokuqala lwentando yini. Izimpawu zezwe, okuhlanganisa iflegi, ihubo lesizwe, nesiphandla sesizwe, zimele ukuhlangana nokwehlukahlukana kwabo bonke abantu baseNingizimu Afrika. Lezi zimpawu zisikhumbuza ngenkululeko esiyitholile nangobunye bethu njengesizwe esilodwa. Zigubha ubucanse bokwehlukahlukana kwezamasiko nezilimi ezikhona ezweni lethu.",zul,machine,1
"Ngakho-ke sabe sesivumelana njengamazwe ase-Afrika ukuqoka abantu base-Afrika abaningana abaqavile njengezithunywa ezikhethekile, ezizoxoxisana nabaxhasi bamazwe nga-mazwe kanye nezikhungo ezahlukahlukene ukuze bezoyokhulumela i-Afrika ukuze ithole ukwesekwa ngezimali nokusizwa nge-zikweletu.Ngale ndlela, ukusebenza njengezwekazi elilodwa, sikwazile ukutholela amazwe amaningi usizo ngezikweletu kanye nosizo lwezezimali zokubhekana ne-COVID-19 kanye nokuvuselelwa komnotho.Kodwa yize amazwe ase-Afrika aya kumazwe apheshe-ya kwezilwandle ukuyofuna ukwesekwa, saqala sazisiza thina – ngokusungula nokwenza imali yeSikhwama Sokubhekana ne-COVID-19 sezwekazi.Kubo bonke ubudlelwano obenziwe kanzima nama-zwe anezinsiza ezingcono kakhulu kanye nomphakathi wabaxhasi ba-mazwe ngamazwe, sisungule Inkundla Yokusabalalisa Izinsiza Zokwelapha e-Afrika entsha sha nengakaze ibonwe ukuvumela ukuthi wonke amazwe ase-Afrika asheshe athole izinsizakusebenza zo-kuzivikela nezinye izinsiza zokwelapha ngendlela elinganayo, futhi engabizi.Futhi manje umgomo we-COVID-19 usukhona, sisebenze ngokubambisana ukuqinisekisa ukuthi izwe-kazi liyayithola imigomo yalo ngokufanele, sisebenza nesikhungo i-COVAX no-kuholwa iThimba lase-Afrika Eliqinisekisa Ukutholwa Komgomo. Ukuqaliswa ko-kugonywa kwabantu sekuqa-lile ezwenikazi futhi sifisa ukuba nenanibantu elikhulu ezwenikazi eseligomile uma kuphela unyaka wezi-2021 ukuze sizogoma inani elanele labantu.Sisebenze ngobunye ukuvikela impilo, abantu kanye nendlela yokuziphi-lisa ezwenikazi. Ngokwenzenjalo, sibonise ukwazi kwethu ukuthembela kithina kanye nekhono lethu lokuba abalawuli bentuthuko yethu.Ngaphandle kokubusa kwe-COVID-19, sikwazile futhi ukuphumelela kokuningana kwebesikubeke eqhulwini.Ngesikhathi sethu, iNdawo Yokuhwebelana Mahhala Ezwenikazi lase-Afrika (iAfCFTA) yethulwa ngokusemthethweni, okwakumeme-zela inkathi entsha yokuhwe-belana ezwenikazi lase-Afri-ka kanye nokuhlanganyela kwezomnotho.Ngisho nangaphansi kwe-zimo ezinzima ezidalwe ubhubhane, izwekazi liphokophele phambili nephu-pho ‘lokuthulisa izibhamu’ ezwenikazi. I-AU ibilokhu izibandakanye ezingxoxweni ezithinta idamu i-Grand Ethiopian Renaissance Dam, ukuqeda udlame e-Libya nokugqugquzela ukuthula e-South Sudan.Okunye ebesigxile kukho ngesikhathi sethu kube ukuthuthukiswa kwabesifazane kwezomnotho, esizoqhu-beka nakho ngisho sekudlule isikhathi sethu kuze kwedlulele kwiShumi leminyaka Lokubandakanywa Kwabe-sifazane Kwezezimali Nakwezomnotho kuya kunyaka wezi-2030.Njengoba sesiphosela i-De-mocratic Republic of Congo (i-DRC) izintambo sishiya le nhlangano evelele endaweni enamandla amakhulu.INingizimu Afrika izoqhu-beka nokudlala indima yayo ukukhulisa ukuhlangana ezwenikazi, nokwesekela uSihlalo ozongena nenhlangano emizamweni yayo yokufeza izifiso ze-Agenda 2063 ye-AU.Ngesikhathi iNhlangano Yobumbano Lwamazwe ase-Afrika isungulwa ngonyaka we-1963, Ama-zwe Angamalungu atshala imbewu yokusebenzisana nobumbano ukuze kuzozu-zwa impilo engcono yabo bonke abantu base-Afrika.Akuqinisa ukuthi ukubumbana kwe-Afrika kwaku-baluleke kakhulu uma inhla-lakahle nenhlalonhle yabantu base-Afrika kwakumele iqinisekiswe.Umlando unobufakazi bokuthi le mbewu ayiwelanga njalo nje emhlabathini ovundile, eminyakeni edlule umsebenzi wobumbano lwezwekazi usubhekane nezithiyo eziningi nokuqala kokusebenza okuyinkohliso.Kodwa ukufa okulethwe yilolu bhubhane sekushu-kumise amazwe ase-Afrika ukuthi asebenze ngokuhlanganyela.Kulesi sihogo sosizi lwe-COVID-19, imbewu yobunye nokusebenzisana eyatshalwa izingqalabutho zakithi isiya-thela futhi iyachuma.Lesi sikhathi sokulingwa nesobunzima kube ngesinye sezikhathi ze-AU ezikhethekile.Kuyintokozo enkulu kakhu-lu ukunikwa ithuba lokuhola inhlangano ngalesi sikhathi, lapho yabonisa ukuthi achaza ukuthini amagama athi Ubumbano Lwamazwe ase-Afrika.Leli iphupho elifezekile lapho sonke isakhamuzi se-zwekazi lethu i-Afrika ku-mele siziqhenye ngalo futhi bagqugquzeleke ngalo.",zul,human,0
"Kukhona ukugxila okubi lapho abantu bezama ukubekela abafika ezweni izingcwaba mayelana nenhlekelele yobugebengu esibhekene nayo. Njengoba iNingizimu Afrika ingeyabo bonke abahlala kuyo ngokwezinkambiso zoSomqulu Wenkululeko, kufanele sibhekise amandla ethu ekulweni nobugebengu bokulwa nabo abenzi babo, hhayi abantu abafika ezweni. Kunokuba sidukiswe wukugxeka abafika ezweni, kufanele siphakamise isikhuthazo esithi: ""Yilwa nobugebengu, hhayi nabokufika.""",zul,machine,1
"Ngokwemibiko yeNhlangano yeManzi neSisekelo (DWS), ukuntuleka kwezimvula okukhona okudala ukwehla okukhulu kwezinga lamanzi emadamini. Lokhu sekwenze iziphathi mandla zithathe izinyathelo eziqinile zokulawula ukusetshenziswa kwamanzi ukuze kunwebwe isikhathi sokufika kosuku lokuntuleka kwamanzi. Kucelwa kubahlali ukuba babambisane ngokunakekela amanzi ukuze kuvikelwe isimo esibucayi sokuntuleka ngokuphelele.",zul,machine,1
"IKapa inabantu abehluka hlukene, ngaphandle nje kwezivakashi eziphuma emazweni; bonke bathola ithuba lokufunda ngokudla kwesiZulu,” kusho yena. Izindawo zokudla ezingama-50 Eziphambili Emhlabeni Kwaba yindlela yokupheka ukudla kwesintu ngendlela yesimanjemanje okwamubeka ohlwini lwe-50 Next, unyaka nonyaka olubu ngaza abantu abangama 50 abaneminyaka engapha nsi kwama-35 ubudala abenza ezibukwayo enkundleni yezokudla emhlabeni jikelele. Umnci ntiswano uvumela laba bapheki abahamba pha mbili abasebancane ukuthi baqhakambise ngokudla kwabo emhlabeni.UMolefe uhambele umcimbi wokunikezwa kwemiklomelo ngoNhla ngulana e-Bilbao, e-Spain, futhi uthi kwakungusuku olukhuthazayo kakhulu lokuxoxa nezinye izingcwe ti zabapheki.“Ngibe nenhlanhla ukuthola abantu abaphu ma kulo lonke leli lizwe futhi bayoyonke iminya ka yobudala ukuthi beze bazothokozela ukudla kwethu. Abantu banokungaluthandi usu namathumbu (ezangaphakathi zesilwane ezidliwayo) futhi ngifuna ukubabonisa ukuthi uma ukupheka ngendlela ekahle, kunga nambitheka kamnandi njengenye inyama.",zul,human,0
"Ubumbano lwemiphakathi lubaluleke kakhulu ekuthuthukiseni nasekuqinisekiseni impumelelo yezwe leNingizimu Afrika. Izigameko ezibuhlungu ezenzeke ezindaweni zase-Phoenix naseThekwini zisikhumbuza ngokubuhlungu okudalwa ukungaboni ngaso linye nokuhlukana phakathi kwabantu. Kubalulekile ukuthi zonke izizwe nemiphakathi abambisane ngokuthula ukuze kuvikelwe ukubuyela kulobo bunono. Ngokubambisana, singakha ikusasa elizinzile neliqhakazile elizuzisa wonke umuntu ohlala kuleli lizwe.",zul,machine,1
"Sizuzile ngokuba yingxenye yezwi linye eliphokophele ukwenza ngcono ukupha thwa komhlaba okwesekelwe phezu kokuhloniphana kanye nokulawula okulinganayo kwezizwe. I-BRICS iyingxenye yeqhi ngasu ebaluleke kakhulu ezweni lethu, futhi izoqhu beka ibe njalo isikhathi eside esizayo.",zul,human,0
"Ukwenyuka kokudlwengulwa kanye namacala ezocansi kukhombisa ukuthi abesifazane basazizwa besengozini kanti sebacishe balahlekelwe ithemba ohlelweni lwezomthetho. Ukuze kulungiswe le nkinga, kuthathwe imithetho emisha ehlose ukunqamula umkhuba wobudlova obubhekiswe kwabesifazane (GBV). Le mithetho ijolise ekunikezeni ubulungiswa obunothile nasekuqinisekiseni ukuthi abenzi bobubi bayagwetshwa ngendlela efanele. Inhloso enkulu wukuvikela impilo nezilungelo zabesifazane nokuqinisa ukuphepha emphakathini wonke.",zul,machine,1
"Ukwethulwa kwale Mithetho sivivinywa yomibili kusho ukuthi iNingizimu Afrika isiseduze ekufinyeleleni izi nsizakalo zempilo ezingujike lele okusho ukuthi i-NHI ma duze nje izoba ngumthetho. I-NHI yindlela yokuxhasa ngezimali ezoqinisekisa uku thi zonke izakhamuzi zase Ningizimu Afrika zihlinze kwa ngezinsizakalo zempilo ezibalulekile, kungakhatha liseki isimo sabo sokusebe nza kanye nokuthi bazokwazi na ukuba nabakufakayo ngqo esikhwameni. UMotsoaledi uthe uhulume -ni wazi kahle kamhlophe uku thi abanye abantu bakholelwa ukuthi ngaphambi kokukhu luma nge-NHI, kunesidi ngo sokulungisa izinsizakalo zempilo ezikhungweni zokwe lapha zikahulumeni ezidonsa kanzima kuqala. Uthe uhulumeni uzazi kahle izinkinga zekhwalithi embi kanye nokuntuleka koku sebenza kahle ohlelweni lwezempilo lukahulumeni.",zul,human,0
"Siyaqhubeka nokwenza inqubekelaphambili emizamweni yethu yokubhekana ne-COVID-19, kepha inselele yethu enku-lu isasimele ngaphambili. Kuzo zonke izifundazwe, sisebenzela ukwandisa isibalo samagumbi ezimo ezijwayelekile kanye ne-mibhede yeziguli ze-COVID-19 ezisesimweni esibucayi. Umthamo omumathwa yigumbi lasesibhedlela uyandiswa ezibhedlela eziningi ngokubambezela ukunakekelwa kweziguli ezingadingi usizo olu-phuthumayo, ukuguqulwa kwezinye izindawo zasezibhedlela zibe amawadi engeziwe kanjalo nokwakhiwa noma ukunwetshwa kwezibhedlela zesikhashana.Sisebenzela ukwandisa izinsiza zokuhlinzeka ngomoya-mpilo, imishini yokuphefumula neminye imishini kulabo abadinga ukunakekelwa okubucayi, kubandakanya ukuphambukisa usizo ngomoya-mpilo kwezinye izindawo ubhekiswe ezigulini ze-COVID-19. Sisebenzisa ubuchwepheshe bedijithali ukuqinisa ukuhlonzwa, ukuthungathwa kanye nokuhlaliswa ngabodwana kwabantu abake bahlangana nabantu abanegciwane, kanjalo nokuhlinzeka ngokwesekwa ku-labo abathola imiphumela ebika ukuthi banalo igciwane.Njengoba manje sesisondele kuvuthondaba lokutheleleka kwabantu ngaleli gciwane, sidinga ukucophelela kakhulu ekulandeleni izinyathelo zoku-phepha futhi siqinise izinyathelo ezikhona ukuze sehlisa izinga lokuthelelana ngegciwane.Izimiso ezibekiwe mayelana nokufakwa kwezimfonyo zizo-qiniswa.",zul,human,0
"Lesi sikole esiseMthatha, eMpumalanga Koloni, saqala ngokusebenza egalaji lakwaNkululeko Ralo, ilungu lomphakathi elalivumile. Eminyakeni eyedlule, isikole sabhekana nobunzima ngokuthutha izikhathi eziningi ngenxa yokuntuleka kwesakhiwo esifanele. Nokho, isimo sesishintshile njengoba i-ASIDI ingene ngokushesha yakha ingqalasizinda yesikole efanele. Lokhu kusize kakhulu ekunikezeni abafundi indawo ephikelele nephephile yokufunda.",zul,machine,1
"Lezi zifundo zibandakanya ukuqeqeshwa mayelana nokuthi iyini inkampani futhi yini umqondisi, abantu abasemqoka enkampanini, amagunya abaqondisi, izinjongo zezimali zomuntu siqu kanye nokungqubuzana kwezintshisekelo, imiholo nokwabelana ngezinzuzo kwabaqondisi kanye nebhodi labaqondisi. Ukuze ubhalisele ukuqeqeshwa, vakashela ku: www.elearning@cipc.co.za. Izinkantolo Zezinkampani UDkt Mohammed Chicktay, onguSihlalo weZinkantolo Zezinkampani i-CT, wachaza ukuthi le nhlangano isiza ekuhlinzekeni ngesixazululo esisheshayo ezingxabanweni zenkampani, eziphathelene nezicelo kanye nezikhalo ezenzi we ngokoMthetho Wezinkampani wama-71 kowezi-2008. Izikhalo zibandakanya amagama enkampani, ukuphathwa kwayo kanye nokukhululwa ekusunguleni amakomidi omphakathi kanye nezimiso zokuziphatha.",zul,human,0
"Lokhu kuyenzeka ngenxa yokuthi abantu abaningi baseNingizimu Afrika bayilandele imiyalelo yokuvalwa kwezwe, ukuqhelelana nabanye abantu kanye nokugqoka izifonyo zo-buso. Ngiyanibonga kakhulu ngalokhu nangakho konke ukuzinikela esenikwenzile.Kulesi sigaba sokudlondlobala kobhubhane, amanye amazwe abe nenani labasulelekile eliphe-zulu ukwedlula thina. Njenga-manje – okungusuku lwama-46 selokhu sabika isigameko se-100 segciwane lecorona – sesinezi-gameko eziqinisekisiwe eziyizi-6 783. Izwe lase-Italy, elinenani labantu elifanayo nelethu, libe nezigameko ezingaphezu kwe-zi-140 000 kanye neMelika ibe nezigameko eziqinisekisiwe ezilinganiselwa ezi-700 000 esikhathini sezinsuku ezinga-ma-46.Kodwa lokhu akusho ukuthi ubungozi sebudlulile.",zul,human,0
"I-GEPF isenzile kube lula kakhulu ukuba amalungu ayo kanye nemindeni yabo bafake izikhalazo zabo. Ukuze kuqinisekiswe ukuthi wonke umuntu uphathwa ngendlela efanele, ibhodi lisanda kusungula iHhovisi Elilamula Ezezimpesheni Zabasebenzi elizoba nendima yokulawula nokuxazulula lezi zinkathazo. Lenyisizalo ihlose ukunikeza usizo olusheshayo nolunembile, okukhombisa ukuzibophezela kwe-GEPF ekuthuthukiseni inkonzo kubasebenzi nabaphumule.",zul,machine,1
"Kubaluleke kakhulu ukuthi wonke umuntu aqinisekise ukuthi ubhale incwadi yefa ukuze kuvikeleke ukungaboni ngaso linye emndeni ngokuhamba kwezinto. Uma umuntu eshona engayibhalanga le ncwadi, izimpahla zakhe zizokwabiwa ngokomthetho we-Intestate Succession Act kulabo abanelungelo lokuzithola. Lokhu kungaholela ekutheni ifa lakho lingayi kubantu obukade ufisa ukulishiyela bona. Thatha isinyathelo namuhla, ubhale incwadi yefa ukuze uvikele ikusasa labathandi bakho.",zul,machine,1
"Usuku Lomhlaba LweDown Syndrome lugubha ngenhloso yokukhulisa ukuqonda nokunika isithunzi abantu abaphila nale nkinga. I-Down Syndrome iyingxenye yokuphazamiseka kumachromosome okuqubuka ngesikhathi ukhulelwa, okudala ukuthi umuntu azalwe nezimo ezithile. UDkt Midah Maluleka, odokotela eMpu, uqaphela ukuthi ukwengezeka kwama-chromosome kuholela ekutheni kube nokuhlukana ekukhuleni kwengqondo nomzimba. Ngakho-ke, kubalulekile ukuthi sisekele futhi simukele bonke abantu ukuze baphile impilo enenjabulo nentokozo.",zul,machine,1
"Kuvuliwe ithuba lesibili kubantu abafuna ukuzitholela izitifiketi zabo zomatikuletsheni. Umqondisi wohlelo, uDkt Sandy Malapile, ugcizelela ukuthi isitifiketi sikamatikuletsheni sibaluleke ngendlela eyisimanga. Uthi ngaphandle kwaso, iminyango yamathuba eminingi ihlala ivalekile kubantu. Lolu hlelo luhlose ukusiza labo abafuna ukuphucula imiphumela yabo ukuze bavule amathuba amasha empilweni.",zul,machine,1
"Kumele baqhubeke nokukhiqiza ubuntatheli obungale kwezihloko namakhasi okuqala futhi o bunegalelo ekuthuthukiseni uluntu. Kumele babike izindaba ezimnandi nezimbi, inqubekela-phambili esiyenzayo kanye nezinselele esibhekana nazo.Ukwethembeka kubaluleke kakhulu ekugcineni ukuthembana phakathi kwezi ntatheli nomphakathi. Uma izintatheli zivuma ukuthi zona noma izizindakusebenza zazo zisetshe nziselwe izimpi zepolitiki noma ukuziphindiselela e sikhundleni sokwenza lokhu okufanele, ukwethembeka kwazo kuyathunazeka. Uma abezindaba besabalalisa izindaba ezingelona iqiniso noma lezo abaziyo ukuthi zingamampunge, umphakathi ulahla ithemba kubona.Kukuyena wonke umuntu othanda leli lizwe futhi ofisa ukuthi liphumelele ukuthi abezindaba bakithi baya sekelwa, futhi bangaphaza nyiswa emsebenzini wabo.",zul,human,0
"Ngaphezu konyaka, sesi sebenze ngokubambisana njengomphakathi ukunqa nda lolu bhubhane. Manje njengoba sisebenzela uku linqoba, sidinga ukuphinde siqinise ukuzimisela kwethu sonke ukuthi siziphathe ngendlela eqotho neno kuqaphela. Uma senza njalo, siyobe si fezekisa imiyalezo yomhlaba yethemba, insindiso, inkulu leko kanye nobunye ezobe ikhulunywa emasontweni, kumasinagoge, emamosque kanye nasemakhaya asendaweni yakithi ezinsukwini nasemavikini azayo.",zul,human,0
"Nakuba abenzi bobugebengu bangase bacabange ukuthi baphumelele ngokudabukisa umbuso, iqiniso lithi ubugebengu abubuyiseli. Ingalo yomthetho inde, okusho ukuthi akukho muntu ongabalekela ukuboshwa noma ukuhlawuliswa ngezenzo zakhe ezimbi. Inkantolo ekhethekile iqinisekisa ukuthi ubulungiswa buyafinyelela kubo bonke abaphule imithetho, okuqinisekisa ukuthi wonke umuntu ubhekana nemiphumela yakhe.",zul,machine,1
"Sizethulela isigqoko lezi zakhamuzi zaseNingizimu Afrika ezidela imizi yazo, imi ndeni kanye nabathandiweyo ziye emitholampilo, ezibhedle-la nakwezinye izikhungo zeze-mpilo mihla namalanga. Lapho ezifika zihlinzeke ngemisebe-nzi yokunakekela ngokweze-mpilo, ezokusekwa ukupha-thwa kwemisebenzi kanye neminye imisebenzi njengoku-hlanza nokuhlinzeka ngokudla. Njengoba zenza imisebenzi yazo ngobungcweti, nathi kumele sizitshathe kanye nemindeni yazo emahlombe ethu. Impilo nokuphepha kwazo kumele kube seqhulwini.",zul,human,0
"Izikhungo zokuthuthukiswa kwabantwana ziyisihluthulelo esibalulekile sokwakha ikusasa lethu eliqhakazile. Leli sikhungo lakhiwe inhlangano ye-Impande South Africa, ngokwesekwa yi-Nelson Mandela Foundation, kuye ngenjongo yokwakha isisekelo esiqinile sabantwana. Ukuzinikela okukhulu kwabasebenzi balesi sikhungo kuyinto ekhuthazayo kakhulu, okukhombisa ukuzikhandla okungaka ekukhuliseni isizwe esizayo.",zul,machine,1
"Emva kwezikhukhula, kubalulekile ukuqala ngokuhlanza nokulungisa imvelo ukuze kuqinisekiswe ukuphepha kwabo bonke abantu. Ukubambisana nokusekelana emphakathini kuyisihluthulelo sokwakha kabusha izindlu namabhizinisi ngokushesha nangempumelelo. Kudingeka futhi sifunde kulesi simo ngokusebenzisa izindlela ezingcono zokwakha nokulawula amanzi ukuze kuvikelwe imonakalo esikhathini esizayo. Ngokubekezela nangomqondo omuhle, kungenzeka ukwakha indlela yokuphila eqinile futhi ezimile.",zul,machine,1
"Usuku Lomhlaba Lwabahlengikazi luyithuba elibalulekile lokubonga laba bantu abazidela ukusiza imiphakathi yethu. Abahlengikazi basebenza kanzima ukuxazulula izinkinga zomphakathi nokuletha ithemba kulabo abasedingeni. Ngoba baqeqeshelwe ukusebenzisana nabantu, basiza ekulungiseni imindeni nokuvikela amalungelo ababuthakathaka. Sithi siyabonga kakhulu ngothando nokuzikhandla kwenu ekuthuthukiseni izimpilo zabantu.",zul,machine,1
"Umthelela kwezomnothoUkuzingelwa kobhejane kanye nokushushumbiswa kwezi lwane kunomthelela omubi ekuthuthukisweni komnotho wezwe kanye nasekudalweni kwamathuba omsebenzi, oku-hlanganisa ukuthuthukiswa komnotho onhlobonhlobo wezemvelo ohlanganisa no mkhakha wezokuvakasha. “Ukulahleka kohlobo lwezi lwane oluyingqalabutho kakhulu lwaseNingizimu Afrika olufana nobhejane, nongesinye ‘Sezilwane Ezinku-lu Ezinhlanu’ kungaba nomthe-lela omubi ngokuphathelene nenani lezivakashi eNingizimu Afrika. Izivakashi eziningi eziza eNingizimu Afrika zizela ukuzobona Izilwane Ezinhlanu Ezinkulu, nokuwubhejane, ibhubesi, inyathi, ingwe kanye nendlovu,” kusho isitatimende soMnyango Wezendawo. Ukuzingelwa kobhejane sekwaziswe njengengozi yezokuphepha ezweni, enga ba nomthelela kuamanani ezivakashi ezivakashela izwe, futhi uhulumeni usememezele ukuthi kuwubugebengu obuse qhulwini kuzwelonke.",zul,human,0
"Singeze neze sazinika ithemba lokuthi singaqeda i-HIV uma sisaziba izidingo, ukukhathazeka kanye namalungelo engxenye yenani-bantu lakithi.INingizimu Afrika kufanele ukuthi ikhuphule amasokisi ezinyathelweni zayo zokuthi kusokwe abesilisa abasha ukuze kuncishiswe ubungozi bokuthi bathole i-HIV . Ukuso-kwa okungaphephile akumele neze kugcine kunika abesilisa abasha izinkinga zempilo zangunaphakade, futhi akukho na-munye okufanele ukuthi abulawe ukusokwa. Kumele siqinisekise ukuthi abesilisa abasebasha ba-sokwa ngendlela ephephile. Sigqugquzelwa yimiphu-mela yocwaningo lwakamuva olumayelana nezindlela zoku-vikelwa kweSandulela ngculazi ipre-exposure prophylaxis( i-PrEP).",zul,human,0
"Kubanikazi abaningi bama bhizinisi, ukubona ibhizinisi olikhulisile kusuka ekuqaleni lithwele kanzima ekutheni liphokophele phambili, noma ukuphoqeleka ukuthi livalwe, kuzwisa ubuhlungu obukhulu. Kusuka kubheduka ubhu bhane lwe-COVID-19, lobu buhlungu bube yisimo esi bhekane namabhizinisi amaningi amakhulu kanye namancane, hhayi ezweni lakithi kuphela nje kodwa umhlaba wonke jikelele. Ubhubhane kanye nezinyathelo obekufanele sizithathe ukunqanda ukubhebhetheka kwegciwane le-corona zibe nomthelela omubi emabhizinisini. Ekubhekaneni nalolu bhubhane siye sadinga uku sebenzisa indlela enobufa kazi benqubomgomo kanye nokwenza, ngokubheka ucwaningo lwezesayensi, ubu ngcweti kanye namandla ezokwelapha, kanye nomthelela kuyo yonke imikhakha yomphakathi.",zul,human,0
"Izazi zezempilo zase ziqhakambise ngokukhula kwesibalo sabantu abanegciwane i-COVID-19, okusevele kwenzeka manje. Kukhonjiswe ukuthi abantu baseNingizimu Afrika abangaphezu kwekota lesigidi sebetheleleke ngalesi cigawane. Ngakho-ke, kubalulekile ukuba sonke sibambisane ukuze sisize ekunqandeni ukusabalala kuka-COVID-19 emphakathini.",zul,machine,1
"Uma impilo ikujikijela ngolamula, ukulima kungaba yindlela enhle yokuzivusa nokuthola amathuba amasha empilweni. Uhlelo Lokwesekwa Nokuthuthukiswa Kwabalimi lusiza intsha efana noWayne Mansfield ukuba ishintshe indlela yempilo yayo ngokungena kwezolimo. Ngisho noma uWayne ebisebenza njengomdayisi, manje ufunda ukuthi ukutshala kungaba yisihluthulelo sokuzimela nokuziphilisa. Lokhu kukhombisa ukuthi ukulima kuyithuba elivulekile kubantu abafuna ukuqala kabusha nokwakha ikusasa eliqinile.",zul,machine,1
"“Bengihlala ngisho ngokwami ukuthi, ukube angizange ngigonywe, ngoZibandlela lapho ngesuleleka ngeCOVID-19, mhlawumbe ngabe angimile lapha,” esika kwelijikayo. UMongameli uzinike isikhathi sokunxusa abantu baseNingizimu Afrika ukuthi bathathe umgomo osindisa impilo futhi baqhubeke nokulandela izinyathelo eziyisisekelo sezempilo futhi bahlale beqaphile. “Sizokwazi ukuqhubeka nempilo yethu, ngisho naleli gciwane liphakathi kwethu,” usho kanje, wengeza ngokuthi lolu bhubhane selubhebhethekise uqhekeko phakathi kwalabo abasebenzayo kanye nabangasebenzi. Isikhwama Sobumbano UMongameli uRamaphosa umemezele ukuthi Isikhwama Sobumbano siqoqe izigidigidi ezi3.4 zamarandi kubantu baseNingizimu Afrika kanye nasezinkampanini ezingaphezu kwezi300 000, ngesikhathi abantu abangaphezu kwama-400 kanye nezinkampani eziyi100 bezinikele ngesikhathi nemisebenzi yabo.",zul,human,0
"Umhuhiso owengeziwe kwabamabhizinisi asemanca ne, labo abaqasha abantu abasha abaneminyaka yobu dala ephakathi kweyi-18 kuya kwengama-29, bazofaneleka Izaphulelo Zentela Zokuqa sha ezilingana ne-R1 000 nge nyanga. Abantu abasha bohlelo lweYES kufanele babe: • Neminyaka yobudala ephakathi kweyi-18nengama-34.• Ukuthi bebangasebe nzi isikhathi sezinyanga eziyisithupha. • Abantu abamnyama (Owomdabu, Oyikhala di noma oyiNdiya). • Uma kwenzeka izi nkampani zifuna uku faka isicelo seSaphule lo Sentela Sokuqasha, intsha kufanele kube ineminyaka yobuda la ephakathi kweyi-18 nengama-29.",zul,human,0
"Inkantolo ekhethekile isiqalile ukunikeza isibonelo esicacile sokuthi ubugebengu abubuyiseli. Nakuba labo abaphulaphule umthetho bengase bacabange ukuthi sebaphumelele, kumele bazi ukuthi ingalo yomthetho inde kakhulu. Akukho ndawo yokucashelwa, ngoba umthetho uzofika kuwo wonke umuntu ozama ukudlala ngalo.",zul,machine,1
"Intsha yaseNingizimu Afrika ibonakala njengomthombo omkhulu wogqozi nethemba ekusaseni lezwe. Noma ngabe bahlala kuphi futhi noma ngabe benzani, bonke ngamunye banentshi-sekelo yokushintsha umhlaba. Ngesikhathi befuna ngoku-ngangabazeki ukuthuthukisa izimpilo zabo, baphinde bafise ukubona umphakathi wakubo uthuthuka futhi ube ngcono.",zul,machine,1
"Laba balimi abangama-30 bathole amatayitela obuni kazi balo mhlaba kuMonga meli u-Cyril Ramaphosa emva kokuba UMnyango Wezemisebenzi Kahulu meni kanye neNgqalasizinda unikezele ngalo mhlaba ngenhloso yokuwaba kabu sha. Lo mhlaba ubiza isamba semali esingaphezulu kwe zigidi ezingama-25.5 zama randi kodwa unikezelwe kulaba balimi mahhala. “Lolu ngusuku oluhle ka khulu impela kumphakathi wase-Tafelkop, kubantu base-Limpopo, futhi ngo kunjalo kubo bonke abantu baseNingizimu Afrika. “Namhlanje singofakazi bokufezwa kwephupho lalo mphakathi.",zul,human,0
"UMabitsela, ovela endaweni yase-Modimolle e-Limpopo, uhlangabezane nesimo esinzima lapho efuna imali-mboleko ebhange ngoLwezi kowezi-2020, kodwa watshelwa ukuthi usezakweletini ngokwedlulele. Lokhu kudalule ukuthi kukamazisi wakhe kwebiwe, okwenza ukuba abanye basebenzise imininingwane yakhe ukuthatha imali ngaphandle kwemvume yakhe. Le ndaba isixwayisa ngokubaluleka kokugcina imininingwane yethu eyimfihlo iphephile ukuze sigweme ukwebiwa kukamazisi okungabhulala isimo sezimali sethu. Kucelwa ukuba abantu bahlole imibiko yabo yezikweletu njalo ukuze babone noma kukhona okungahambi kahle.",zul,machine,1
"Enkulumweni yakhe Echaza Ngesimo Sezwe (SoNA) yangonyaka we-2022, uMongameli uCyril Ramaphosa ugcizelele kakhulu ukubaluleka kokuthuthukisa izimpilo kanye nendlela yabantu yokuziphilisa. Ubike ukuthi lo msebenzi uzokwakhela phezu kwesisekelo soHlelo Lokwakhiwa Kabusha kanye Nokuvuselelwa Komnotho ukuze kube nokuthuthuka okuqondile. Lokhu kuhlose ukuqinisekisa ukuthi kudalwa amathuba emisebenzi futhi kuncishiswe ububha ezweni lonke.",zul,machine,1
"Luwuhlelo oluhle kakhulu oluqaliswe nguhulumeni futhi akungabazeki nakancane uku thi luzosiguqula isimo sezinto, ikakhulukazi kubantu abasha njengami abagibela izithuthi zomphakathi nsuku zonke besuka eSoweto belibangise eNyuvesi yaseGoli e-Auckland Park.”“Okungenani manje sengiya kwazi ukuhlela uhambo lwami kangcono, ngokwemali engi -nayo, futhi ngenze nesilinganiso sezikhathi zokuhamba ngize ngifike lapho ngiphokophele khona.”“Ngicabanga ukuthi lolu wu hlelo-kusebenza olumangazayo impela futhi njengomuntu ongeyena owokudabuka ku lesi sifundazwe, luzongisiza kakhulu uma kufanele ngiha mbe ngezithuthi zomphakathi,” kusho uKhanyo Malunga, ngesikhathi ekhuluma no Vuk’uzenzele e-Blairgowrie. “Uma ngize lapha ngizokwe nza inhlolokhono, ngizokwazi ukuhlela kangcono futhi ngazi nendlela yami kanye nokuthi ngiyaphi,” kwengeza yena. Lolu hlelo-kusebenza lutho lakala kumadivayisi e-Android nama-iPhone, ezitolo ezihluka hlukene zezinhle lo-kusebenza zokuxhumana .",zul,human,0
"Ukulahleka kwemisebenzi okubangelwe ukuvalwa kwezwe sekwandise inkinga yezinkampani zabezindaba ezivele zibhekene nezi nselele ezifana nezimali zokukhangisa, ukusatsha laliswa kwephephandaba kanye nesabelo semakethe esesihlwithwe izindaba ezikhishwa ngomakhale khukhwini nangobunye ubuchwepheshe. Lezi zingqi namba zemali zihlasele yonke indawo, kusuka kuzindaba zaku-inthanethi kuya kulwa zi olubhalwe ephepheni kuya kubasakazi. Lolu olunye lodaba olwa phakanyiswa ngesikhathi sezingxoxo zami zakamuva nje nenkundla Kazwelonke yaseNingizimu Afrika Yabahleli i-South African National Editors’ Forum. Esikhundleni sokubalisa ngekusasa labo, kunalokho, imboni yabezindaba isebenza kanzima ukuhlela kabusha ibhizinisi, ukuza nezindlela ezintsha kanye nokugcina abasebenzi ngayo yonke indlela.",zul,human,0
"Ngokusemthethweni, i-National Health Laboratory Services (NHLS) isiqinisekise ukuthi isifo se-Monkeypox sikhona eNingizimu Afrika emuva kokwenziwa kwezivivinyo zaselabhorethri. Leli sigciwane lingahlasela umzimba, ngakho kubalulekile ukuba abantu baqaphele izimpawu ezifana nemaphuphu emzimbeni, ukushisa komzimba, kanye nokukhuluza kwama-lymph nodes. Uma ubona lezi zimpawu, sicela ukhulume nodokotela ngokushesha ukuze uthole usizo lokwelashwa okufanele.",zul,machine,1
"Kwethenjwa ukuthi igu mbi leli ngeke nje ligcine ngo kweseka omama abancelisayo abasebenzayo kuphela, ko dwa lizophinde likhutha ze neminye iminyango ukuba yeseke abesifazane abancelisayo ezindaweni zomsebenzi. Abasebenzi bomnya ngo bangakwazi nokuba abazanyana babo babale thele izingane emsebenzini ngesikhathi sesidlo sasemini ukuze bazincelise ibele. Igu mbi lizophinde lisetshe nziswe nangomama abafuna ukukhama ubisi ngesikhathi somsebenzi. Omunye wabasebenzi bo mnyango uMpho Kutumela nongumama wamawele a nezinyanga eziyi-11 ubuda la, umfana nentombazane, wesese kakhulu ngale nsiza.",zul,human,0
"Abazali nabagadi bakhuthazwa ukuba baqaphele izimpawu zokuqala zomdlavuza ebantwaneni. UMxhumanisi weNhlangano Yomdlavuza Wabantwana eNingizimu Afrika (i-CHOC), u-Taryn Seegers, uthi ukwazi lezi zimpawu kubaluleke kakhulu ekusindiseni izimpilo. Lokhu kubalulekile ngoba uma umdlavuza uhlo nzwe kusenesikhathi futhi welashwa, kuba maningi amathuba okwelulama ngokugcwele.",zul,machine,1
"“Ngesikhathi ngikhula, ngangimbona umdlwenguli eKatlehong futhi ngaya ngokuba nolaka. Ngangingakwazi ukwe mukela ukuthi wayengazange ajeziselwe into ayenzile.”Ngesikhathi esekhulakhulile, futhi eyibhungu elinamandla, uTshepo wayengasakwazi uku gcina ngaphakathi ulaka lwakhe, futhi wayeshaya owahla sela udadewabo la embona khona. Wayeka ukuba yingane enokuthula waphenduka umuntu omusha onolaka. Zimbili izinto ezasindisa uTshepo kule ndlela yobudlova.",zul,human,0
"Abaholi bendabuko badlala indima ebalulekile ekululameni nasekuletheni ukuthula emiphakathini yabo. Ukukhothama kwezinkosi ezinkulu njengo-Goodwill Zwelithini kaBhekuzulu kanye no-Kgoshikgolo Thulare III kukhombisa ukuthi lobu buholi buyinsika ekubumbeni izizwe. Labo baholi bayasiza ekuhambiseni isizwe ngendlela efanele ngezikhathi zobuhlungu, baqinisekise ukuthi amasiko ayahlonishwa. Ngakho-ke, ubuholi bendabuko buhlala buyisihluthulelo esibalulekile ekugcineni ubunye nokululama kwesizwe.",zul,machine,1
"Eminyakeni eyi-11 selokhu sahlanganyela ne-BRICS, ubulungu bethu buthuthu kise kakhulu intshisekelo yezwelonke. Ukuba yilungu le-BRICS kukhulise izinga esikulo njengomnotho oba lulekile osafufusa. Kusenze safinyelela ku mthethonqubo nobuchwe pheshe bokusebenza kwemi notho emikhulu nethuthukile, kanjalo nokufinyelela ekwe sekweni yi -National Deve lopment Bank . Kuqinise ubushoshovu be thu enkundleni yomhlaba jikelele, ikakhulukazi maye lana nokuguqulwa kwezi khungo ezehlukahlukene.",zul,human,0
"Awukho umgomo ohlinzeka ngokuvikeleka okungama-phesenti ayi-100. Ukugonywa kwenani elanele labantu nakho kakuhlinzeki ngokuvikeleka okuphelele kulabo abangagomile. Noma kunjalo, ngokugonywa kwenani elanele labantu, laba bantu bazoba nokuvikeleka okusezingeni elikahle.Ngakube ukugoma kuphephile na?Imigomo ye-COVID-19 idlula kwinqubo enomsebenzi omkhulu, enezigabagaba zokuhlola, okubandakanya ukuhlolwa kokusebenza kwayo okufaka phakathi izinkulungwane eziyishumi zabantu.Wonke umgomo osetshenzisiwe ohlelweni lokugoma abantu abaningi eNingizimu Afrika kumele ugunyazwe ukusetshenziswa inhlangano Yeziphathimandla Ezilawula Imikhiqizo Yezempilo eNingizimu Afrika i-South Afri-can Health Products Regula-tory Authority. Umgomo i-Oxford University-AstraZeneca usuvele ugunyaziwe kakade ngabalawuli abehlukahlukene emhlabeni jikelele futhi usuqalile ukukhishwa unikezwe abantu kwamanye amazwe.Ngakube iNingizimu Afrika izoyithola kuphi imigomo yayo yokuqala?Amaqoqo okuqala amabili emigomo azofika eNingizimu Afrika (abalelwa esi-gidini ngoMasingana kanye nayizi-500 000 ngoNhlolanja) ngawemigomo i-Oxford University-AstraZeneca evela e-Serum Institute of India.",zul,human,0
"Ukuze kuvikelwe ukukhula kwabesifazane abasebancane, kubalulekile ukuba banikwe imininingwane efanele nokusekelwa okugcwele emiphakathini yabo. Intombazane ngayinye kumele nikwe amandla okuthatha izinqumo ezifanele mayelana nomzimba wayo, kungaba ngokukhetha ukuzilwa kocansi noma ukusebenzisa izindlela zokuzivikela. Ukuxhumana okuhle nabazali kanye nabaeluleki kuyasiza ekutheni bagweme ingcindezi futhi benze izinqumo ezinempilo zekusasa labo. Lokhu kuvikela ukukhula kwabo kusho ukuhlonipha imingcele yabo nokuqinisekisa ukuthi bathola imfundo efanele.",zul,machine,1
"Lengeze ngokuthi izakhamuzi kufanele zithole imvume ku-DWS uma zifuna ukudayisa noma ukuthenga amanzi asemapitsini/nasemithonjeni yamanzi. Njengomzamo kahulumeni wokulawula ukusetshenzi-swa kwamanzi, i-DWS ithe iziphathimandla zibeke izi-nyathelo eziqinille ukuqikelela ukuthi ukuphakelwa kwamanzi ngendlela ebekelwe imikhawu-lo kuyalandelwa. Idolobha futhi lisebenzisana nethimba eliqinisekisa uku landelwa komthetho kanye noPhiko Oluphenyayo Olu-khethekile ukuqikelela ukula-ndelwa komthetho. Ukuthathela izinyathelo abaphula umthetho Umnyango ngokuhlanganyela nedolobha usanda kugasela eMfuleni, ugxile ezenzweni zokusetshenziswa kwamanzi ngokungekho semthethweni.",zul,human,0
"Ukuze kufikeleleke intuthuko eqinisekile, kubalulekile ukuba kube nemisebenzi kahulumeni eqeqeshekile futhi enezikhwama zolwazi. Lokhu kusho ukuthi abasebenzi bomphakathi kumele babe nokuqeqeshwa okusezingeni eliphezulu, babe nokuzikhandla, kanye nokulandela imithetho yokusebenza ngokwethembeka. Uma imisebenzi ihlelwa futhi iphathwe ngabantu abanolwazi, ukulethwa kwezidingo zomphakathi kuyashesha futhi kuba seqhuba. Ngakho-ke, ukugxila ekuthuthukiseni amakhono asebenzi kahulumeni kuyisihluthulelo sokwakha isizwe esiqhambayo nesiphumelelayo.",zul,machine,1
"Ichweba laseThekwini libonakala liqhubeka nokuvula iminyango eminingi yezomnotho eNingizimu Afrika. Lokhu kuvelele emva kokuxoxisana nabaphathi abakhulu bakwaTransnet, okugcine ngokuvakashelwa kwezibuko ogwini lolwandle ngesikebhe esisetshenziselwa ukuthutha impahla. Ukuthuthukiswa kwale ndawo kuzovula amathuba amaningi emisebenzi, kanti kuzoqinisekisa ukuthi izwe lethu lihlala lixhumene nomhlaba wonke ngokusebenza kahle kwezothutho. Lolu hambo luqinisekisa ukuthi iThekwini liseyisikhungo esibalulekile ekuthuthukiseni ikusasa lezoqoqo zezomnotho ezizovuselela izwe.",zul,machine,1
"Izinda zokwakha ziyindawo efanele kakhulu yokufundela onjiniyela abasaqeqeshwa. Kulezi zindawo, bathola ulwazi olubalulekile ngokubona nokusebenza phakathi kokuduma kwemishini nokuzikhandla kwabasebenzi. Lokhu kubasiza ukuba baqonde imisebenzi yangempela yokwakha ngendlela ecacile. Ngakho-ke, ukufunda ngokuzibonela kulezi zindawo kunika isizinda esiqinile sokusebenza.",zul,machine,1
"i-RTMC ikhuthaza abashayeli ukuba bayolanda amakhadi abo elayisensi yokushayela emuva kokutholakala ukuthi amaningi asasezikhungweni. NgokweNhlangano Elawula Izimoto Emgwaqeni (i-RTMC), ngama-42% kuphela amakhadi elayisensi yokushayela kwayizi-32 748 akhiqizwe aselandiwe. UNgqongqoshe WezoThutha, uFikile Mbalula, ubiza abashayeli ukuba bayolanda amakhadi abo ngokushesha ukuze kuhleleke imisebenzi yezomgwaqo.",zul,machine,1
"Ngokwe-DWS kube nokuntuleka kwezimvula futhi kwehla nezinga lamanzi emadamini. Lokhu sekwenze iziphathi mandla zibeke izinyathelo eziqi nile ukunweba isikhathi sokufika kosuku lokuntuleka kwamanzi, lapho amathangi azobe omile. IDolobha laseKapa liqala imikhawulo yezinga u-6B. Lokhu kuchaza ukuthi kuzoba nomkhawulo wansuku zonke wamalitha amanzi angama-50 noma angaphansi kumuntu ngamunye, osekhaya, emsebenzini, esikoleni noma kwenye indawo.",zul,human,0
"Imithetho emithathu emisha isivele iyasebenza njengamanje ukuqinisa ubulungiswa kubugebengu kanye nokweseka labo abasindile. “Ukuqaliswa ngokusemthethweni kwalo mthetho kuzohambisana nokuqinisekisa ukuthi amacala ashushiswa ngokufanele, ukuthi labo abasindile bavikelekile futhi nokuthi ziningi izindlela ezisebenza kahle ezinganqanda lolu dlame.” Owodwa wemithetho emisha uMongameli uRamaphosa abekhuluma ngawo uMthetho Ochitshiyelwe Wobugebengu kanye Nezindaba Ezihlobene nawo ovikela abantu ababuthakathaka ekubeni yizisulu kabili. Lo Mthetho uvumela izinkantolo ukuba ziqoke abalamuli abazosetshenziswa lapho ingane encane, umuntu okhubazekile noma umuntu omdala ehlolwa lapho kuqhubeka icala. UMongameli ubephinde ebhekise eMthethweni Ochitshiyelwe Womthetho Wobugebengu (Amacala Ocansi kanye Nezindaba Ezihlobene nawo) ovimbela ukunukubezwa ngokocansi kanye nokuheha ngokocansi abantu abakhubazekile ngokomqondo.",zul,human,0
"Uhlelo lwe-YES luthulwe nguMongameli Cyril Ramaphosa ngenhloso yokusiza intsha ukuthi ithole imisebenzi. Lolu hlelo luhlinzeka ngamakhono asemqoka emicikilishweni edingekayo ukuze intsha ikwazi ukuzilungiselela kahle emhlabeni womsebenzi. Inhloso enkulu wukwakha umnotho othuthukisayo futhi olungisa impilo yabantu. Ngenxa yalokhu, intsha iyaluisekela lolu hlelo njengesixazululo sokulwa nokungasebenzi.",zul,machine,1
"""Ungafinyelela lapho ofu na ukuya khona noma ku nini. Kumele wenze konke okusemandleni ukushintsha izimo zakho futhi uthuthu kise izimo ophila ngaphansi kwazo,"" kusho uMukhodiwa. Uhlelo Lwabantu Abasha Abathweswe Iziqu i-MISA lunabathweswe iziqu abangama-70, okubandaka nya abahleli bomumo wama dolobha nezifunda abanga ma-31, onjiniyela obuqodene nogesi abangama-24, onjiniyela abaqondene nezokudwe ba, ukwakha nokulungisa okwakhiwe abayi-12 kanye nabaphathi bamaphrojekthi nezinkontileka abathathu. Bonke basingethwe omasipala kuzo zonke izifundazwe eziyisishiyagalolunye nje ngengxenye yohlelo.",zul,human,0
"Iphupho lakhe lokwakhela umphakathi isikole laqala ngowe-1988, futhi ngonyaka owalandela lapho, waqala wabela umphakathi ngalo mbono wakhe. “Umphakathi wakithi wawugcwele izingane eziningi ezineminyaka okufanele ukuthi seziya esikoleni ezingenayo indawo lapho zingayofunda khona. Umbono wami wemukelwa yilungu lomphakathi uNkululeko Ralo, owani kela ngegalaji lakhe ukuthi lisetshenziswe njengegumbi lokufundela,” kusho u-Gilman. Wengeze wathi uRalo waqhubeka nokuhlela ikhonteyina yakwa-Telkom futhi yasetshenziswa njengegumbi lokufundela lokwengeza.",zul,human,0
"Ukubhalisela ukuvota kuzoba ngoNdasa wezi-2018. Isikhulu Sokhetho Esiyinhloko, uSy Mamabolo, uthe izikhungo zokuvota eziyizi-22 612 zizovuleka kulezi zinsuku. Lezi zikhungo zizovula ngempe-lasonto yangomhla ziyi-10 kanye namhla ziyi-11 kuNdasa wezi-2018, kusukela ngele-8 ekuseni.",zul,machine,1
Umphakathi wezenkolo ubambe iqhaza elikhulu ekulweni nobuhubo lwe-COVID-19 oluthathe izimpilo zabantu abangaphezu kwezigidi ezi2.5 emhlabeni jikelele. Lezi zinhlangano zinikeze ukusekelwa ngokomoya kanye nezeluleko kubantu ababephakathi kwalesi simo esinzima. Futhi zisize kakhulu ekusabalaliseni ulwazi olubalulekile nokunikeza usizo kubantu abaswele. Lokhu kukhombisa ukuthi ukubambisana kwenkolo nomphakathi kubaluleke kakhulu ekunqobeni izinkinga zezempilo.,zul,machine,1
"Ukwakha umphakathi ongenakho ukuQhwagwa koMbuso kusho ukuthi sisebenza ngokubambisana ukuqinisekisa ukuthi izinsiza zikahulumeni zisetshenziselwa ukusiza abantu, hhayi ukucebiswa ngabambalwa. Imisebenzi efana neyokhomishana kaJaji Raymond Zondo isizisa ekulondolozeni ubulungiswa ngokuveza iqiniso nokubonisa ukuthi akekho omkhulu kunomthetho. Kubalulekile ukuthi sonke sibe nokuthembeka nokuziphendulela ukuze sivikele izikhundla zikahulumeni ekugwinyweni nasekukhohlisweni. Ngale ndlela, singakha isizwe esiqinile lapho inkohliso nenkalukalo zingasakwazi ukubhidliza intuthuko yethu.",zul,machine,1
"Ukubhalisa umshado wesintu kubaluleke kakhulu ekunikezeni imindeni uvikeleko lwezomthetho oluqinile. Lokhu kusiza ekugcineni amalungelo abashadi, ikakhulukazi abafazi nezingane, lapho kuvela imibango mayelana nobufakazi noma ifa. Ngakho-ke, kubalulekile ukuthi zonke izinhlangano zomshado wesintu zibhaliswe ukuze kugwemeke imibango yasenkantolo nokungaphazamiseka kwemindeni.",zul,machine,1
"I-Driving Ambitions inhlangano ezinika amandla abantu abakhubazekile ngokubafundisa ukushayela izimoto. Lolu hlelo luwasiza ukuba babe nokuzimela, ukuze bakwazi ukuhamba kalula ngaphandle kokuthembele kwabanye. Njengoba kwenzeka ohlelweni lwe-QASA, lezi zinhlelo zidala amathuba okuthuthukisa impilo yabantu abakhubazekile. Ukufunda ukushayela kuvula iminyango eminingi emisebenzini nasekwakheni ikusasa elingcono.",zul,machine,1
"Lesi yisihlalo seNdlovuka zi sokuqala nokuwukuphela kwaso ezweni nasezwenika zi lonkana,” kusho uMonga meli Ramaphosa. UMongameli Ramaphosa uphinde waqinisekisa uku zibophezela kukahulumeni ekubuyiselweni kwesithu nzi nenhlonipho kubaholi bendabuko. Isihlalo seNdlovukazi ya Balobedu saqala ukwaziwa ngokusemthethweni ngoNda sa wezi-2016 emva kokuba iKhomishani Yezicelo Nezi ngxabano Zobuholi Benda buko (i-CTLDC) iqhube ucwaningo odabeni lwaBa lobedu, njengokwezicelo ezalethwa phambi kwe-CT LDC. “Uhulumeni uzibophezele ekuphumeleliseni imibande la yeSahluko 12 soMthetho sisekelo, ikakhulukazi ukubuyiselwa kwesithu nzi sobuholi bendabu ko bonkana entandweni yeningi labantu ehambisana noMthethosisekelo,” kusho uMongameli Ramaphosa.",zul,human,0
"Umbiko, ohlanganisa nekota yokugcina yowezi-2017, ukhombisa inqubekela phambili ngokuphathelene nenani la-baboshiwe, uphenyo kanye nabazingela bese beshushu mbisa izimpondo zobhejane asebegwetshiwe kanye nokwe-hla kancane kwesibalo sobhe-jane abazingelwa kuzwelonke ngowezi-2017 (1028), uma kuqhathaniswa nowezi-2016 (1054). Ngowezi-2017 kwaba khona ukwemukwa kwezimpondo zobhejane okuyisishiyagalo mbili Esikhumulweni Sezindiza i-OR Tambo International futhi kwaboshwa abangama-502 abasolwa ngokuzingela obhe jane nabayi-16 abasolwa ngo kushushumbisa izimpondo zobhejane, nokwaholela eku-theni isibalo sibe ngama-518, sehla sisuka kuma-680 ngowe-zi-2016. “Kuyadumaza ukuthi, abasebenzi bethu abangama-21 baboshelwa ukuzibandaka nya nokuzingelwa kobhejane ngowezi-2017,” kusho uNgqongqoshe uMolewa. Ukunqanda ukuzingelwa kobhejaneUhulumeni kanye nabambi sene nabo sebesebenzise izi ndlela ezahlukene nokunqanda ukuzingelwa kobhejane, ezi hlanganisa izinhlelo zokuqapha eziqiwini zikazwelonke kanye nokusebenzisa ubuchwe pheshe obuguqula isimo.",zul,human,0
"Abavakashi baphesheya kwezilwandle bamangaliswe kakhulu yizibiliboco zakuleli ezibashiyile bengavali umlomo. Leli su liyingxenye yokuGubha iNyanga Yezokuvaka, lapho kuphakanyiswa khona ubuhle bamagugu nezithebe zendawo. Umasipala uqoke amathimba ayisithupha aselokishini laseThemba Lethu nasePacaltsdorp ukuze bamukele laba bavakashi ngobunono. Lolu hlelo luhlose ukukhangisa ezokuvaka nokukhombisa ukulungela kwemiphakathi yasemakhaya ukwamukela izivakashi.",zul,machine,1
"Kungeniswe imithetho emisha eqinisa ukulwisana nodlame olubhekiswe kwabesifazane (GBV) ngenxa yokwenyuka kwamacala odlwengulo nezinye izenzo zobugebengu ezocansi. Le nyathelo lithathwe njengoba abesifazane basaqhubeka nokuhlalela ovalweni, okudala ukuthi abaningi balahle ithemba emthethweni. Le mithetho ihlose ukuqinisekisa ukuthi abenzi bobubi bayajeziswa ukuze kubuyiswe ithemba nokuphepha emphakathini.",zul,machine,1
"Izibalo zitshengisa ngokuso bala ukuthi uma singasukumi manje sishintshe izinto, kuzo ba khona izikhathi ezinzima kakhulu ezizayo. Ngokusobala, sichitha imali eningi ukudlula le esiyitho layo. Ngenxa yalokho, silokhu siphindaphinda siboleka, nezindleko zaleso sikweletu ziyakhuphuka. Eqinisweni, izindleko zesikweletu zi yizindleko ezikhula ngesivi nini esikhulu.",zul,human,0
"Namuhla, iNingizimu Afrika ibungaza amandla kanye nombandakanyeko lwabesifazane kwezomnotho. Isimo nabesifazane abakuso namuhla sehluke kakhulu kunaleso esabhekana nomama nogogo bethu ngowe-1956. Sesibuya kude kakhulu ekunikezeni abesifazane amandla nethuba lokuphumelela kwezezomnotho ezweni leNingizimu Afrika. Lokhu kuveza intuthuko enkulu ekubeni nabesifazane ababamba izikhundla ezibalulekile emphakathini.",zul,machine,1
"Ngokulinganayo, kumele siqede ukungafani emiholweni yabesilisa nabesifazane, bese sila-ndela isimiso somholo olinganayo oqukethwe kuMthetho Wokuqa-shwa Ngokulingana.Abesifazane kumele bavikelwe ekuhlukumezweni nasekuba-ndlululweni endaweni yokusebenza. Kusemahlombe abashayeli bezithuthi, abaphathi bamanyu-vesi, ibhodi elilawula ukuphathwa kwesikole kanye nezinhlangano zezenkolo ukwenza izimo abesifazane namantombazane abazo hamba, bafunde futhi bakhonze kuzo bephephile.Kumele siphokophele pha-mbili ngemizamo yethu yokuqeda ukuthi abesilisa bakhulu kunabesifazane, ukucwasana ngokobulili kanye nokunikeza amandla abesilisa. Yiyo le ndlela yokucabanga edala ukucindezelwa kwabesifazane.Kusezandleni zethu – sonke abesilisa nabesifazane – ukugcizelela ukuthi ubugugu, isikhundla kanye nombono womuntu wesifazane awukho mncane kunalowo wowesilisa. Kusezandleni zethu njengabazali kanye nogogo no-mkhulu ukuphatha nokukhulisa amadodana namadodakazi ethu ngokufana.",zul,human,0
"Phakathi kukaMasingana kanye noZibandlela wezi-2017, kwazingelwa obhejane abanga-ma-504 e-Kruger National Park (KNP), nokungamaphesenti ehle ngama-24 kunama-662 angowezi-2016. “Ngenxa yendlela yokunqanda ukuzingelwa kobhejane e-KNP sibona yehla imizamo yokuzingelwa kobhejane esiqiwini, kuqoshwe izi-2662 ngowezi-2017 uma kuqhatha-niswa nezi-2883 ngowezi-2016. Lokhu kukhombisa ukwehla kwamaphesenti ngo-7.6,” ku-qinisa uNgqongqoshe. Noma kunjalo, sekwenyuke isibalo sobhejane abazingelwe KwaZulu-Natali, eNyakatho Kapa, eMpumalanga, eFreyi stata kanye nasesiFundazweni saseNyakatho-Ntshonalanga.",zul,human,0
"Manje sesazi okuningi ngalesi sifo nokuthi singakugwema kanjani ukubhebhetheka kwaso. Naphezu kokuba omunye angakubiza ngokuthi 'ukukhathaliswa ngubhubhane', ukuzimisela kwethu akwehlile neze njengabantu baseNingizimu Afrika ukuthi senze lokho okumele sikwenze.Njengoba sithobela kakhulu kunakuqala izinyathelo zokugwema ukusuleleka ngegciwane, sizophinde si-qalise umkhankaso omkhulu wokugoma. Uma abantu abaningi begonywa, sizosindisa izimpilo futhi siqhu-beke nokunciphisa ubungozi bokusuleleka kubantu.Ukuthola imigomo eyanele ngokushesha okukhulu no-kuqinisekisa ukuthi ifikelela kubantu abayidingayo ku-zoba omunye wemisebenzi emikhulu yonyaka. Lokhu kuzoba yinselele enkulu njengoba wonke amazwe emhlabeni aphuthumela ukuthola imigomo enqunyelwe ekhona.",zul,human,0
"UMnyango Wezempilo unezikhungo zezempilo zomphakathi ezingama-346 ezihlinzeka ngokukhishwa kwesizu okuphephile, ethasisela. Lezi zikhungo zitholakala eMpumalanga Kapa (46), eFreyistata (16), e-Gauteng (25), KwaZulu-Natali (56), e-Limpopo (54), eMpumalanga (27), eNyakatho Kapa (6), eNyakatho Ntshonalanga (26) kanye naseNtshonalanga Kapa (90). Izinkinga ezidalwa ukukhipha isisu ngokungemthe tho IBamba likaMqondisi Wezempilo Yomntwana Nabesifazane eMnyangweni Wezempilo KwaZulu-Natali, uPhalanndwa Muthuphei, uthi abesifazane bangabhekana nezinkinga eziningi uma bekhipha isisu emtholampilo ongekho emthethweni. “Inkinga yokuqala ngqa ifaka ukopha kakhulu, ukudabuka komlomo wesibeletho, ukumoshakala kwezitho zangasese nasesiswini, ukusuleleka ngamagciwane ngaphakathi esiswini kanye nobuthi egazini.",zul,human,0
"Emasikweni amaningi, kuphethe amadodafuthi abantu besifazane babo nwa njengabasezingeni elifa nayo nezingane futhi kuyinto ethathwa njengeyemukelekile ukubajezisa ngendlela efanayo,” kusho uTshepo. Wonke umuntu unendima okumele ayidlale ngokupha thelene nokuguqula indlela abantu abacabanga ngayo, kusho uTshepo. Ukholelwa ekutheni abantwana kumele bakhuliswe ngapha ndle kokubunjwa ngokobulili. Abantwana kumele bakhuliswe njengezingane, hhayi abafana kanye namantombazane; obaba kumele bazibandakanye ezimpi lweni zezingane.",zul,human,0
Abantu baxwayiswe ngokwenyukela kwezingozi zokusha kulesi sikhathi sasebusika. UDokotela u-Gary Dos Passos uchaza ukuthi ukusha kuba mandla kakhulu ngesikhathi sasebusika. Ugcizelela ukuthi abazali nabanakekeli kudingeka ukuthi bacophelisise ukuze baqinisekise ukuphepha kwabo nokwezingane zabo.,zul,machine,1
"Isikhathi sokubhalisela ukuvota sesisondele ekupheleni. UMashinini umathe zonke izikhungo zokuvota eziyizi-22 932 zizovuleka ngempelasonto yokubhalisela, kusukela ngo-08h00 kuya ngo-17h00. Lokhu kwenzelwe ukuvumela ikakhulu abaqala ukubhalisa ukuba bathole ithuba lokuzibhalisa kalula.",zul,machine,1
Izihlahla zetiye zenza owoyela abadingekayo abelapha izinkinga zesikhumba ezifana nokuqubuka.” UNgaleka wakhuthaza abantu besifazane ukuthi abangene kwezolimo ikakhulukazi njengoba kunemihlomulo eminingi. “Ungakwenza egcekeni lakho bese uyakhula. Umhlaba ugcwele amathuba abantu besifazane.”,zul,human,0
Masibambisane ukuqinisekisa ukuthi labo ababeka phambili inzuzo kunempilo yezingane zethu abavunyelwa ukuba basebenze. Futhi masibe yisibonelo esihle ngendlela thina uqobo esiziyamanisa ngayo notshwala. Masingagcini nje kuphela ngokuba ngabagcini nabanakekeli bezethu izingane kodwa masinakekele nezomakhelwane ngokunjalo.,zul,human,0
"“Kwangimangaza ukuthi imbewu encane ingashintshaikhiqize ophepha abaluhlaza abakhulu. Ukubona ukuthi izitshalo zinakekelwa kanja ni ngomanyolo ukulwisana nezimbungulu kwangenza ngaba nothando lwezolimo kakhudlwana. Kusukela ngale so sikhathi kwangicacela ukuthi ilokhu engifisa ukukwenza,” ngokusho kukaMatlakane. Ngemuva kokuphothula umatekuletsheni uMatlakane wahlala ekhaya nakuba iNyuvesi yaseGoli (i-UJ) yabe imamukele ukuba afundele umthetho.",zul,human,0
"Ngenkathi lena kuyinqu bekela-phambili ebalu lekile, kodwa usemuni ngi umsebenzi oku safa nele ukuthi wenziwe ukuthi kubekwe ichweba laseThe kwini ezingeni lomhlaba futhi kube yichweba lokuthunye lwa kwempahla ngomkhumbi eNkabeni eseNingizimu Ye zwe. Eminyakeni yanamuhla, ichweba seliqhelile esikhu ndleni salo njengoba kade lisesikhundleni sokuqala laya kwesesithathu e-Afri ka, ngemuva nje kwechweba i-Tangier lase-Morocco kanye ne-Port Said lase-Egypt. Isikhathi sokwenziwa komsebenzi emalolini naso sithuthuke kakhulu. Ngoku fanayo, ukusebenza kahle kwezinsizakusebenza zoku phatha impahla sekutshengise ukuthuthuka ukufinyelela kuma-80% futhi kufanele kuphokophelele okungenani kuma-95% ukuze kufike esilinganisweni somhlaba jike lele.",zul,human,0
"Kuyinto engephikiswe ukuthi intsha ingumgogodla wendlela-kucabanga kanye nohlaka oluyisisekelo lwezwe lethu. Naphezu kokuthi kukhona ababona abasha njengabantu abangenalo uqotho, iqiniso lithi lolu luhlobo lwentsha luletha imibono emisha nokuqonda okujulile okudingeka ekuthuthukiseni isizwe. Bame njengengonyama egqamile ezoholela ekwakheni umphakathi ozinzile nonenqubekela phambili. Ngakho-ke, ukubaxhasa nokubanika amathuba kuwukwakha igugu elizohlala liyingonyama yezizukulwane ezizayo.",zul,machine,1
"Imboni yamathuba omsebenzi ishintsha njalo ngenxa yezinguquko zomhlaba, okuletha amathuba amasha azimele. Ngaphandle kokufuna imisebenzi ekhona, abantu bangaziphilisa ngokusebenzisa amakhono abo, ukuqala amabhizinisi, noma ukusebenzisa ezobuchwepheshe obusha. Kubalulekile ukuthi singayeki ukufunda, kodwa siqhubeke nokuzithuthukisa ukuze sikwazi ukunqoba lezi zikhathi ezishintshayo.",zul,machine,1
"Bangaphinde futhi belokhu bephindaphinda ukwenza into, nje ngokuchutha izimpahla abazigqokile. “Qhelisa izinto ezinobungozi bese usiza loyo muntu ukuthi aqhele eduze kobungozi. Khuluma ngezwi elipholile futhi umnike isiqiniseko,” kusho u-Dkt Gumede.",zul,human,0
"UMnyango wezeMpilo usekuqaphelisisa kakhulu ukubhebhetheka kwesifo se-Listeriosis, okubeka izinsana engozini enkulu. Kubikwe ukuthi kukhona abantu aba-119 abatheleleke yilesi sifo kusukela ngomhla ka-5 kuZibandlela. Ngakho-ke, abazali bacelwa ukuba baqaphele kakhulu ukudla abakunika izinsana zabo ukuze kugwemwe ukubhebhetheka kalesi sifo esiyingozi.",zul,machine,1
"IPhiko likaHulumeni Kwezokuxhumana Nokudluliswa Kolwazi (i-GCIS) liyinhlangano eyisisekelo ekuxhumaniseni uhulumeni nabantu bakubo. Insenzo yalo enkulu wukudlulisa imininingwane mayelana nezinhlelo, imigomo, kanye nezinsizakazi zikahulumeni ngendlela ecacile. Ukuze kuqinisekiswe ukuthi wonke umuntu uyakuzwa, i-GCIS isebenzisa izilimi ezahlukene, okuhlanganisa isiNgisi nesiZulu, ekudlulisaneni imilayezo. Lokhu kusiza ekwakheni ukwethembeka nokubambisana phakathi kwenhlalo kanye nohulumeni.",zul,machine,1
"Ezolimo ziyinsika yesisekelo sokumbiwa phansi kwe mvelo. Ukuba khona nokuse tshenziswa okusimeme kwendawo yokulima izitshalo nokufuya izilwane sizonqoba ngakho.INingizimu Afrika inomhlaba omningi kakhulu olungele umkhiqizo wezolimo, ama-37.9% omhlaba wethu wonke njengamanje usetshenziselwa ezolimo ukuze kuthengiswe.Njengamanye amazwe, umhlaba wethu ovundile usengcupheni yokuncipha kokuvunda, ukungabi namanzi ngokwanele kanye nokusetshenziswa komhlaba ukwakha kuwona. Siphinde silahlekelwe umhlaba wokulima omkhulu kakhulu ngenxa yezinguquko ekusetshe nzisweni komhlaba.Uma sibheka umlando wethu, ukunweba ukufinyelela emhlabeni wokulima imikhiqizo ezothengiswa nokulimela ukuziphilisa kuyinto eseqhulwini kuzwelonke.Yize uhlelo lokuguqulwa komhlaba lwangasemva kowe-1994 luholele ekubu yisweni komhlaba omningi wabuyiselwa kubantu aba nsundu baseNingizimu Afrika, umphumela oyingozi Womthetho wangowe-1913 Womhlaba Wabomdabu uyaqhubeka nokubonakala ebunikazini bomhlaba wokulima.Lo mthetho waqhubeka na ngaphezu kokuphuca izigidi zabantu umhlaba wokhokho babo.Njengoba ubunikazi bomhlaba busesezandleni zabayidlanzana, nokukhiqizwa kwezolimo okukhulu nemisebenzi ehambisana nokukhiqizwa iphethwe ngabalimi abamhlo phe, imiphumela ye sikhathi sethu esedlule isalokhu inathi namuhla. Ukuqhubeka nokubusa wedwa emikhiqizweni eba lulekile njengomhlaba akusiso nje isithikamezo ekwenzeni ngcono umphakathi oli nganayo; kuzodala inxu shunxushu emphakathini.",zul,human,0
"Ugcizelele ukuthi inhlosongqangi yohlelo isiyonke ukuthuthukisa isimo sezempilo kanyene - sok ondlek a k wab afun - di ababuya emindenini edla imbuya ngothi eNingizimu Afrika. Lolu hlelo luqondiswe kubafundi abafunda ezikoleni zikahulumeni eziku quintile 1-3, okungamaphesenti angama-60 ezikole ezinezingane eziqhamuka emindenini empofu eNingizimu Afrika. Uhlelo luphinde lusize ukuqeda ubub ha emi - phakathini ngokudala amathuba omsebenzi. ""Ngenkathi kuhlolwa kutholakale ukuthi i-NSNP ihlinzeka abantu abalungiselela abafundi ukudla bengaholelwa, abangaphezu kwezi-50 000 minyaka yonke, ngethuba lokukhokhelwa isibonelelo semali yokugibela okungama-960 amarandi ngenyanga,"" kusho uMathe.",zul,human,0
"Sizothumela iqembu lochwephe she kuleso naleso sizinda,” kusho uMongameli.Le liqembu lizobandakanya odokotela bokwelashwa kwezifo, odokotela bezo kwelashwa komndeni, abahle ngikazi, onompilo, ongoti bezokuphathwa kwezimpilo zomphakathi kanye nabophiko lokwelashwa okuphuthu-mayo, elizosekwa ngongoti base-Cuba.“Sizoxhumanisa isizinda segciwane ngasinye nezinsizakalo zokuhlolela leli gciwane, izindawo zokuhlala wedwana, izindawo zokugonqa zalabo asebehaqekile, ukwelashwa, imibhede yasesibhedlela kanye nokuthungatha labo abake bahlangana nalowo ogulayo.“Uma ngabe kunesidingo kungenzeka ukuthi, noma yiyiphi ingxenye yezwe ibuyele esigabeni sokuqapha sesine noma sesihlanu uma ngabe ukubhebhetheka kwegciwane kungathibeki ngisho sekunge nelelwa futhi kunobungozi bokukhungatheka kwezi khungo zethu zezempilo,” kusho yena.Uhlu lwezindawo eziyizizi nda zegciwane luzobuyekezwa njalo emva kwamaviki amabili ngokuzoya ngokubhebhetheka kwegciwane. Ukuvulwa komnothoUkuqaliswa ngokusemthe thweni kwesigaba sokuqapha sesithathu, nesiqale ekuqaleni kukaNhlangulana, kufake phakathi ukubuyiselwa kokusebenza ngokujwayelekile kwemikhakha emini ngi yomnotho, ngokulandela imithetho eqinile yezempilo nokuziqhelelanisa nabantu. Abasebenzi bakahulumeni a baningi babuyelile emsebenzini ngokuhambisana nemibande la ehambisana Nokusebenza Komthetho Wezempilo kanye Nokuphepha Emsebenzini, nangokuholwa nguMnyango Wezemisebenzi Kahulumeni kanye Nokuphathwa Kwayo ngokusebenzisana neminye iminyango kahulumeni. Imithetho kanye nezinhlelo ezindaweni zokusebenzaNjengoba imikhakha eminingi yomnotho ivula, uhulumeni uzothembe la kakhulu ezenzweni za bantu bomphakathi naba bambiqhaza ababalulekile ukubhekana nobungozi ezindaweni zokusebenza kanye nalapho abasebenzi behlangana nomphakathi.“Ngakho-ke sizophothula imithetho eminingi yakulo mkhakha futhi sizodinga ukuba zonke izinkampani zakhe izinhlelo mayelana nokusebenza kwazo ngaphambi kokuvulwa,” kusho yena.Ngokwalezi zinhlelo, izinkampani kufanele zihlinzeke izibulali-magciwane kanye nokuziqhele lanisa nabantu; kumele zixilonge abasebenzi nsuku zonke uma befika, zigo nqise labo asebesulelekile ngaleli gciwane futhi zenze izinhlelo zokuba bahlolwe.“Kumele ziphinde zisize ngokuthungatha labo asebehlangane nalowo osehaqwe yileli gciwane.",zul,human,0
"Ngalesi sikhathi sasebusika, kukhula ubungozi bokuba nemililo ngenxa yokusebenzisa izinto zokufudumala. UDokotela u-Gary Dos Passos uxwayisa ngokuthi ukusha kuba mandla kakhulu ngalezi zinsuku, okwenza kube kubalulekile ukuba kuthathwe izinyathelo zokuphepha. Kubizwa abazali nabanakekeli ukuba bacophelisise kakhulu ukuqinisekisa ukuphepha kwabo nokwezingane zabo emakhaya. Masibambisane sonke ekugwemeni ukusha kuleli busika ukuze kuvikelwe izimpilo zethu.",zul,machine,1
"Isikhathi seCOVID-19 sabathinta kakhulu abanikazi bamabhizinisi amancane nabathengisa emgwaqeni eNingizimu Afrika ngenxa yokuvalwa kwezwe. Lokhu kwabangela ukuthi abaningi balahlekelwe yizindlela zabo zokuziphilisa, okwenza ukuthi kube nesidingo esikhulu sokusizwa. Kwakudingeka usizo lwezimali kanye nezinye izindlela zokwesekwa ukuze laba bathengisi bakwazi ukumelana nalesi sikhathi esinzima. Lolu hlelo lwasiza ekugcineni amabhizinisi amancane evulekile nasekuvuseleleni imnotho wasendaweni.",zul,machine,1
"Abafundi baseNingizimu Afrika babe nesikhathi esinzima kakhulu ngenxa yezinselele eziziswa yisifo se-COVID-19 kanye nemikhawulo yokuvalwa kwezwe. Kubalulekile ukuthi sisekele laba bafundi ngokubanika uxhaso lwezingqondo kanye nezinsiza zezokufunda ukuze bakwazi ukubhekana nalo lolu shintsho olungapheliyo endimeni zemfundo. Ngakho-ke, kubizwa ukuba abazali, othisha, nohulumeni babambisane ukuqinisekisa ukuthi akukho mfundi oshiywa emuva kulolu hambo olunzima.",zul,machine,1
"“Ukusebenzisa imali nge ndlela engafanele kufana nesikweleti esiyiphela e ndlebeni. Kuhle ukugwema ukuchitha imali ngendlela engafanele kulawa maholide kaKhisimusi ngoba kungaba nomthelela omkhulu emalini yakho kanye nakuhlelo lwakho esikhathini esizayo,” ngokusho komphathi wezokukhangisa nokudayisa e-DebtSafe u-Matthys Po tgieter. “Ubumnandi bokuthenga ngenyanga kaLwezi noZi -bandlela bobesikhashana futhi abathengi bazokuzwa ubunzima bokusaphaza ima li ekupheleni koMasingana 2019. Ungayisebenzisi imali ongenayo,” kwengeza u-Po tgieter.",zul,human,0
Izinsana zisengcupheni enkulu yokutheleleka isifo se-Listeriosis. UMnyango wezeMpilo usekuqapha ukubheduka kwalesi sifo ngemuva kokuba kubikwe abantu aba-119 abathelelekayo. Lezi zimo zibonakale kusukela ngomhla ka-5 kuZibandlela. Kubalulekile ukuba abazali babe qaphile ukuze bavikele izinsana zabo kulesi sifo.,zul,machine,1
Indlela entsha yokulwa nenkohlakalo ezikhungweni zikahulumeni isiqala ukuthela izithelo ezibonakalayo. Lokhu kulandela isithembiso esenziwa enkulumweni yokuqala yesimo sezwe ngoMfumfu ka-2018. Inhloso kwakuwukwenza uguquko olubanzi ekulweni nenkohlakalo kanye nokulwa nokukhwabanisa nenkohliso emkhakheni ozimele.,zul,machine,1
"Ngenxa yokuntuleka kwezimvula, izinga lamanzi emadamini lihlele kakhulu, okwenza kube nesidingo sokuthi sonke sisebenze ngokubambisana. Siyakhuthazwa ukuba sinciphise ukusetshenziswa kwamanzi ngokungachitha nangokulungisa yonke imigqa evuzayo. Ngokulandela lezi zinyathelo, singakwazi ukunweba isikhathi futhi silwisane nosuku lokuntuleka kwamanzi emiphakathini yethu.",zul,machine,1
"hulumeni eNingizimu Afrika yonkana abakwazi ukwenza umsebenzi wabo wesikole ngenxa yohlelo lukahulumeni oluqinisekisa ukuthi izisu zabo zigcwele ukudla okunempilo. UMnyango Wezemfundo Eyisisekelo (i-DBE), ngokusebenzisa uHlelo Lokuhlinzeka Ngokudla Okunempilo Ezikoleni (i-NSNP), usebenze waze weqa umgomo wawo wokuhlinzeka ngokudla kubafundi bakuleli abangama-75%. Umqondisi we-NSNP kulo mnyango, uNeo Rakwena, uthe izikole eziyizi-20 619 zipheka futhi ziphakele abafundi abalinganiselwa kuzi-9 032 622 ezweni nsuku zonke. Uthe izikole ezingabandakanywanga ohlelweni kumele ziqonde emahhovisi esifunda uma zifuna ukuba yingxenye yohlelo.",zul,human,0
"Umnyango wezempilo ukhuthaza omama abane-HIV abancelisayo ukuba bathole imeluleko efanele mayelana nokudla kwengane. Ngokusho kwalo umnyango, kubalulekile ukuthi wonke umama oxoxisane nomeluleki wakhe we-HIV ngezindlela ezehlukene zokupha umntwana ukudla. Lokhu kuzosiza ekutheni kuthathwe izinqumo eziqinisekisa ukuphepha kwengane nokuphila kwayo ngendlela ephephile.",zul,machine,1
Uhulumeni usebenzisa amasu amasha okusiza imindeni ehola imali encane ngokunciphisa imithwalo yentela. Inhloso yalo nyathelo wukuthi kube nesigaba sempahla yasendlini engakhokhelwa intela yokuthenga (VAT). Lokhu kuzosiza kakhulu imindeni esebenzisa ingxenye enkulu yomholo wayo ukuthenga izinto ezibalulekile zasendlini.,zul,machine,1
Isisekelo sotshalomali saqala ngokubanjwa kweNgqungquthela Yotshalomali yokuqala ngoMfumfu 2018. Le ngqungquthela ibingengxenye yomkhankaso wokubamba imali ekuhleleka ukuba ifike kwisigidigidi esi-R1.2. Le mali izosetshenziswa kutshalomali olu sha eminyakeni emihla nu. Lolu hlelo luqonde ukwakha isisekelo esiqinile sokuthuthukisa ezomnotho.,zul,machine,1
"Kubuhlungu kakhulu kubanikazi bamabhizinisi ukubona imisebenzi abayikhulisile ishona noma iphukule. Ngakho-ke, kubalulekile ukuba kube nokwesekwa okufanele kubanikazi bamabhizinisi kanye nabasebenzi abo ukuze bakhone ukuphokophela phambili. Lokhu kusesekwa kungaba ngokwezimali, ukwelulekwa, noma ukunikezwa amathuba amasha okukhulisa ibhizinisi. Ngale ndlela, kungenzeka ukuthi amabhizinisi avuselelwe futhi kuqinisekiswe ukuthi abantu bagcina imisebenzi yabo.",zul,machine,1
"“Uhlelo lokufaka isicelo lwalungelula neze. Ukuba qa tha inqubo esemqoka kakhulu kulo msebenzi futhi abantu aba zoqashwa bavocavocwa kanzi -ma. Uma uphumelela lokhu ku fanele uxilongwe ngodokotela kulapho-ke uzoqala uqeqeshelwe ukuba isicishamlilo,” esala ndisa. UMokoena waqala eyisi cishamlilo esisezingeni eliphansi wasebenza wanyuselwa esikhundleni lapho engomunye wabaholi abaqavile, uhola izicishamlilo eziyi-18.",zul,human,0
Umphakathi waseDouble Drift waseGrahamstown ugubha ngenjabulo isivumelwano sokubuyiselwa umhlaba esibiza izigidi zamarandi ezingama-21. Lolu hlelo luthinta abantu abayi-1 500 abaqhamuka emindenini engama-264 ehlanganise amandla kulo mcimbi. Le mizi isuswa emhlabeni wayo ngonyaka we-1991 uhulumeni waseCiskei ngenhloso yokwakha isiqingi sokupumula.,zul,machine,1
"NgokweNhlangano Elawula Izimoto Emgwaqeni (i-RTMC), amakhadi amaningi elayisensi yokushayela asengakalandwa, lapho amaphesenti angama-42% kuphela ayakulandwa. Kubalulekile ukuthi bonke abashayeli baye ezikhungweni ze-DLTC ukuze balande amakhadi abo asengalindile. Ukuba nelayisensi lakho elisemthethweni kukusiza ugweme izinkinga nokuboshwa lapho uhamba emgwaqeni. Sicela uthathe isinyathelo manje ukuze uhambe ngokuphepha nangokusemthethweni.",zul,machine,1
UNgqongqoshe uPandor uqinisekisile ukuthi kuyisibophezelo sezwe ukweseka imindeni empofu kanye naleyo esengcupheni kakhulu. Lokhu ukushilo ngesikhathi sesithangami sabezindaba lapho eveza khona inqubo yokwethula imfundo entsha. Le nyisinyathelo ihlose ukuqinisekisa ukuthi intsha yakuleli zwe ithola amathuba afanele okufunda nokuthuthuka.,zul,machine,1
"Sekwenziwe lula ukufaka izikhalazo e-GEPF ukuze kuqinisekiswe ukuthi amalungu kanye nemindeni yabo baphathwa ngendlela efanele. Ukufeza lokhu, ibhodi lisanda kusungula ihhovisi elizosingatha zonke izikhalazo ukuze kutholakale izisombululo ezisheshayo. Leli hhovisi laziwa ngokuthi yiHhovisi Elilamula Ezezimpesheni Zabasebenzi.",zul,machine,1
"Uku-ba kwethu nezibalo eziphansi zabantu abadlulayo emhlabeni kungenxa yesipiliyoni nokuzinikela kwabasebenzi bethu bezempilo kanjalo nezinyathelo ezathathwa ngokushesha esasisophe ngazo ukulungiselela umkhakha wethu wezempilo uma sekwehla le nhlekelele futhi sizihlomise ngezinsiza esizidingayo.Nakuba abantu bethu abaningi benze imizamo yokuvikela igciwane, bakhona abanye abangazange bazihluphe. Bakhona abanye phakathi kwethu abangazigqizi qakala izimiso ne-mithetho ebekiwe ukuze sizame ukuqeda lesi sifo. Phakathi kwalolu bhubhane olunje, ukugibela nje itekisi ngaphandle kwesimfonyo sobu-so ukuhlangana njengabangani, ukuhamba imicimbi yobumnandi noma ukuvakashela umndeni, kungasabalalisa igciwane kalula kusimuke izimpilo zabantu. Lesi kungaba yisifo esibangwa yigciwane, kodwa sisatshalaliswa yindlela abantu abaziphatha nabaphila ngayo.Ngezenzo zethu – njengabantu ngabodwana, njengemindeni, nemiphakathi – singakwazi futhi kumele siguqule isivinini ohamba ngaso lo mbulalazwe ezweni lethu.",zul,human,0
"Uma umza li oyedwa eshonile, kepha eshiye abafowabo nodade wabo, umzali osele uzo thola isigamu sengxenye yefa kanti inzalo yomza li oshonile izothola enye ingxenye. • Uma bobabili abazali baka mufi sebashona, kodwa bashiya abantwana, ifa lihlukaniswa libe izingxe nye ezilinganayo. • Uma umufi engashiyanga owakwakhe, abantwana, abazali noma uzalo lwaba zali, isihlobo segazi esise duze sizodla ifa lonke. • Okokugcina, uma umufi engashiyanga ngisho isi -hlobo, uMbuso yiwo oqhu beka udle ifa.",zul,human,0
"Ngaphezu kwalokhu, uhulumeni kanye nalabo asebenzisana nabo bazobheka izindlela zokuqhubeka nokuseka abantu ngosizo lwezezimali ngendlela ekhonekayo ezweni isikhathi esithe ukweluleka. Ukufinyelela kumhlaba Uhulumeni uyaqhubeka loguquko kwezomhlaba futhi kulindeleke ukugunyazwa Komthethosivivinywa Wokubuyiselwa Komhlaba. Ukusungulwa kwe-Ejensi Yezolimo kanye Noku thuthukiswa Koguquko Kwezomhlaba kuzophinde kuphothulwe kulo nyaka. “UMnyango Wezemise benzi Kahulumeni kanye Nengqalasizinda uzophuthula ukudluliselwa kwamahektha ayizi-14 000 zomhlaba kahulumeni kwi-Ejensi Yokuthuthukiswa Kwezi ndlu,” kusho uMongameli.",zul,human,0
"Kuyaqhubeka nokukhombisa ukuthi lapha KwaZulu-Natali siyindawo ekahle kwaba tshala izimali. Kuthu mela nomlayezo kulabo abalokhu bengabaza ukuthi i-Durban iyindawo ekahle ngokuphathelene nokutshalwa kwezimali,” kusho Ungqongqoshe Wesifundazwe Wokuthuthu kiswa Kwezomnotho, Ezokuvakasha Nezindaba Zemvelo uSihle Zikalala ngesikhathi sokwethulwa kwemboni. Wathi amathuba okuqala okuqashwa azoqhamuka kule nkampani azoba ne-sandla ekwandiseni isibalo sabantu abanamakhono esifundazweni. Omunye wabasebenzi ofunde wagogoda izifundo zobunjiniyela uSthembiso Mthembu okujabulela kakhulu ukuthi useyasebenza.",zul,human,0
"Ngaphansi kombuso wobandlululo, abantu abamnyama babevele nje bengabasolwa futhi babemiswa ngamaphoyisa uma betholakala besezindaweni ezaziwa ngokuthi ezabamhlophe. Abantu abamnyama babephoqelekile ukuthi baveze udompasi futhi uma bengawuphethe, babeboshwa. Angeke sivumele lokho kungabi nabulungiswa ukuthi kwenzeke futhi. Izigameko zakamuva elokishini lase-Gauteng i-Diepsloot bezithusa.",zul,human,0
"IPhiko likaHulumeni Kwezokuxhumana Nokudluliswa Kolwazi (i-GCIS) libhekise ekutheni imininingwane ifike kubantu bonke ngendlela ecacile nengakhethi. Ngokuhambisana nokusebenzisa izilimi zesiNgisi nesiZulu, uhulumeni uqinisekisa ukuthi imilayezo yezinhlelo zakhe iqondakala kalula nakubantu abahlukahlukene emiphakathini. Lokhu kuzosiza ekutheni izakhamuzi zithole ulwazi olubalulekile ngokushesha nangokunembile, kuthuthukiswe nokuxhumana phakathi kokuphatha nezakhamuzi.",zul,machine,1
"Ukulungiswa komgwaqo we-N3 kuveza ushintsho olukhulu ekuthuthukisweni kwabantu baseNingizimu Afrika ngokudala amathuba emisebenzi nokuqeqeshwa. Uzondi, onenkampani esithole isizenzele igama elihle, ugcizelele ukuthi abesifazane abasebenza naye banekhono elifana nalawo abamadoda. Uveza ukuthi, “Siyakuqonda ukubaluleka kwesikhathi nokuhlangabezana nezinhloso zethu sonke ukuqinisekisa ukuthi umsebenzi ulandela imigomo ebekiwe.”",zul,machine,1
"Izikhungo zezempilo zikhumbuza umphakathi ukuthi kubalulekile ukugcina imithetho yokusebenzisa isifonyo sobuso ngendlela efanele. Abagibeli abahamba ngamatekisi nezinye izindlela zezokuthutha zomphakathi, kanye nabantu abachitha isikhathi ezindaweni lapho kunamaqhelele, bayakhuthazwa ukuba bafake izifonyo zabo. Lokhu kwenziwa ukuze kuvimbeke ukubhebhetheka kwezifo nokuvikela impilo yomphakathi. Le nyathelo libalulekile ekunciphiseni ukutheleka kwezifo ezithinta ukuphefumula.",zul,machine,1
"“Emva kwesikhathi eside, abesifazane bangaba sengcupheni yokungatholi abantwana, ukuhlala kombungu ngaphandle kwesibeletho, ukuchitheka kwesisu noma ukubeletha kungakafiki isikhathi noma ukufa imbala,"" kusho uMuthuphei. “Abesifazane bangaphinde bashayeke ngokomuzwa ngenxa yokukhipha isisu okungaphephile, nokungekho emthethweni, okubandakanya ukucindezeleka emva kokukhipha isisu, ukhwantalala kanye nezinkinga kwezobudlelwano. “Ukukhipha isisu ngokungemthetho kungaholela futhi emiphumeleni engemihle kwezenhlalomnotho kwabesifazane, izingane, imindeni kanye nemiphakathi,"" engeza. Izindlela zokukhipha isisu ngokusemthe thweni UMuthupei uthi abesifazane abafuna ukukhipha isisu banezindlela eziphephile futhi ezimahhala ukwenza lokho emitholampilo nasezibhedlela zikahulumeni.",zul,human,0
Izwe lakithi lizilele kakhulu ngokushona kwentsha esencane esibhicongweni sasethaveni yaseNyobeni. Kubikwa ukuthi izingane ezingama-21 zitholakale sezishonile kuleli thaveni. Encane kunazo zonke kulezi ntsha yayineminyaka eyi-13 kuphela. Le nkulumo ishiye umphakathi uthukile futhi uzizwe ubuhlungu obukhulu.,zul,machine,1
"""Empeleni, idolobha lonke laseGeorge lwenza impilo ibe lula kubantu abahamba ngezi hlalo zabakhubazekile, okuyinto enhle kakhulu,"" kusho uRodrique. Umasipala uphinde ube nezinhlelo eziningi zokunye ukwesekwa kwabantu a bakhuba zekile ezibandakanya uhlelo lwephimbo elikhulumayo ku webhusayithi yakwamasipala oluguqula umbhalo uzwakale uyinkulumo ekhulunywayo .",zul,human,0
"Kusasele imibuzo eminingi emiqondweni yabantu mayelana nemigomo ye-COVID-19, ikakhulukazi mayelana nokuphepha kwayo. Kunama-mvunulo athi kunemishini encane (microchips) emigomweni eyenza ukulandela ukuhamba kwabantu, kanti lokhu akulona iqiniso neze. Futhi, kufanele kwaziwe ukuthi igomo angeke lakudala igciwane noma likwenze uhlonzwe ngalo ngemva kokugomwa. Ochwepheshe bezempilo bayakhuthaza umphakathi ukuba bethembe amaqiniso esayensi ukuze kuvikelwe impilo yabo kanye neyabanye.",zul,machine,1
"IVulekamali iqhubeka nokuhlomisa abantu baseNingizimu Afrika ngokuthuthukisa imiphakathi yabo. Le ngosi yasungulwa eminyakeni emibili edlule nguMgcinimafa Kazwelonke ngokubambisana nezinhlangano eziningi zomphakathi. Njengamanje, le projekthi isihlonyiswe ngomklomelo obalulekile emcimbini we-17th Sector Innov.",zul,machine,1
"Ezinye izingxenye kulindeleke ukuthi ziqale ukusebenza, lokho okuzokwehlisa ingcindezi kagesi. Ngasikhathi sinye, abezomthetho basebenza ngokuzikhandla ukubhe kana nokucekelwa phansi, ukwebiwa kanye noku khwabanisa e-Eskom ukuze kuzobhekwana nenkinga edalwa izenzo zalezi zigilamkhuba ohlelweni lukagesi.Ekugcineni, isiphetho ukuthi sidinga ukwengeza umthamo kwisizinda sogesi. Lokhu kuzovulela u-Eskom ithuba lokulu ngisa lokho okonakele futhi aqinisekise ukusebenza kwezinsiza zakhe. Lokhu kuzophinde kwakhe inqolobane ukuze uma izingxenye eziningana ziyeka ukusebenza ngasikhathi sinye, eminye imithombo kagesi ingasetshenziswa.Esinye sezinyathelo zokuqala engasithatha ngowezi-2018 kwaba ngukuvuselela uhlelo lokuthengwa kogesi ovuselelekayo.",zul,human,0
"Sidinga futhi ukwelula ukuvivinywa kokuqashwa esakwethula ngoMbasa kowezi-2020 ezikhundleni ezingaphezu kwezabaphathi abakhulu. Imibuso ephumele layo nethuthukayo inezinya thelo ezifanayo ezisiza ngo kuqeqesheka okusezingeni emsebenzini kahulumeni. Njengoba saphawula ohla keni lomthetho osadingidwa, “isakhiwo esizigabagaba ku mele siqhubeke nokusebenza ngokuthembeka nangoku khuthala ngalokhu oku gunyazwe ngabavoti kanye neqembu, kodwa bayeke ukuthi balingise osopolitiki ngokwabo.” Siphakamisa indlela enzima kakhulu ekuqashweni nase kukhethweni kwabasebenzi bakahulumeni, ukufundiswa ngomsebenzi omusha kanye nokulawulwa ngokusebenza. Lokhu kubandakanya uku funda okuqhubekayo kanye nendlela ecacile yokuthuthu kiswa ngokomsebenzi kwabo bonke abasebenzi bakahulu meni.UHlaka lomthetho osadi ngidwa lugcizelela isidingo sabasebenzi bakahulumeni ukuthi baziphendulele uma ungenziwe kahle umsebenzi, nokuqeda nya ukungajeziswa kokungaphathi kahle kanye nokuxhashazwa kwezinsiza zombuso.",zul,human,0
"Zisitshele ngezindaba zemiphumela yokuvalwa kwezwe ezimpilweni zabantu kanye nasemabhizinisini abo. Beziphumile ziye emakhaya, emadolobheni nasemado lobhenikazi, ziletha izindaba zabantu abajwayelekile futhi zidonsa amehlo esizwe ezinkingeni okubhekenwe nazo ezibhedlela nasemitho lampilo, zigqugquzela ukuthi uhulumeni asukume. Abezindaba bakithi basikha nyisele indlela ebesingeke siyibone nje. Bayifezile indi ma yabo emphakathini ngokuvundulula izenzo zenkohlakalo nokunga phathi ngendlela, basusa inkulumo-mpikiswano enku lu kuzwelonke ekuphenywe ni kwamacala asezingeni eliphezulu.",zul,human,0
"Le ndaba ikhuluma ngokushintsha kwemigudu yezithuba zomsebenzi kanye nezindlela ezintsha zokuziphilisa emhlabeni oguqukayo. Ibonisa ukuthi ngenxa yezobuchwepheshe nezinguquko kwezomnotho, kubalulekile ukuthuthukisa amakhono amasha ukuze sibhekane nezinselelo ezintsha. Lokhu kusiza ekutheni siqonde ukuthi singalungiselela kanjani amathuba amasha avela njalo ngendlela efanele nengcono.",zul,machine,1
"L o k h u k u b o n a k a l e ngokusobala ezigamekweni ezibuhlungu ezenzeke endaweni yase-Phoenix namaphethelo eThekwini. Ngesikhathi sothuthuva olwedlula lonke ngesikha thi sentando yethu yabantu, esikhathini esivele sigcwele ukusolana nokuphambana, abantu abebephilisana ngokuthula bavukelana bodwa. Kusekuningi kakhulu okusamele sikuvumbu lule ngalezi zigameko ezenzekile. Ukubhebhethekiswa kwezindaba ezingamampunge, imifanekiso eyenziwe kanye nolwazi olungesilona iqiniso kwenze kwaba nzima ukuhlukanisa okuliqiniso nokuqanjiwe.",zul,human,0
"UMthimkhulu usanda kuthweswa iziqu zeBachelor of Veternary Nursing eNyuvesi yasePitoli (i-UP), okuyisona kuphela isikhungo esiqeqeshela ukwelashwa kwezilwane eNingizimu Afrika. ""Angikakholwa namanje. Ukwazi ukuthi ngibe yingxenye yekilasi lokuqala elifundele iziqu zebachelor, okuthathe iminyaka ukuzithola, kuyintokozo enkulu. “Ngiyabonga ngamathuba kanye neminyango ezosivulekela ukuze siqhubeke nezifundo zethu futhi sibe ngongoti emkhakheni wethu, okwakunzima ukukwenza phambilini.""U-Tariman Fisher, uMongameli weNhlangano Yabahlengikazi Bezilwane yaseNingizimu Afrika, uthi le yingqopha-mlando kulo mkhakha eminyakeni engama-42 waba khona.",zul,human,0
"Ukutholakala komdlavuza emntwaneni kusenesikhathi kuletha amathuba amakhulu okuthi umntwana aphelele ekulapheni. UMxhumanisi weNhlangano ye-CHOC (Childhood Cancer Association of South Africa), uTaryn Seegers, ugcizelela ukubaluleka kokwazi nokubheka izimpawu zokuqala zomdlavuza. Ukuqaphela lezi zimpawu kusiza ekutheni inkinga itholakale ngokushesha, okungasindisa impilo yomntwana.",zul,machine,1
"UNgqongqoshe uPandor ugcizelele ukuthi uhulumeni unomsebenzi owubophezelwe wona wokunikeza intsha imfundo esekelayo. Wayekhuluma ngesikhathi sesithangami sabezindaba lapho eveza khona ukuthi ukweseka imindeni empofu kanye naleyo esengcupheni kakhulu kuyisibophezelo sezwe. Lokhu kuza njengengxenye yenqubo yokwethula imfundo yamahhala, ngenhloso yokunqanda ukuba kube nabafundi abasalelwa emuva ngenxa yobubha.",zul,machine,1
"Ezezimali – Ukuvakasha ku ngavama kakhulu ngezikhathi ezithile zonyaka, ngakho kudingeka ube nemali oyi bekile eyanele ukuthi ukwazi ukuphila ngezikhathi zonyaka ezingekho matasa. Indlela yokuphila entsha – Indle la ophila ngayo izoshintsha kakhulu uma sewungumni kazi we-B&B. Kuzodingeka ukuthi uvuke ekuseni kakhu lu uphinde ulale ebusuku kakhulu, futhi kuzodingeka ujwayele ukuhlalisana kahle nezihambeli emzini wakho. Okunye okuzodingeka uku thi ukunake ukunakekela nokugcina izihambeli zakho zanelisekile ngaso sonke isikhathi.",zul,human,0
"Wengeze ngokuthi selokhu kwavulwa isikhungo, baningi abantu abasebenzisa izinsiza abazihlinzekayo futhi baphathwa ngendlela enesithu nzi abantu abayizisulu futhi bakwazi nokugeza eshaweni emva kokuxilongwa. Enye yezinselele ezibhe kene nomtholampilo ukuthi esikhathini esiningi abantu bafika emva kwesikhathi – kubalulekile ukuthi kuthathwe ubufakazi umuntu anikezwe nemithi singekapheli isikhathi esingamahora angama-72 kwenzeke isehlakalo sokuhlaselwa.",zul,human,0
"Namuhla sigubha izimpawu zesizwe ezihlanganisa ihubo, iflegi, nezindodo zesizwe, ezibonakalisa ukwehlukahlukana kwethu njengamaNingizimu Afrika. I-Vuk’uzenzele ibheka ukubaluleka kwalolu suku nokuthi luchaza ukuthini kithina sonke njengabantu baseNingizimu Afrika. Lokhu kukhumbula usuku lwangama-27 kuMbasa ngowe-1994, lapho iNingizimu Afrika ibamba khona okhetho lokuqala lwentando eyikhululekile. Lezi zimpawu zisikhumbuza ubumbano, inkululeko, kanye nokuzethemba kwesizwe esihlukahlukile.",zul,machine,1
"UColonel Mtsholi Bhembe wagcizelela ukuthi kubalulekile ukuba umphakathi ubike ukunukubezwa namaphoyisa aseMpumalanga. Ukusebenzisana phakathi kwabantu namaphoyisa kuyasiza ekulweni nalo bugebengu ngempumelelo. Ngakho-ke, abantu bakhuthazwa ukuba bakhulume ukuze babuyise amandla abo futhi baqede lokhu kunukubezwa emiphakathini yabo.",zul,machine,1
"Onyakeni wezimali wezi2015/16, isabelomali esabelwe lolu hlelo silinganiselwa kuzigidigidi eziyisi5 703 zamarandi. URakwena uthe imali esetshenziswa ohlelweni iyakhushulwa minyaka yonke ukuze kuhlangatshezwane nokukhuphuka kwamanani ezinto, isabelomali sonyaka wezimali wezi-2017/18 silinganiselwa kuzigidigidi eziyisi-6.4 zamarandi. Lolu hlelo luqeda indlala yesikhashana futhi lube negalelo esimweni senhlalakahle yabafundi. Uthe, ""Izingane eziningi zibuya emakhaya adla imbuya ngothi, futhi kwabanye abafundi, ukudla kwasesikoleni yikho kuphela ukudla abakudlayo ngosuku.",zul,human,0
"Ukuqoqwa kwentela yi-SARS kubalulekile ekuvuseleleni nasekuvuleni amathuba okukhula komnotho. Kube nokuthuthuka okubonakalayo ekukhokweni kwentela, lapho kube nokukhula kwama-25% onyakeni odlule. Lokhu kulandela ukunyuka kwama-15% okwenzeka ngaphambi kokuba kuqale ubhubhane lwe-COVID-19. Le mali eqoqiwe isiza uhulumeni ukuthi asekele ukuzinzisa nokuthuthukisa umnotho wezwe.",zul,machine,1
"Ukuqedwa komshado ngokomthetho kwenzeka lapho kusebenza khona ukuthi ayisekho nhlobo indlela efanelekile yokuvuselelwa kobudlelwane phakathi kwabashadile. Le nkqubo ihlinzekela ngokuhlukaniswa kwempahla ehlanganyelwe ngendlela efanele ukuze kube nokulungiseka phakathi kwabo. Ngaphezu kwalokho, kuqinisekisa ukuphoqelela imigomo okuvunyelwene ngayo yombili ohlangothini ukuze kuqedwe yonke imibango ngokomthetho.",zul,machine,1
"UNgaleka, indoda eseminyakeni yobudala, wayenothando olukhulu lokulima imifino egcekeni lakhe. Wayengazi ukuthi lolu thando lungamholela ekutheni azisebenzele ngokuvula ibhizinisi lezolimo eliphumelelayo. Namuhla, imifino yakhe ithengiswa ezitolo zendawo kanye nezinhlelo zokupha abafundi ukudla ezikoleni, okukhombisa ukuthi ukuzikhandla kuyakhokha.",zul,machine,1
"Ezweni eliqhakambisa ilungelo lenkululeko yenkolo, wonke umzamo kumele wenziwe ukweseka abantu bakithi ukusebenzisa leli lungelo. Futhi uma sekusetshenziswa leli lungelo, kudingeka siqi niseke ukuthi asibeki amalungelo noma izimpilo zabanye engcupheni. Lesi yisimiso abaholi be zenkolo engihlangene nabo abaseseka ngokugcwele futhi abasibongayo. Bayasiqonda isibopho sabo bonke abantu abakholwayo – impela sabo bonke abantu baseNingizimu Afrika – ukulandela izinya thelo ezibekiwe zokuvikela impilo yabantu nokusindisa izimpilo.",zul,human,0
Isimo sabesifazane baseNingizimu Afrika namuhla sehluke kakhulu futhi sesithuthuke kakhulu kunaleso sango-1956. Ukubungazwa kwabo manje kugcizelela kakhulu ukubabandakanya kwezomnotho ukuze baziqhenye ngokuzimela kwabo. Lokhu kukhombisa ukuthi abesifazane sebethatha iqhaza elibalulekile ekukhuliseni umnotho wezwe. Ukuhambela phambili kulokhu kusiza ekufinyeleleni ekulinganeni nasekuvikelweni kwamalungelo abo wonke.,zul,machine,1
"UHlelo Loxhaso Lwezemisebenzi LukaMongameli luqhuba ngokuzikhukhumeza ekudaleni amathuba omsebenzi amasha ezweni lonke. Lolu hlelo, olwaqala ngonyaka odlule, luhlose ukudala inqwaba yamathuba emisebenzi esikhathini esifishane ukuze kusizwe abantu abaningi. Impumelelo yalo isekeleke ekusetshenzisweni kwezindlela ezintsha namasu anembane okusebenza. Lokhu kuveza ukuzibophezela kukahulumeni ekulweni nobubha nokuntuleka kwemisebenzi.",zul,machine,1
"Alikho ikilasi elingcono konjiniyela abasaqeqeshwa kunalezo zinda zokwakha ezimahhadlahhadla. Lapha, izintuli nokuduma kwemishini kuhamba kanye nemijuluko yamadoda nabesifazane abasebenza ngokuzikhandla. Kubonakala ukuthi ubuchwepheshe bangempela bufundwa phakathi kwalolu phutha nokuxaka kwemisebenzi. Yilokhu okwakha onjiniyela abaqinile nabazwisise imisebenzi yabo ngokugcwele.",zul,machine,1
"Intsha yezwe lethu iwuphawu lomdlandla, ithemba, ubumnandi, amathuba empumelelo, ingomuso kanye nenkululeko. Bangabantu abanolwazi olu nzulu ekusetshenzisweni kobu chwepheshe besimanjemanje futhi banentshisekelo yokungena emisebenzini eyabe ingekho ngisho noku ba khona ngezikhathi zabazali babo.Ngosuku olwandulela ukwe thulwa kweNkulumo Echaza Isimo Sezwe (i-SoNA), ngaba nenhlanhla enkulu ukuthi ngithole ithuba lokufakana imilomo neqenjana laba ntu abasha abanomdlandla nentshisekelo emcimbini we nkulumo-mpendulwano phakathi kwezizukulwane ezihlukahlukene zakuleli owabe uhlelwe wuPhiko Lukazwelonke Lokuthuthukiswa Kwentsha. Sabhunga ngezindaba ezibaluleke kakhulu kubantu abasha futhi sacubungula nezindlela esingazisebenzisa ukuhambelanisa indlela esibona ngayo izinto kanye nezenzo nemisebenzi yethu. Ngokusobala, ukufinyelela emathubeni emisebenzi kanye namanye yikona okwaba ngu ndaba-mlonyeni ohlwini lwezihloko okwaxoxiswana ngazo.",zul,human,0
"Ezikhathini zanamuhla, izimo zomnotho ziba nzima kakhulu, okwenza ukuthi kube kubalulekile ukuhlela izimali zakho ngobuhlakani. Kumele uqale ngokwenza ibhajethi eqondile, uhlukanise phakathi kwezidingo ezibalulekile nezifiso nje. Ukubeka eceleni imali yosizo ezimweni ezingalindelekile kuzokusiza ukuba ungancishi ngenxa yezikweletu. Uma ubheka ngeso lokhozi futhi uhlala unonise imizamo yakho yokonga, uzokwazi ukuthola inkululeko kwezezimali esikhathini esizayo.",zul,machine,1
"Njengoba ngishilo eNkulumweni Echaza Ngesimo Sezwe, lezi ngezinye zezinyathelo esizithathayo njengohulumeni “ukwenza izimo ezizokwenza ukuthi umkhakha ozimele omkhulu nomncane ubonakale, ukhule, ufinyelele kwizimakethe ezintsha, udale imikhiqizo emisha, futhi uqashe abasebenzi abaningi.”Umkhakha ozimele uqashe ingxenye yokuthathu kokune kubasebenzi baseNingizimu Afrika futhi ubhekene notshalomali olungaphezulu kwezingxenye ezimbili kwezintathu kanye nezindleko zocwaningo nentuthuko. Ngokuhambisana nombuso okhonayo futhi othuthukayo, izwe lethu ngakho-ke lidinga umkhakha ozimele ophumelelayo otshala izimali kumakhono okukhiqiza. Njengoba imisebenzi kumkhakha ozimele yanda, izindlela zabantu zokuziphilisa eziningi ziyagcineka futhi ziyesekwa. Izimpahla kanye nemisebenzi yethulwa ngezinga eliphakeme futhi umbuso wentando yeningi labantu uyakwazi ukuqoqa intela eyengeziwe yokuthuthukisa umphakathi.",zul,human,0
"Ukubhema ugwayi kuyingozi kakhulu ngoba kulimaza amaphaphu nenhliziyo, okungaholela ekutheni impilo yakho ishabalale. Njengoba ubonakala endabeni ka-UKatlego Makhanda, ukuyeka ukubhema kunzima ngenxa yokuncandela kodwa kuyinto ebalulekile ukuze uvuse impilo yakho. Kubalulekile ukuthi abantu bayeke lolu mlutha ukuze bagwembe izifo ezibulalayo ezingavela ngenxa yalo. Ngakho-ke, funa usizo namuhla ukuze uvikele ikusasa lakho nempilo yakho.",zul,machine,1
"UNgqongqoshe Wemfundo Eyisisekelo u-Angie Motshe-kga uthi lolu hlelo lubaluleke kakhulu, ikakhulukazi uma ubheka umonakalo omkhulu odalwe yiCOVID-19 . “Umatikuletsheni uhlezi uza nobunzima, kodwa unyaka wezi-2020 ubugcwele ubunzima obungajwayelekile. Ngifuna ukuhalalisela bonke abafu-ndi bethu beBanga lesi-12 kanye nemindeni yabo ngesineke kanye nokuzinikela kwabo. Sekucace kwathi bha manje ukuthi ukwesekwa ngokwengeziwe kuyadingeka kulaba bafundi futhi sizoqhubeka sikuhlinzeke lokho.",zul,human,0
"Ngohlelo lokubuyiselwa komhlaba i-Pro-Active Land Acquisition Strategy kanye nokudedelwa komhlaba ongaphansi kukahulumeni ukuthi kulinywe kuwona, seseka abalimi abasafufusa ukuthi bakhulise amabhizinisi abo bawenze ukuthi akwazi ukuthengisa ngempumelelo. Sigxile futhi ekusunguleni ukusebenzisana okuningi phakathi kukahulumeni nomkhakha ozimele ukweseka ukukhula kwabalimi abamnyama kwezohwebo ngezinhlelo ezifana no-Partners in Agri Land Solutions kanye ne-Agricultural Development Agency. Ukuthuthukisa izinhlelo zokugwema izifo ezilwaneni kanye nokuqapha impilo yezilwane ezifweni ezifana nombendeni, siqinisa izindlela zokulawula ukuthuthwa kwezilwane kanye nokukhiqizwa kwemigomo yezilwane. Ukongeza ekukhuliseni umkhiqizo wokudla kuleli lizwe, uhlelo lwethu lwezibonelelo zenhlalo kanye nokungakhokhwa kwentela ekudleni okubalulekile kusiza ukuvikela labo abadla imbuya ngothi emananini enyukayo.",zul,human,0
"UMnyango uqinisekisa ukuphathwa ngesizotha kwezisulu zokunukubezwa ngokocansi ukuze kuqinisekiswe impilo engcono kubo bonke. Lokhu kwenziwa ngokuqeqesha nokuhlomisa odokotela ngamakhono akhethekile okupha tha izisulu zalobu bugebengu. Eminyakeni emithathu edlule, odokotela abaningi sebeqeqeshwe kuleli khono ukuze kuthuthukiswe ukunikezelwa kwezidingo zezempilo emiphakathini.",zul,machine,1
"Ukukhulelwa okungekho esibelethweni (ectopic pregnancy) kuyisimo esiphuthumayo sezempilo esidinga ukunakekelwa ngokushesha ukuze kusindiswe impilo yomama. Lokhu kuqinisekiswa nguDokotela Bushy Mhlari, onguSenior Registrar we-Obstetrics and Gynaecology esibhedlela i-Dr George Mukhari Academic Hospital. UDkt. Mhlari uchaze ukuthi lolu hlobo lokukhulelwa lwenzeka lapho i-embryo ingayohlala ngaphakathi esibelethweni, okungaholela ekutheni igazi liphume kakhulu emzimbeni. Ngakho-ke, abesifazane bakhuthazwa ukuba bafune usizo lwezokwelapha ngokushesha lapho bezwa izimpawu ezingajwayelekile.",zul,machine,1
"• Cofa isimo sesicelo sakho kudeshibhodi. Labo abanamalayisensi aphelelwa yisikhathi phakathi kukaNdasa 2020 nomhla ka-31 kuNcwaba 2021, abeqiwa umnqamulajuqu wokuvuselela ngomhla wesi-5 kuNhlaba, belulekwa ukuba bathole amalayisensi okushayela esikhashana uma befaka izicelo zabo zokuvuselela ukuze baqhubeke nokuhambisana nomthetho. Nakuba izikhungo ze-RTMC zivula ngoMsombuluko kuze kube yiSonto kusukela ngehora lesi-7 ekuseni kuya kwelesi-9 ebusuku, amalungu omphakathi akhuthazwa ukuba ajoyine olayini abafishane ngoLwesihlanu nangempelasonto.",zul,human,0
Sibambe Ingqungquthela Yotshalomali yokuqala ngoMqopho ka-2018 njengengxenye yomkhankaso wethu wokwakha isisekelo sotshalomali. Inhloso yalo mkhankaso wukukhanga utshalomali olusha olungama-R1.2 isigidigidi eziminyakeni emihla nu. Lolu nyathelo lubalulekile ekuthuthukiseni nasekuqinisekiseni ukukhula kwezomnotho.,zul,machine,1
"U-Entile wasungula i-Explore our Hood ukuze akhuthaze umoya wobunye e-George. “Saqaphela ukuthi kwaku negebe phakathi kwemi phakathi eminingi yaseGeorge. Sifuna abantu beze emalokishini bazobona uku thi sinesiko lamaXhosa eliqa vile okufanele beze bazozi bonela lona,” kusho u-Entile. Njengoba sekusondela iNya nga Yezokuvakasha, ithimba selivele liphothule ngempu melelo izivivinyo ezimbili zokulinga lolu hlelo, lemuke la amalungu abevakashile evela embonini yezokuvaka sha.",zul,human,0
I-CACH iyinsiza yezobuchwepheshe kahulumeni ekhokhelwa nguMnyango Wezemfundo Ephakeme kanye Nokuqeqeshwa (DHET). Lolu hlelo luhlose ukuxhumanisa abafundi namathuba amasha okufunda nokuqeqeshwa ezingeni eliphezulu. Lusiza kakhulu labo abafuna ukuthola izindlela zokungena enyuvesi ngokunikeza imininingwane ebalulekile mayelana namathuba okufunda.,zul,machine,1
"Ngeshwa, u-Enock akusiyena yedwa ingane edlulile emhlabeni ngenxa yezizathu ebezingagwemeka, uma ngabe abantu abadala bebesigcinile isibophezelo sokunakekela lezi zingane ngendlela efanele. Siyayikhumbula le ndaba ngobuhlungu, kodwa kufanele isibe isifundo sokuthi ukuvikela izingane kuwumsebenzi wethu sonke. Ukuze sakhe isizwe esinakekela izingane, kudingeka ukuba abazali nabagadi babeqapile futhi banikeze uthando nokunakekelwa okufanele. Akumelwe kube nokuvumela ukuthi izingane zife ngenxa yokunganakekelwa, ngoba zingumsizi wakamuso wesizwe.",zul,machine,1
"""Iziqu ezintsha zeminyaka emithathu zizonika abahle ngikazi abaneziqu ithuba lokubhalisela izifundo zepostgraduate, okwethenjwa ukuthi kuzogcina ngokuholela ekuthwesweni iziqu zehonours, zemasters nezePhD."" Odokotela bezilwane belapha izilwane lapho zilimele nalapho zigula, okufana nemisebenzi ehlinzekwa wudokotela lapho elapha abantu. Abahle ngikazi bezilwane babalulekile emathimbeni omsebenzi wabelaphi bezilwane, kusho uMthimkhulu. ""Amanye amakhono abalulekile abahlengikazi wukubonisa ukunakekelwa kweziguli, ukuxoxisana namaklayenti, ukusiza odokotela bezilwane ngezinqubo zokwelapha, kanye nanoma yini ezosiza isibhedlela sezilwane sisebenze ngokusezingeni eliphambili. ""Kungeminye yemisebenzi enenzuzo enkulu.",zul,human,0
"Ngoba amakhaya amaningi mancane, kubalulekile ukuzama ukudala indawo ekude kancane lapho ogulayo angahlala khona ukuze kungasabalali igciwane. Amalungu omndeni kumele agqoke imaski futhi ageze izandla njalo lapho benakekela lowo ogulayo, kanti kufanele kugwenywe ukusebenzisa izitsha ezifanayo. Uma indawo yasekhaya ingasavumela ukuhlukana ngokuphelele, kubalulekile ukusebenzisa izindawo zokunakekela ezisemthethweni ukuze kuqinisekiswe ukuphepha kwabo bonke.",zul,machine,1
"Lolu phiko luzoqapha ukuqhutshwa kwenqubo yokuhlolwa kwendlela yo kuphila yabasebenzi bakahu lumeni. Lapho iminyango ithola inkohlakalo kanye nomcebo ongachazeki uphumaphi, lawo macala azodluliselwa kwaboPhiko Lwamaphoyisa eNingizimu Afrika. Uphiko olusha seluwuqale ngobuqotho umsebenzi walo, ngokusiza ukuthola abasebenzi bakahulumeni ababandakanyeka emaca leni ahlobene nokuthengwa kwezinsiza zeCOVID-19 , isibonelelo esikhethekile se-COVID-19 kanye noku khwabaniswa kweSikhwama Somshwalense Wabalahle kelwe Umsebenzi. Amacala abasebenzi baka hulumeni adluliselwe kuPhi ko Lwamacala Akhethekile ukuze kuthathwe izinyathelo zokuqondiswa kwezigwegwe azoqashwa yilolu phiko olusha ukuhlolisisa inqube kela-phambili yawo.",zul,human,0
"Ukukhulisa ingane enesithuthwane kudinga ukuqonda okujulile kanye nokubekezela okukhulu kubazali. Abaningi bazibuza ukuthi kungani lokhu kwenzeke enganeni yabo, nakuba izimbangela ezinembile zingahlala zingacacile. Nakuba ukuqonda ukuthi ukudlikiza komzimba kwenzeka kanjani kusiza ekulawuleni isimo, lokhu akuchazi ngokuphelele isizathu sokuthi kungani lokhu kwenzeka. Ezigamekweni eziningi, isithuthwane siyisimo sokuthuthuka somzimba nesingqondo esithinta indlela ingane exhumana ngayo nomhlaba.",zul,machine,1
"INingizimu Afrika isithathile isinyathelo esiqinile ekulwisaneni nenkohlakalo eyayizungeze izikhundla zobuholi. Kube ngumsebenzi onzima kakhulu ukuqaqa ukuxhumana okwakusetshenziswa ukuze kube nokukhohlakala okuphatha kabi izimali zombuso. Phakathi kwezinye izindlela, kwasungulwa izinkampani ezikhiwa nje ngokugama ukuze kuhambiswe imali futhi kufihleke izinkokhelo ezingekho emthethweni.",zul,machine,1
"Njengo hulumeni, ngaphezu kwesimo somnotho ontengantengayo sizoqhubeka nokukhangisa kulabo abashicilelayo na basakazayo, ikakhulukazi abezindaba basemphakathini. Umkhakha ozimele kumele nawo uqhubeke nokweseka le mboni ngokukhangisa kanye nokusebenzisana nabezinda ba ekukhiqizeni izindaba ezi ntsha ezisezingeni lomhlaba. Labo abanesihe balapha ekhaya kanye nezinhlangano ezinikelayo kumele nabo bangenelele basekele amabhi zinisi abezindaba, njengoba kunjalo kwintando yeningi labantu. Ukwanda kwezindaba ezi ngelona iqiniso ngesikhathi sobhubhane, ikakhulukazi ezinkundleni zokuxhumana, kwengeze isidingo esiphuthu mayo sezindaba eziningi ezinembayo, ezilungile futhi ezingathathi cala.",zul,human,0
"Ngomhlaka 1 kuJanuwari 2022, isizwe sabuthana eSt George’s Cathedral eKapa ukuzokhumbula nokuhlonipha uMbhishobhi uDesmond Tutu. Impilo yakhe ibilokhu ibonisa ukubumbana nokulwela amalungelo abantu kanye nentando yeningi. Ngakho-ke, kumele sisebenze ngokubambisana ukuqinisa amandla ezwi labantu ukuze siqinisekise ukubusa kwentando yeningi.",zul,machine,1
"Abahlengikazi bezilwane bokuqala baseNingizimu Afrika sebephumelele kanti bathweswa iziqu zabo ze-Bachelor of Veterinary Nursing eNyuvesi yasePitoli (UP). Lenyuvesi iyisona kuphela isikhungo esiqeqeshela ukwelashwa kwezilwane ezweni lonke. Phakathi kwabathweswa iziqu kukhona uMnu. Mthimkhulu oveze injabulo yakhe enkulu ngokuthi, ""Angikakholwa namanje.""",zul,machine,1
"Ngenxa yobuthakathaka babo, bonke abasebenzi abaneminyaka engaphezulu kwengama-60 ubudala futhi abanezifo eziyimbelesela okunga ba isifo senhliziyo, isifo sikashukela, izifo eziphathelene nokuphefumula kanye nomdlavuza kumele bahlale ekhaya,” kusho uMongameli.Abasebenzi abakwaziyo ukusebenzela emakhaya kumele bavunyelwe ukwenza kanjalo.Ukulandela lezi zinyathe lo, zonke izimboni ezikhi qizayo, izimayini, abakhi, abezezimali, imisebenzi ekhokhelwayo namabhi zinisi, ubuchwepheshe bamakhompyutha, abe zokuxhumana, imisebenzi kahulumeni kanye nabezindaba, baqalile ukuse benza ngokusemthethweni mhla luluNye kuNhlangu lana. Amalungiselelo okuqala kahle ukusebenza ngokwezigaba kanye nokufakwa kwezinhlelo kuzokwenziwa kuzo zonke izindawo zokusebenzela.“Abathengisi kanye nohwebo lwezitolo kuzovulwa ngokuphelele nakho, okubandakanya izitolo, iziphaza kanye nabathengisi basemgwaqeni. Ukuthenga nge-inthanethi kuzoqhubeka kusebenze. Eminye imikhakha eyayi vele seyivuliwe, njengezoli mo kanye nezamahlathi, izinsiza ezibalulekile, usizo lokwelapha, ukukhiqizwa kokudla kanye nokukhiqizwa kwemikhiqizo ye nhlanzeko, izoqhubeka nayo isebenze,” kusho yena.",zul,human,0
"Le nyanga kaMbasa akuyona kuphela eyokuthi sibheke ukuthi sesizuzeni njengezwe, ko dwa yisikhathi futhi lapho iNi ngizimu Afrika igubha khona amaqhawe kanye namaqhawekazi ayo ngokuwanikeza Izi ndondo Zezwe. Lokhu ukuklo nyeliswa ngezindondo okusez ingeni eliphezulu kakhulu izwe, ngoMongameli walo, elikwazi ukuziklomelisa izakhamuzi zalo kanye nabahlonishwa abavela emazweni angaphandle.UMthethosisekelo waseNingizimu Afrika UMthethosisekelo wabhalwa ngokuphathelene Nesigaba 5 soMthethosisekelo wesikhashana (uMthetho 200 we-1993) futhi wemukelwa okokuqala Yisigu ngu soMthethosisekelo mhla ziyi-8 kuNhlaba 1996. Wasayinwa waba ngumthetho mhla ziyi-10 kuZi bandlela 1996. Izimpawu zethu zezwe INingizimu Afrika ihlukile ngenxa yokuthi siyakwazi ukugubha ukwehlukahluka kwethu ngezi mpawu zezwe kanye neflegi lesi zwe, ihubo lesizwe laseNingizimu Afrika kanye nesiphandla sesizwe.",zul,human,0
Kubalulekile ukugqoka isifonyo sobuso lapho usebenzisa izokuthutha zomphakathi noma usendaweni enabantu abaningi ukuze ugwembe ukutheleleka kwezifo. Isifonyo kumele sivalelise impumulo nomlomo ngokuphelele ukuze uvikeleke ngokugcwele. Geza izandla zakho ngensipho noma usebenzise i-sanitizer ngaphambi kokufaka isifonyo nangemva kokususa sona. Qinisekisa ukuthi isifonyo sakho sihlala sihlanzekile ngokusishintsha noma usigeze njalo.,zul,machine,1
"Uhulumeni ulungiselela ukudlondlobala ngamandla kwezifo ze-COVID-19 ezweni. Kulindeleke ukuthi izigameko zesifo segciwane lecorona zenyuke kakhulu kulamaviki ezayo. Ngenxa yalokhu, uhulumeni umatasa usebenza engaphumuli ukuqinisekisa ukuthi umkhakha wezempilo usesimweni esilulun.",zul,machine,1
Kubalulekile ukuhlola imoto yakho ngaphambi kokuba uhambe ukuze uqinisekise ukuthi isimo sayo sigculisayo. Wena nabagibeli bakho kufanele nifase amabhande ngokuhlala ukuze niphephe endleleni. Lezi zinyathelo ezilula zizokusiza ukuba ubujabulele amaholide kaKhisimusi uphephile.,zul,machine,1
"Ingabe uhlela ukuqalisa ibhizinisi? Nakhu konke okumele ukwazi ngokuziqalela eyakho i-B&B. I-B&B, okungukuthi i-Bed and Breakfast, yindawo encane yokuhlala lapho abendlela bethola khona igumbi lokulala kanye nesidlo sasekuseni. Ukuze uphumelele kulolu hlobo lwebhizinisi, kubalulekile ukuba nendawo efanele kanye nezimvume zomthetho ezidingekayo. Lokhu kuvula amathuba amaningi okuzimela nokuzenzela imali usebenzisa ikhaya lakho.",zul,machine,1
"Weluleke abazali ukuthi bafake i-software yoku qapha omakhalekhukhwini babantwana babo ukuze bezohlale bebheke ukuthi benzani. “Kunemikhiqizo engabizi kakhulu ekwazi ukuqapha ngokungabonakali konke okwenziwa abantwana bakho bese uthunyelelwa i-imeyili ngasese yemiphumela ngalezo zikhathi ezithandwa uwena. Lokhu kubalulekile kakhulu ukulandelela izizinda ze inthanethi okungenwe ku zona, okuthathwe ku-intha-nethi kwafakwa kumakhalekhukhwini, izingxoxo za sezinkundleni zokuxhumana kanye nemiyalezo.”I-CSIR inikeza la masu alandelayo kubazali abasola ukuthi abantwana babo bayi zisulu zobubhoklolo obenzi wa nge-inthanethi: • Qinisekisa ukuthi umntwana uzizwa ephephile, bonisa ukumeseka ngokuphelele.•Bambisana nomntwana wa-kho ukuthola indlela enizo kwenza ngayo enivumelana ngayo nobabili.•Xoxisana nesikolo esithi ntekayo ngodaba lobubhoklo lo obenziwa nge-inthanethi.• Thinta abazali bomntwana onodlame ukuze kuzophe nyisiswa udaba futhi kususwe nakho konke okukhubekisayo.• Bika udaba emaphoyiseni uma kukhona ukusatshiswa okukhona noma ukuphangwa, ukucathanyelwa, ukuphoqwa ngenkokhelo kanye noku xhashazwa kwabantwana.• Fundisa umntwana wakho ngokuziphatha okufanele ku-inthanethi.• Gcizelela isimilo nokuziphatha okuyikho.",zul,human,0
"Isakhamuzi ngasinye sizokwabelwa amalitha amanzi anga ma-25 ngosuku. Idolobha selivule Isikhungo Esisebenza Ngezinhlekelele (i-DOC) ukusebenzisa Uhlelo Lwamanzi Lwenhlekelele, oluzoqala uma sekufike usuku lokuntuleka kwamanzi. AmapitsiIdolobha selikugxekile ukuse-tshenziswa kwamapitsi futhi lathi ukusetshenziswa kwawo ukuze kuniselwe kuzoba ihora elilodwa kuphela ngoLwesibili kanye nangoMgqibelo, ngaphambi kwehora lesi-9 ekuseni futhi ngemuva kwehora lesi-6 ntambama. “Ukusetshenziswa kwamapitsi okanye imithombo yama-nzi kufanele kukalwe ngamamitha futhi bonke abakusebenzi-sayo bagcine amarekhodi azo-tholakala uma kufanele ahlo-lwe,” kusho idolobha.",zul,human,0
"Ukuze uhambe uphephile ngalesi sikhathi samaholide kaKhisimusi, kubalulekile ukuhlola imoto yakho ngaphambi kokuba uhambe ukuze uqikelele ukuthi isimo sayo sigculisayo. Ngaphezu kwalokho, wena nabagibeli bakho kufanele nifake amabhande ezihlalo ngaso sonke isikhathi ngenkathi nisendleleni. Ukulandela lezi zinyathelo kuzosiza ekutheni nivikeleke ezingozini futhi nifike niphephile lapho niya khona.",zul,machine,1
"Ukuze kutholakale ulwazi oluthe xaxa, amalungu omphakathi angashayela Isikhungo Sikazwelonke Sezifo Ezithelelanayo (NICD) Esikhungweni Sabo Sezimo Eziphuthumayo ngesikhathi samahora omsebenzi kule nombolo: 011 386 2000. Abasebenzi bezempilo bangashayela i-NICD Hotline uma Kunezimo Zezempilo Eziphuthumayo emva kwamahora omsebenzi kule nombolo: 082 883 9920.",zul,human,0
Izisulu zokunukubezwa ngokocansi zidinga ukuphathwa ngesizotha nangothando ukuze zisize ekulapheni kwazo ngokwemizwa. Kubalulekile ukuba osisebenzi zezempilo baqinisekise ukuthi kunendawo ephephile nenokuyimfihlo lapho isisulu sizizwa sikhululwe futhi sisekelwe. Ukunakekelwa ngendlela enenhlonipho kunciphisa ubuhlungu bempilo futhi kunikeze isisulu amandla okufuna usizo lwezokwelapha kanye nobulungiswa ngaphandle kokwesaba. Le ndlela yokusebenza iqinisekisa ukuthi isithunzi sesisulu siyabuyiselwa.,zul,machine,1
"Umthetho omusha nawo uqinisa kakhulu uhlelo lwethu lokukhululwa ngebheyili. Umshushisi ongaphikisani nebheyili emacaleni aqokiwe kumele izizathu zakhe ezihambisana nalokho zibhalwe phansi. Inkantolo kumele izicabange noma yiziphi izinsongo zodlame ezingaba khona ezenziwa ummangali kanye nombono wommangali ngokuphepha kwakhe. Ngaphandle uma inkantolo yenelisekile ukuthi kunezimo ezingavamile ezinikeza imvume yokukhululwa ngebheyili, ibheyili kumele inqatshwe.",zul,human,0
Uhlelo lweWoza Matrics selwethulwe ngokusemthethweni ukuze lusize abafundi bakaMatric bakulonyaka. Lolu hlelo lwethulwe ngenxa yezinselelo nezingqinamba eziningi abafundi ababhekane nazo ngenxa yesifo segciwane lecorona (iCOVID-19). UMnyango Wemfundo Eyi-sisekelo (i-DBE) ufisa ukuqinisekisa ukuthi abafundi bathola usizo olwanele ukuze baphumelele ezivivinyweni zabo.,zul,machine,1
"UMabaso uthi ezikhathini lapho izithandani zifuna ukuba nomntwana, i-PrEP ingasiza ukuvikela ukusuleleka nge-HIV kwalowo ongenayo i-HIV kanye no mntwana ongakazalwa. Okwamanje, ekuqaleni kwalo nyaka, iZiphathimandla Ezilawula Imikhiqizo Yezempilo eNingizimu Afrika zigunyaze ukusetshe nziswa kweringi eshuthekwa esithweni sangasese sowesi-fazane njenge-PrEP . Le ringi iqukethe isithako esithena igciwane amandla esibizwa nge-dapivirine futhi kufanele ishintshwe nyanga zonke. Ngaphezu kwalokhu, i-PrEP entsha – okungumjovo ohlala izinyanga ezimbili – ulinde ukuthi ugunyazwe.",zul,human,0
"Abasebenzi bezempilo benza umsebenzi obaluleke kakhulu nobuyigugu emphakathini. Bahlala phambili ekulweni nezifo kanye nalolu bhubhane, bebonana nokugula nokushona kwabantu. Siyabahlonipha kakhulu ngenxa yokuzidela kwabo nokuzinikela ukuze abanye baphile. Laba bangamaqhawe angempela asisiza sonke ukuba sibe nempilo.",zul,machine,1
"""Ngaphinde ngabona uku thi abalimi babenza okwa kwenziwa yithina badayisi abahamba ngezinyawo – babepakisha isitokwe sabo bese besidayisa eMakethe yaseKapa. Ngabona ukuthi kungekudala thina badayisi abahamba ngezinyawo sizo phelelwa indawo yokudayi sa, ""kusho yena. Ngomnyaka wezi-2013, umlimi wasendaweni wavu ma ukucebisa uMansfield fu thi wamqashisela amahektha ayi-12 omhlaba. Waphinde wamfakela uhlelo lokunisela olwenza uMansfield akwazi ukutshala.",zul,human,0
"Umbuzo: Ngizwile ukuthi imigomo inophawu lweSilo (lobuSathane) – i-666. Nga kube lokhu kuyiqiniso na?Impendulo: Cha. Imi gomo ayihlanganise lutho nezinhlangano zezinkolo futhi ayikwazi ukufakwa imimoya, amadimoni noma yiziphi ezinye izithako ezingabonakali. Umbuzo: Ngingakwazi ukugoma uma ngikhulelwe?Impendulo: Owesifazane okhulelwe unamathuba ama ningi okuthi angaguliswa yi-COVID-19 .",zul,human,0
"Ukukhishwa inyumbazane kweningi labamnyama okuqhubekayo emnothweni kucindezela ukukhula komnotho, okuthunaza wonke amabhizinisi. Ukukhulisa isisekelo samabhizinisi kuleli lizwe kubaluleke kakhulu ekukhuleni komnotho. Sabelane ngesibophezelo sokuqhubela phambili ukuqiniswa kwe-B-BBEE ngoba lokhu kumayelana nokuqeda nya ukungalingani. Iminotho engalingani iholela emiphakathini engalingani, futhi imiphakathi engalingani ayikhuli idlondlobale.",zul,human,0
"Ngubani ongafaka isicelo sesibonelelo somntwana? Ngokusho kuka-Letsatsi, noma yisiphi isakhamuzi saseNingizimu Afrika, ohlala ngokuphelele noma owokufika onamaphepha onakekela umntwana, noma ngabe loyo mntwana uzalwa nguyena noma cha, angafaka isicelo sesibonelelo somntwana, uma nje efanelekile ngokwemibandela ebekiwe ngezansi: • Umntwana kanye nomna kekeli kufanele bahlale eNingizimu Afrika ngokuphelele. • Umnakekeli kufanele abe neminyaka eyi-16 ubudala (uma kulikhaya elisele nabantwana) noma ngaphezulu. • Umntwana kufanele abe ngaphansi kweminyaka eyi-18.",zul,human,0
UGanuganu uyababonga kakhu lu abaphathi bakhe kanye nalabo asebenza nabo. “Ngifuna ukubabonga ngokunge sekela kwabo kanye nokunginika ithuba lokuthi ngikhule ngapha nsi kwesandl a sabo njengo mhlengikazi. Kuyinto enhle kakhulu ukusebenza nabantu abamese kayo umsebenzi osemusha kulowo mkhakha womsebenzi.”Umyalezo wakhe emphakathini uthi umphakathi kumele usize abahlengikazi ngokuzibophezela ekwenzeni okufanele. “Sisize ukuze nawe sizokusiza.,zul,human,0
"Umama onesifo esiyimbelesela uphumelele ekunqobeni igciwane le-COVID-19. Ochwepheshe bezempilo baxwayisa ukuthi abantu abanezifo eziyimbelesela—njengesifuba somoya, umfutho wegazi ophakeme, izifo zezinso kanye nesifo sikashukela—bangahlangabezana nezimpawu ezibucayi kakhulu kule gciwane. Ukunqoba kwakhe kulolu gciwane kunika ithemba elikhulu kwabanye abantu abahlangabezana nezimo ezifanayo.",zul,machine,1
Kulindeleke ukuthi izinga zezifo ze-COVID-19 linyuke kakhulu kulamaviki ezayo. Uhulumeni usebenza kanzima ukulungiselela lolu shintsho ukuze kuqinisekiswe ukuthi zonke izinhlelo zihamba kahle. Lokhu kubalulekile ukuze kuqinisekiswe ukuthi umkhakha wezempilo uhlala usezimweni ezinhle futhi ulungele ukusebenza.,zul,machine,1
UPhiko Lohlelo lukaHulumeni Lwezokuxhumana Nokudluliswa Kolwazi (i-GCIS) kanye ne-Digify Africa sebasingathe isithangami ku-inthanethi sabelana ne-Media Monitoring Africa (i-MMA) kanye ne-Film and Publication Board. Lolu hlelo lugxile ekugqugquzeleni nokufundisa abantu indlela yokugcina abantwana bephephile ngenkathi besebenzisa izobuchwepheshe be-inthanethi. Kuhlwaywe kakhulu ngokubaluleka kokuba abazali nabaqondisi babe nolwazi ngezingo ezihambisana nezinkundla zokuxhumana namuhla. Inhloso enkulu wukuqinisekisa ukuthi abantwana bathola ulwazi lwedijithali ngendlela ephephile neyisisekelo.,zul,machine,1
"Ukuze kuqinisekiswe ukuthi amalungu e-GEPF kanye nemindeni yabo baphathwa ngendlela efanele, ibhodi lisungule iHhovisi Elilamula Ezezimpesheni Zabasebenzi. Leli hhovisi lilele ekulawuleni nokuxazulula izikhalazo zabalungeli ngendlela ehlelekile. Lokhu kwenza ukuthi ukufaka izikhalazo manje kwenzeke kalula futhi kusheshe ukuthola izimpendulo. Ngakho-ke, amalungu nemindeni yawo manje anendawo eqondile yokuthola usizo olufanele.",zul,machine,1
"Ababambiqhaza banikwe ithuba lokuhola ukuze bakwazi ukuziphilisa, bafunda amakhono amasha futhi bathuthukisa abavele sebenawo, nokusebenzisa isipiliyoni sabo ukudlulela komunye umsebenzi noma ukuzidalela amathuba omsebenzi. Isibonelo, ababambiqhaza abaningi abaqashwa wuMnyango Wezemisebenzi Kahulumeni Nengqa lasizinda esigabeni sokuqala sezinhlelo ba kwazi ukuthola imisebenzi emkhakheni wezemise benzi ozimele ekupheleni kukaNdasa 2021. Iningi lalabo ababa sohlelweni lokuqala lokuba ngabasizi basezikoleni, nabo, bathola imisebenzi, sebehlome ngesipili yoni, ukuqeqeshwa kanye namareferensi. Izinhlelo ezaqaliswa ngoHlelo Lwezemisebenzi LukaMongameli ziphi-nde zasiza imiphakathi kabanzi.",zul,human,0
"Umsebenzi uyaqhubeka futhi wokusungula i-Ejensi Kazwelonke Yengqa lasizinda Yemithombo Yamanzi ezoqinisekisa ukulawulwa okungcono kwemithombo yamanzi kuzwelonke. Emkhakheni wezokuthutha, ukungasebenzi kahle kumachweba nakojantshi bezitimela kukhahlameze kakhulu ikhono lethu lokuthumela impahla kwamanye amazwe. Umsebenzi uyaqhubeka wokusungula ubudlelwano nomkhakha ozimele ukuthi utshale izimali kwingqalasizinda yamachweba futhi kwenziwe ngcono ukulawulwa kwemigudu yeziqukathi emachwebeni aseThekwini naseNgqura. UMthetho Odingidwayo ngeNqubomgomo Yojantshi Bezitimela Kuzwelonke, owagunyazwa yiKhabhinethi ngoNdasa, ucacisa izinhlelo zokuvuselela ingqalasizinda yojantshi bezitimela nokuvumela ukungena kwabangaphandle kulolu hlelo lwezitimela zempahla.",zul,human,0
"I-PrEP iyithuluzi elibalulekile elingasiza kakhulu ekulweni nophawu lwe-HIV, ikakhulukazi kubantu abasengozini enkulu ngenxa yokuhlukunyezwa. Ngaphansi kwemizamo yokulwa nobugebengu obubhekiswe kwabesifazane (i-GBVF), kubalulekile ukuthi abesifazane bafundiswe ngale ndlela yokuzivikela ukuze baphile ngokuphepha. Ukuthola leli thuluzi ezikhungweni zezempilo kungaba yisihlangu esiqinile sokugcina impilo yomzimba ngenkathi sibhekene nalezi zinselelo ezibuhlungu emphakathini.",zul,machine,1
"Uhlelo lwakwa-Driving Ambitions lunikeza amathuba amaningi kubantu abakhubazekile ukuba bafunde ukushayela izimoto. Lolu hlelo luhlose ukubanika inkululeko nokuzimela, ukuze bangasasebenzisi abanye abantu ukuhamba nsuku zonke. Ngokufana nohlelo lwakwa-QASA olusebenze kahle, i-Driving Ambitions iqhubeka nokuvula iminyango ukuze abakhubazekile bakwazi ukuzithuthukisa. Lokhu kuwunyathelo olubalulekile ekutheni wonke umuntu abe nethuba elifanayo lokuzithuthukisa emphakathini.",zul,machine,1
"Umgomo wenzani?Umgomo uqeqesha izivikela zifo zomzimba wakho (okuyizona ezilwa nokwesulele-ka), ukuthi zikhiqize amasotsha omzimba (okunga-maprotheni alwa nezifo) – ngokufana ncimishi nanjengoba bekungenzeka uma bewuvuleleke egciwaneni. Kungani ubaluleke kangaka umgomo?Ukugomela i-COVID-19 kuyindlela esebenzayo uku-zivikela egciwaneni ngoba kwehlisa ubungozi bokuthi usuleleke ngegciwane. Lapho-ke asuke esemancane amathuba okuthi ungadlulisela igciwane komunye umuntu.Inhlosongqangi yokugoma ukuthi sifinyelele enanini elanele lokugonywa kwabantu – uma abantu abenele sebeligomele leli gciwane lokhu kuhlinzeka ukuvikeleka kulabo abangaligomele, kanti lokho kwenza izinga lokubhebhetheka kwegci-wane lilawuleke.Ngakube imigomo ibalulekile ukunqanda ukubhebhetheka kwe-COVID-19?Kunobufakazi obunzulu bososayensi obeseka ukuthi ukugoma kuyiyona ndlela ehamba phambili yokuzi-vikela ekwesulelekeni okudla lubi. Ngakube umgomo ungavimbela ukuthi ngingayitholi i-COVID-19?",zul,human,0
"Ukuze siqaphe umhlaba onikeziwe kahulumeni ukuze kuli nywe kuwona, isivumelwano sokuwuqasha asidluliseleki komunye umuntu. Abazu zile bazosayina isivumelwano sokuqasha nohulumeni bese bekhokha imali yokuqasha elingana nenani lomhlaba.Kumele futhi siqinisekise ukuthi abalimi bayasekelwa baze basimame futhi benze inzuzo.Njengengxenye yalolu hlelo, abazuzile bazoqeqeshwa ngokulawula izimali kanye nokuthuthukiswa kwamabhizinisi. Isikhathi esidlule sibonise ukuthi abalimi abasafufusa nabasebancane ba jwayele ukuswela amakhono kwezezimali ukubhekana namathuba ezimakethe kanye nokuzihlanganisa nokwenziwa kwemikhiqizo.Sibeke eqhulwini abesifazane, intsha kanye nabantu abaphila nokukhubazeka njengabantu abazozuza.Sekube nempumelelo ebonakalayo ngokuhlomisa abalimi besifazane ngaphansi kwesu lokutholwa komhlaba i-Pro Active Land Acquisition Strategy (i-PLAS). Ezifundazweni eziningi, abesifazane asebenikwe amapulazi yi-DLRD bakwazile ukuwaqhuba ngempumelelo futhi sebedlulele ekukhiqizeni imikhiqizo ethengiswayo.",zul,human,0
"Lokhu kuzoso ndeza utshalomali lwabazime le futhi kuthuthukise indlela eqeqeshekile yokuphathwa nokugcinwa kweziqukathi zokugcina impahla. Ngale ndlela yethu yenqubo yezinguquko ngokuhamba kwesikhathi sizothuthukisa indlela yokusebenza eqeqeshe kile emachwebeni ethu kanye nojantshi futhi nokuvula ngempumelelo utshalomali olukhulu olubhekelele ingqa lasizinda. Lokhu ngeke kwe hlise kuphela amanani kanye nokuthuthukisa ukuncintisa na kulabo abathumela impa hla kwamanye amazwe, ko dwa kuzophinde kusungule nenqubo yezinkulungwa ne zamathuba emisebenzi emisha. Ngalezi zindlela zombili zokusebenza okuthuthukile kanye nezinguquko zezakhi wo, Ichweba laseThekwini lizophinde likwazi ukubuyisa isikhundla salo njengechwe ba elisebenza kahle kakhulu e-Afrika yonkana.",zul,human,0
"Ihamba phambili ngempela,” kusho u-John Arnoldus, owelulama kwiCO-VID-19 esikhungweni soku hlala ngawedwana e-Drake-nstein. “Omunye wabangani bami ubegonqele ekhaya futhi akuzange kube lulaukwelulama ngokwakhe. Ngiye ngamtshela ukuthi athinte laba bantu ababenginakekela – yiyona ndlela yokuthi ululame. Ukwesekwa okuqhamu ka kubasebenzi bezokwelapha kanye nabaphathi bakhona – yikho okukuvusa qingqo,” kusho yena.Ekuqaleni u-Arnoldus wayemanqikanqika ukuya esikhungweni sokuhlala ngawedwana ngoba wayenomcabango ongekho woku thi uma uya kulesiya sikhungo uzofike ugule kakhulu futhi ushone.",zul,human,0
"Uhulumeni usethule isigaba sempahla engakhokhelwa intela ukuze usize imindeni ehola imali encane. Lolu hlelo luhlose ukunciphisa umthwalo wezimali kulabo abasebenzisa ingxenye enkulu yomholo wabo ekuthengeni izidingo zasendlini. Ngakho-ke, impahla efakwe kulesi sigaba izoba nentengo ephansi, okuzovumela imindeni ukuba ikwazi ukuthenga izinto ezibalulekile ngendlela elula.",zul,machine,1
"Uhulumeni wethula uhlelo lwezimpahla engenantela ngo-1991 ukuze asize ama khaya anemalingeniso aphansi. Kusukela lwaqala lolu hlelo, uhlu lwezinto ezingakhokhelwa intela luye lwanda kakhulu ukuze kutholakale usizo oluningi. Lokhu kusiza ekunciphiseni izindleko zokuphila nokuvumela abantu ukuba bayonge imali yabo.",zul,machine,1
"I-SANDF idlala iqhaza elibalulekile ekulweni nesifo se-COVID-19 ezweni lonke. AmaSosha asiza ngokuhlola imiphakathi, ukuxilonga, kanye nokulandela imikhondo yalabo okungenzeka ukuthi basulele kile. Ngaphezu kwalokho, UMbutho Wezempilo Wamasosha aseNingizimu Afrika unikeza usizo olubalulekile ezibhedlela ukuze kuqinisekiswe ukuthi izidingo zezempilo ziyahlangezwa ngempumelelo.",zul,machine,1
"Ububhoklolo obenziwa nge-inthanethi buyingozi enkulu ebhekene nabantwana, okusevele obala kakhulu ezinyangeni ezisanda kudlula. Lolu daba lulethe imiphumela emibi kakhulu, lapho abafundi nabantwana abasha beba izihluthulelo zalokhu kuhlushwa. Kubalulekile ukuthi abazali nabagadi baqaphele kabanzi ukusetshenziswa kwe-inthanethi ukuze bavikele abantwana kulezi zenzo. Ukufundisa nokuvusa ukuqwashisa kuyindlela ephambili yokunqanda lobu bubhoklolo.",zul,machine,1
UMnyango weMfundo eyiSisekelo (DBE) usethule ngokusemthetho uhlelo lwe-Woza Matrics oluhlose ukunikeza usizo olukhethekile kubafundi bakaMatric. Lolu hlelo luze ngemva kokuba abafundi babehlangabezana nezingqinamba eziningi zemfundo ngenxa yesifo segciwane le-COVID-19. Inhloso wukuthi kuqinisekiswe ukuthi bonke abafundi balungiselele kahle izivivinyo zabo zokugcina ukuze baphumelele ngobunono.,zul,machine,1
"• Gwema imigwaqo ekho khelwayo uma kungenze-ka. • Esikhundleni sokuthenga izipho vumela abantwana ukuba babhake izinto ezi-hlukile babhakele izihlobo. • Qala uthenge izinto zika Khisimusi kusenesikhathi. Kulo nyaka u-DebtSafe ukhu thaza abathengi ukuba bazame ukusebenzisa amaphepha ajwayelekile ansundu uma besonga izipho, ashibhile futhi ahambisana nemvelo.",zul,human,0
"Ukuhlukunyezwa akukona kuphela ukushaywa komzimba, kodwa kuhamba ngezindlela eziningi ezahlukene. Lokhu kubandakanya ukuhlukumeza ngokomzimba, ngokwasemoyeni okufana nokuthukwa nokwehliswa isithunzi, kanye nokuhlukumeza ngokocansi. Kukhona futhi ukuhlukunyezwa ngokwezimali lapho umuntu elawulwa ngokumnqabela ukusebenzisa imali yakhe. Kubalulekile ukwazi lezi zinhlobo ukuze abantu bakwazi ukuzibona besesimweni sokuhlukunyezwa futhi bafune usizo olufanele ngokomthetho.",zul,machine,1
Imisebenzi ye-CACH isebenza ngokubambisana neSikhungo Sokuthuthukisa Imisebenzi Kuzwelonke (i-NCDS) esiza ngokuhlinzeka ngolwazi lwezemisebenzi olunzulu kanye neseluleko mayelana: Imisebenzi kanye nemikhakha efundwayo Ukukhetha isifundo. Ulwazi ngokuhlola kokuchibiyela. Ukulungiswa kwemiphumela yakamatikuletsheni. Amathuba okufunda ahlinzekwa uhlelo lwePSET.,zul,human,0
"Umthetho osadingidwa woHlaka Lokuqaliswa Ko kusebenza Lukazwelonke Ekuqeqeshekeni Emisebe nzini Yomphakathi uhlose ukwakha umbuso osebenze la kangcono abantu bakithi, ongenakho ukungenelela kwezepolitiki futhi lapho imisebenzi inikezwa ngoku faneleka. Uhlaka lwagunyazwa yi Khabhinethi ngoLwezi ngo nyaka owedlule futhi izi ngxoxo ezihlelekile nemikha kha yomphakathi eyehluka hlukene ziyaqhubeka njenga manje. Iminyaka engamashumi amabili nesikhombisa yenta ndo yeningi, singasho ukuthi uma sikhuluma ngemisebenzi kahulumeni noma kukhona okuningi okuhamba kahle kakhulu, sisasenazo izinselele eminyangweni eminingi kahulumeni uma kuziwa kumakhono, ukwenza kahle umsebenzi kanye nokuqeqe sheka emsebenzini. Isikhathi esiningi, abantu bebeqashwa futhi benyu selwa ezikhundleni eziphe zulu ezingabafanele noma abangaziqeqeshelwe.",zul,human,0
"Lokhu kuzokwenza ukuba sibe nendlela ehlanganisiwe yokulawula inhlekelele nokubeka endaweni izinhlelo eziphuthumayo, ezisheshayo nezisebenzayo zokubhekana nesimo. Leli gciwane lizophazamisa kakhulu, okuseqhulwini kuthina ukuvikela impilo nenhlalakahle yabo bonke abantu baseNingizimu Afrika. Kumele futhi sibhekane nokuwa komnotho esingeke sakubalekela. Kumele silindele ukwehla ezimpahleni ezithunyelwa kwamanye amazwe, ukwehla kwenani lezivakashi kanye nomthelela omkhulu ekukhiqizeni, ekusebenzeni kwamabhizinisi kanye nokusungulwa nokugcinwa kwemisebenzi.",zul,human,0
"I-Operation Vulindlela ihlose ukususa izithiyo ezivimbela ukukhula komnotho waseNingizimu Afrika ngokwenza izinguquko ezibalulekile emikhakheni eyenza umehluko. Le nhlelo ibhekisana ngqo nezinkinga zezindleko eziphezulu zezinsizakalo zenethiwekhi kanye nokushoda kwamakhono okuphatha le mikhakha okubebambezela intuthuko. Ngokulungisa lezi zithiyo, kuhleliwe ukuthi kube nokwandisa kwemisebenzi nokuthuthuka kwezomnotho okuzovula amathuba amasha okutshala izimali ezizuzisa izwe lonke.",zul,machine,1
"Alikho ikilasi elingcono kunalezi zinda zokwakha ezimahhadlahhadla lapho abanjiniyela abasaqeqeshwa bathola khona ulwazi olungempela. Phakathi kwemisindo yemishini nemijuluko yabantu abasebenza kanzima, laba bashintsha amakhasi ezincwadi babe yizenzo ezibonakalayo. Lokhu kubasiza ukuba bafunde indlela yokubhekana nezinselele ezingalindelekile, okuyinto engatholakali ezincwadini zasesikoleni. Ngakho-ke, lolu hlobo lokuqeqeshwa kuyisisekelo esiqinile sokwakha ikusasa eliqhakazile lobunjiniyela.",zul,machine,1
"“Kulo nyaka wokufunda esikuwo, u-NSFAS usuxhase abafundi abangaphezulu kwezi-700 000, abayizi-248 242 babo basemakolishi angama-TVET kanti abanye abayizi-481 339 abasemanyu vesi (abafundi abaneminini ngwane yokuthi babhalisile). Lokhu kulinganiswa kukhu phuke ngamaphesenti anga ma-20 ukusuka ngonyaka odlule uma siqhathanisa imininingwane yokubhalisa esayithola esikhathini esifa nayo ngonyaka wezi2019 uqhathaniswa nowezi-2020,” kusho uNgqongqoshe uNzi mande. U-NSFAS uxhase amaphe senti angama-40 abafundi abasemanyuvesi kanye nama phesenti angama-70 abafu ndi abasemakolishi (amaTVET). vUsifaka kanjani isicelo • Abafaki-zicelo kumele bavakashele ku: www.nsfas.org.za bese becindezela ku- myNSFAS .",zul,human,0
"Ukube asingenelelanga ukuvikela indlela yoku phila kwabantu futhi sisindi se amabhizinisi, izimo zo kuphila zabantu bakithi nezimo zezinkulungwane zamabhizinisi ngabe zaba nzima kakhulu. Manje sesikwinguquko sisuka kusizo siya ekulula meni. Izinyathelo eziphuthumayo esizibekile zibe yisisekelo esiqinile esingakhela kusona umnotho wethu. Njengoba ukugxila kwethu sekubheke ekuqalisweni kokusebenza koHlelo Lokwakha kabusha Nokuvuselela Umnotho, okuseqhulwini kuzoba uku khuthaza ukukhula nokusu ngula imisebenzi.",zul,human,0
"UMongameli Cyril Rama phosa wenze lesi simemezelo ngesikhathi sokugcotshwa kweNdlovukazi yesizwe saBalobedu eNkundleni yezemidlalo iMokwakwai la eBolobedu, eGa-Modjadji eLimpopo. IKhelobedu ulimi olukhu lunywa uhlanga lwaBa lobedu iNdlovukazi Yemvula yaBalobedu ene minyaka eyi-13, uMasalana bo Modjadji, ezobabusa lapho isineminyaka eyi-18, emva kokubekwa njengeNdlo vukazi Modjadji wesi-VII. Uzothweswa iziqu nje ngokwezinqubo namasiko aBalobedu. “Le yinqubekelapha mbili eyingqophamlando wangempela uMama Wi nnie Madikizela-Mandela obengaziqhenya ngawo.",zul,human,0
"Lokhu kungenxa yokuthi azikho izindawo ezifane lekile emsebenzini lapho omama abaseyimidlezane bengakwazi ukukhama ubi si noma bancelisele khona izingane zabo ngesikhathi somsebenzi, ngenxa yalo kho-ke baye badikibale uku ncelisa ngoba phela bachitha ingxenye enkulu yesikhathi besemsebenzini bengahleli nezingane zabo. Njengomzamo wokubhe kana nale nselele, uMnya ngo wezeMpilo eLimpopo sewethule undabizekwayo wokuqala ngqa oyigumbi lokuncelisela noma lo kukhamela khona ubisi nga phakathi emahhovisi akho na. Igumbi lokuncelisela lethulwa nguNgqongqoshe wezeMpilo esiFundazweni uDkt Phophi Ramathuba. Liqanjwe ngoMama A lbertina Sisulu esigubha imi nyaka elikhulu yokuzalwa kwakhe kulo nyaka.",zul,human,0
"Ukugwema isimo lapho izaphula-mthetho zingafihla imilando yodlame lwasekhaya, kuzosungulwa inqolobane yemiyalo yokuvikelwa. Izichibiyelo ezethuliwe ziphinde ziphoqe iminyango Yokuthuthu-kiswa Komphakathi, Owemfundo Eyisisekelo, Owemfundo Ephakeme kanye noWezempilo ukuthi ihlinzeke ngezinsiza ezithile kwabasindile uma kudingeka nokubathumela ukuze bathole ukukhosela nokunakekelwa kokwelashwa. Izimo lapho umshushisi anganqaba ukushushisa uma amacala enziwe ngaphansi koMthetho ochitshiyelwe noma ukusula icala uma kufaka phakathi ukulimala noma lapho kukhona isikhali esasetshenziswa ukusabisa ummangali. Uma mhlawumbe ukuchitshiyelwa okuqinile okwethuliwe koMthetho, uma umuntu othile enolwazi,ekholelwa noma enezinsolo zokuthi isenzo sodlame lwasekhaya lwenzekile emntwaneni, kumuntu ophila nokukhubazeka noma kumuntu omdala futhi ahluleke ukubika kusonhlalakahle noma ephoyiseni angahlawuliswa noma aboshwe.",zul,human,0
"“Sonke siyazi ukuthi uhulumeni akawakhi amathuba omsebenzi. Amabhizinisi yiwona akha amathuba omsebenzi. Umsebenzi osemqoka kahulumeni ngukwakha izimo ezizokwenza ukuthi umkhakha ozimele – yomibili omkhulu kanye nomncane – ibonakale ikhule, ifinyelele kwimakethe entsha, ikhiqize izimpahla ezintsha, futhi iqashe abantu abaningi,” kusho yena. Babalelwa kuma-80% abantu abaqashiwe abasebenzela umkhakha ozimele.",zul,human,0
Uhulumeni usiza imindeni ehola imali encane ngokukhipha intela yokuthenga kwezinye izimpahla zasendlini. Inhloso yalesi senzo ukunciphisa izindleko zezinto ezibalulekile ukuze imindeni ingasebenzisi yonke imali yayo ekuthengeni impahla. Lokhu kusiza kakhulu labo abahlala ngezimali ezincane ukuthi bakwazi ukunakekela izidingo zabo zansuku zonke kalula.,zul,machine,1
"Okuphambene nalokho okushiwo amaqembu kanye nalabo bantu abalwisana nabokufika, ababhebhezeli bobugebengu ngabantu abamnyama nabamhlophe, abesilisa nabesifazane, abokufika kanye nezakhamuzi. Ubugebengu, hhayi abokufika, isona isitha okumele sisebenze ngokubambisana ukuthi sisinqobe. Ngeke sinqobe ubugebengu ngokugqugquzela ukwephula umthetho, udlame, ukusabisa kanye nokuzithathela umthetho ezandleni kwezingqapheli ngokungemthetho okubhekiswe kwabokufika kuleli, futhi ikakhulukazi kubantu abavela kumazwe aseAfrika. Siyabona ukuthi imiphakathi eminingi isikhathele ukuhluleka kwamaphoyisa ukubhekana nezigebengu.",zul,human,0
"Ukuthuthukiswa komnotho wabansundu kubonakala kuyimpoqo ekukhuleni komnotho, okubonakala ngokuthengiselwa komgudu kawoyela wase-East London. Lo mgudu obulawulwa inkampani i-BP Southern Africa, usuthengiselwe i-Wasaa, okuyinkampani ezimele yamakhemikhali kaphethiloli. I-Wasaa izuze yonke impahla kanye nezabelo zalo mgudu.",zul,machine,1
"Ukuguqula imfundo ephakeme kusho ukwenza sure ukuthi wonke amantsha, kungakhathalise imvelaphi yawo, abe nethuba elifanele lokufunda nokuthuthuka. Lokhu kubandakanya ukubuyekezwa kwezinhlelo zokusekela ezifana nezimali zokufunda ukuze kufike kubantu abaswele kakhulu. Ngokwenza lokhu, uMnyango wezeMfundo ePhakeme Nezokuqeqesha uqinisekisa ukuthi intsha ithola amakhono afanele adingeka emakethe yomsebenzi namuhla. Ngakho-ke, lolu guquko lubalulekile ekwakheni ikusasa eliqhakazile nelingalinganayo kubo bonke abantu.",zul,machine,1
Kubalulekile ukuthi abafundi bathole ukwesekwa ngokwemizwa ukuze bakwazi ukunqoba ukucindezeleka okubangelwa i-COVID-19. Kumele bakhuthazwe ukuba basebenzise ezobuchwepheshe nezindlela ezintsha zokufunda ukuze bangasali emuva kulezi zinguquko. Abazali nothisha kumele babambisane ekuholeni nasekunika abafundi ithemba nokuqonda kulezi zikhathi ezinzima. Lokhu kuzobasiza ukuthi baqhubekele phambili baphumelele nakuba bebhekene nezinselele eziningi.,zul,machine,1
"Wachitha amahora amaningi efunda ukukhrosha (ukunitha) wase eya eKapa eyohlala nodadewabo. UFuma wabe esezifundisa ukwenza umsebenzi wobuhlalu, wase ethuthela eMbekweni e-Paarl ukuyofuna amadlelo aluhlaza. “Babebaningi abantu ababefuna okwenziwe ngobuhlalu. Ngokho-ke ngathatha imisebenzi embalwa eyenziwe ngobuhlalu ngase ngiyiqaqa isinyathelo ngesinyathelo ukuze ngithole ukuthi yayenziwe kanjani.",zul,human,0
"“Yize noma abesifazane bezama ukuzishutheka no kusebenza kanzima ukuze babonise ukuthi lokhu oku shiwoyo akulona iqiniso, kungumsebenzi onzima. Nga kunqoba lokhu ngokuba ngi ngaphakamisi umoya, ngihla le ngicabanga ngokunethe mba futhi ngisebenze naba ntu ukuze bangihloniphe. Ngokubelesela nokuzimise la, ungazinqoba lezi zithiyo,” kusho yena. Impumelelo kaMdletshe yokunqoba lezi zithiyo iyabonakala ngendondo ayi hlomulile njengemenenja eyi bamba kwezobuchwepheshe bemikhumbi nolwandle.",zul,human,0
"Imithombo yezindaba enamandla ibaluleke kakhulu kunakuqala ukuze kuxiswe ukuqonda nokwazi empilweni yomphakathi. Esikhathini esidlule, abezindaba babebhekana nokucindezelwa nokuboshwa ngenxa yokubika izindaba ezibucayi neziqiniso. Namuhla, le mithombo isiza ekulweni nokuthula kwamaqiniso nokuvikela inkululeko yokukhuluma. Lokhu kuqinisekisa ukuthi abantu bathola ulwazi oluqotho olungakashintshwa.",zul,machine,1
"Sesihambe ibanga elide kakhulu sisuka ezinsukwini lapho imibhikisho yomphakathi yababha-li yadonsa imiyalelo yokumiswa, nokubika okubucayi kwezintatheli kwakubeka engcupheni ukuboshwa noma ukuvalwa kwamaphephandaba. Kamuva nje, inhlangano i-Reporters without Bor-ders ishicilele iNkomba Yenkululeko Yabezindaba Yomhlaba yangowezi-2021, okuyinkombandlela yesimo senkululeko yabezindaba emhlabeni jikelele. Kukho konke, kwatholaka la ukuthi kunokwehla eku finyeleleni komphakathi kulwazi kanye nokukhula kwezingqinamba zokusakazwa kwezindaba emazweni amaningi. Umbiko wathi abezi ndaba “bavalelekile noma bavinjiwe” emazweni angama-73 futhi “bavimbekile” kwamanye angama-59.",zul,human,0
"Izingane ezinenkinga noma ‘ezihluphayo’ kungenzeka zibe nenkinga ethile, efana ne-Attention Deficit Disorder noma iAttention Deficit and Hyperactivity Disorder enga dinga ukuthi zidle ukudla okuthile futhi zidinge ukusi zwa ngomuthi. Uma umzali noma onakeke la ingane engazi ukuthi anga yiqeqesha kanjani ingane ya khe noma angayisiza kanjani ngezidingo zayo ezikhethe kile angathinta u-Childline ku: 0800 055 555 bese exo xisana nowelulekayo ukuze amcebise.",zul,human,0
Uhlelo luka-Driving Ambitions lusebenza kanzima ukufundisa abantu abakhubazekile ukushayela izimoto. Okunye kwalawa mathuba okufunda ukushayela kugxile ekusebenziseni izimoto eziyizimo to. Uhlelo oluyingqayizivele lwe-Quad Para Association of South Africa (i-QASA) luye lwafundisa abantu abayi-120 abakhubazekile ukuba bakwazi ukushayela.,zul,machine,1
"Wonke umuntu uyazi ukuthi yini okulindeleke ukuthi ayenze ngalesi sikhathi seCOVID-19 . Niyacelwa ukuthi niqhu beke nokulandela imihlahla ndlela kanye nemithethomgomo ebekiwe,” kusho uGanuganu. Umhlengikazi oqeqeshiwe uLuyanda Ganuganu ubelokhu ephambili empini yokulwisana neCOVID-19 Esibhedlela i-Groote Schuur.",zul,human,0
"Okhulumela amaphoyisa aseMpumalanga, uColonel Mtsholi Bhembe, ugcizelele ukubaluleka kokuba umphakathi ubike zonke izenzo zokunukubezwa. Uthe ukubambisana phakathi kwabantu namaphoyisa kuyisihluthulelo sokulwa nalo bugebengu, ukuze kuqinisekiswe ukuthi abenzi bobubi babhekana nomthetho. Ngokubika, abahlukumezekile bayabuya amandla abo futhi bavula indlela yokuthola ubulungiswa.",zul,machine,1
"U-Maharaj oqale kulo mse benzi ngoNcwaba 2016, futhi phambilini obenza amadizayini ezindlela zoku hamba ngezinyawo onqenqe meni lomgwaqo kanye nawe jiyomethri eBhayi e-SANRAL Centre of Excellence, uthi usefunde lukhulu njengoba esefudukele esifundazweni saKwaZulu Natali. “Sengi funde ngobunkimbinkimbi be-civil engineering kanye nendlela konke okuhlangana ngayo ukwenza izinto zise benze. Akukhona nje kuphela ukudizayina izindlela zoku hamba ngezinyawo onqenqe meni lomgwaqo. Sisebenza ngezakhiwo, amapayipi oku chitha amanzi kanye nama dizayini ejiyomethri.",zul,human,0
"Nakuba lehlile izinga labantu abashonele emgwaqweni kula maholide, kepha iqiniso elinzima kakhulu yilo nje elokuthi babalelwa kwi-1,600 abantu abashonile enyangeni nohhafu khona emigwaqweni yethu. Kuphinde kwethuse kakhulu ukuthi ba dlula izinkulungwane eziyi-9000 zabashayeli bakithi ababoshe lwe amacala abandakanya ukushayela uphuzile, ukush ayela ngesivinini eseqile, uku shayela budedengu kanye nok ushayela ngokunganaki. Isiko lokuzibophezelo lichaza ukuthi kumele ushayele ngokucophe-lela futhi uhloniphe amalungelo abahamba ngezinyawo kanye nalabo abasebenzisa umgwaqo.Isiko lokuzibophezela lic-haza ukuthi kumele obaba babe khona njalo ezimpilweni zezingane. Baningi kakhulu abantu besifazane abazithola bekhulisa izingane ngabodwa-na, lokho kwehlisa amathemba okuphepha kubona kanye na-sezinganeni.Isiko lokuzibophezela lichaza ukuthi kumele sizibandakanya ocansini oluphephile kanye nokuthi singaziphosi egci-waneni leSandulela Ngculazi.",zul,human,0
"Ubumbano lwemiphakathi bubonwa njengento ebaluleke kakhulu ekutholeni impumelelo nokuthula eNingizimu Afrika. Lokhu kubonakale ngokusobala ezigamekweni ezibuhlungu ezenzeke endaweni yase-Phoenix namaphethelo eThekwini ngesikhathi sothuthuva nodlame olwakuhlasela izizwe. Lezi zehlakalo zigcizelele ukuthi ukungaboni ngaso linye kungadala ukuhlukana okunzima phakathi kwabantu. Ngakho-ke, kubalulekile ukuthi imiphakathi ihlangane ukuze kuvikelwe ukuba kube nezimo ezifana nalezo esikhathini esizayo.",zul,machine,1
"I-GO GEORGE wuhlelo lokuthutha olubhekele wonke umuntu, kuhlanganise nabantu abakhubazekile. Lolu hlelo luhlinzeka ngezithuthi ezifanele nezinikezela ngezidingo ezikhethekile ukuze ukuhamba kube lula futhi kuphephe. Ngokwenza lokhu, i-GO GEORGE isiza ekuhlomiseni abantu abakhubazekile ngokubanika ithuba lokuzimela nokuhamba ngokukhululeka emiphakathini yabo. Lokhu kukhombisa ukuzibophezela koMasipala waseGeorge ekwakheni izinhlelo zokuthutha ezihlanganisa wonke umuntu.",zul,machine,1
"Ukunyuka kwezindleko zokuphila kwenza impilo ibe nzima kakhulu ngenxa yokuthi ukuthenga ukudla nezinsiza eziyizidingo sekubiza kakhulu. Lokhu kukhinyabeza amandla okukhokhela izinsiza zasendlini kanye nokuhamba ngezithuthi eziyizidingo. Ngakho-ke, kubalulekile ukuba umphakathi ubambisane futhi usizane ukuze ukwazi ukubhekana nalezi zinselelo ezinzima zezomnotho.",zul,machine,1
"Abezindaba baseNingizimu Afrika badlala indima ebalulekile ekusekeleni intando yeningi. Ngokusebenzisana nomthetho omkhulu wezwe nezinhlelo zobulungiswa, kuvikeleka amalungelo abantu ukuba angaphulwa. Lo msebenzi usiza ekugwemeni ukuhlukunyezwa kwamandla iziphathimandla ezizama ukusebenzisa amandla ngokungafanele. Ngakho-ke, abezindaba bayinsika eqinile eqinisekisa ukuthi ubulungiswa nobukhululeko buyagcinwa.",zul,machine,1
"I-NPA izophothula inqubo yokuthi izigilamkhuba zibhekane nomthetho kanye nokubhekana nobuntekenteke obutholwe uphenyo lwe-SIU, kuchaza uMongameli. Isinyathelo esithathiwe Selokhu kwaqala uphenyo, i-SIU, isebenzisana namanye ama-ejensi, isiyenze le nqubekela-phambili elandelayo: • Amacala angama-45, enani elihlanganisiwe lezigidigidi ezi-R2.1, adluliselwe kwiNkantolo Ekhethekile Yamacala Enkohlalo, Ukukhwabanisa kanye Nokusetshenziswa kwemali ngokungekho emthethweni i-Special Tribunal on Corruption, Fraud and Illicit Money Flows. Inkantolo ekhethekile inegunya elisemthethweni ukubuyisa izimali zikahulumeni ezebiwe kwenziwa inkohlakalo, ukukhwabanisa kanye nokusetshenziswa kwezimali ngokungekho emthethweni, futhi ithathele ababhebhezeli balokho izinyathelo zomthetho; • Amacala angama-224 adluliselwe ukuthi izi phathimandla zeminyango noma zezinkampani zikahulumeni zithathelwe izinyathelo zokuqondiswa izigwegwe; • Amacala angama-386 adlu liselwe kwi-NPA, futhi amathathu adluliselwe ukuthi uMongameli atha-the isinyathelo ngawo; • Amacala angama-330 adlu liselwe ukuthi kuthathwe izinyathelo zomthetho, okubandakanya ukuvi njelwa ukusebenza (ungabe usakwazi ukwenza umsebenzi nohulumeni). Ngokombiko, isamba sezigidi ezingama-R551.5 (inani lemali kanye nempahla) kumele sibuyiswe, kanti izigidi ezingama-R34.2 sezibuyisiwe kuze kube manje.",zul,human,0
"Kweminye iminyango, ama-DG, ama-HoD kanye nabaphathi abakhulu babe nozinzo esikhathini, lokho okwenze iminyango yakwazi ukusebenza ngokuphazami seka okuncane. Kweminingi yale minyango lapho kukhona uzinzo kubaholi, imiphumela yocwaningo lwamabhuku ivame ukuba mihle futhi nezimali zikahulumeni kuya phenduleka ngazo. Lapho kukhona uguquko olukhulu kubaphathi bomnyango, ku vamise ukuthi kube khona isiphithiphithi ekuphatheni. Esinye sezincomo ezibalu lekile ezenziwe kumthetho osadingidwa wohlaka ukuthi imisebenzi kahulumeni kumele abezepolitiki banga gamanxi kuyona nokuthi iminyango kahulumeni ku mele ivaleleke kwezepolitiki.",zul,human,0
"Kukhona cishe izitshudeni ezingama-50 480 zakumakolishi e-TVET, ezitholakele zifanele ukuthola imali yokugibela, inda wo yokuhlala kanye nokudla, nazo ezizoxhaswa; ngesikhathi kukhona ezinye ezingama 82 600 ezitholakala zifanele ukuthola imali yokugibela. UNgqongqoshe uthe kuli ndeleke ukuthi kuhlinzekwe ukuxhaswa ngezimali cishe kwezikhala ezingama-83 200 kwezingama-208 000 (ama40%) ezikhona kubantu aba ngena emanyuvesi ngowe zi-2018 okokuqala.",zul,human,0
UMagwaza ungomunye wabafundi abangamakhulu abedlula ezinhlelweni zokuthuthukiswa kwentsha minya ka yonke. Izinhlelo zihlinzeka ngoxhasomali nokusekela futhi lusiza abafundi ukuthi bathole imisebenzi uma sebegogodile. “Bengiwulinde ngamehlo abomvu umgubho wethu wokuthwala iziqu. Bewuzo-sho lukhulu ngenxa yokuthi bengizoba ngowokuqala ngqa othwala iziqu emndenini wami.,zul,human,0
"“Sibungaza inqubekelaphambili yethu, ngoba usu ku nosuku Uhlelo lwethu Lwezinguquko Kwezomhla ba luthola amandla. “Kuze kube namuhla, uhu lumeni usabe kabusha umhla ba ongaphezu kwamahektha ayizigidi ezinhlanu, usuwo nke ubalelwa emapulazini ayizi-5 500, nozozuzwa nga bantu abangaphezu wezi 300 000.""Kuze kube manje, inqu bo yokwabiwa kabusha ko mhlaba ihlomulise abafaka izicelo zomhlaba abanga phezu kwezigidi ezimbili kwaholela ekunikezelweni komhlaba ongamahektha ayizigidi ezi-2.7. “Uguquko kwezomhlaba alukho mayelana nentshi sekelo yokulungisa kuphela nje, ubulungiswa kanye no kuhlangana komphakathi. Kuphinde kube mayela na nokuthuthukiswa ko mnotho.",zul,human,0
"Uma umuntu eshona engayibhalanga incwadi yefa lakhe, izimpahla abenazo zizokwabiwa ngokomthetho obizwa phecelezi ngeInte state Succession Act , kulabo bantu abanelungelo lokuthi bazithole njengefa. Lo Mthetho ubeka izimiso zokuthi ifa kumele labiwe kanjani. Labelwa izihlobo zegazi kuqala, ngendlela ethile yokulandelana: • Uma ushiye umuntu oshade naye kuphela, u mlingani wakho nguye ozodla ifa lonke. • Uma ungenaye umuntu oshade naye futhi kusala kuphela abantwana bakho, yibona abazodla ifa ngeza belo ezilinganayo.",zul,human,0
"Le ndaba lethulwa ngenhloso yokunikeza umphakathi ulwazi olubalulekile mayelana nezinhlelo zikahulumeni. Lolu lwazi lulethwa kuwe nguPhiko likaHulumeni lweZokuxhumana nokudluliswa koLwazi (i-GCIS) ukuze kuqinisekiswe ukuthi zonke izakhamuzi zithola imininingwane efanele. Sikhuthaza wonke umuntu ukuba azibandakanye kulezi zinhlelo ukuze kuthuthukiswe imipilo yabo. Lolu lwazi lutholakala ngezilimi ezahlukahlukene, kuhlanganise nesiNgisi nesiZulu, ukuze kufike kubantu bonke.",zul,machine,1
"Ukubhema kuphinde kwe nze kube nzima ukulawu la lesi sifo,” kusho yena. Amasu okuyeka ugwayi INhlangano Yesifo So mdlavuza eNingizimu Afrika (i-CANSA) sikunika la masu alandelayo uma ngabe uzama ukuyeka ukubhema: ●Nquma usuku ofuna ukuyeka ngalo ukubhema bese wenza kanjalo. ● Lahla kude zonke izinto ezikukhumbuza ukubhema. Lokhu kubandakanya amaphakethe kasikilidi, izitsha zomlotha, nome ntshisi.",zul,human,0
UMongameli uCyril Ramaphosa ugcizelele ukubaluleka kokuthuthukisa izimpilo kanye nezindlela zokuziphilisa zabantu encwadini yakhe ye-SoNA yangowezi-2022. Ugcizelele ukuthi lezi zinhlelo zibheke ekwakheni ikusasa eliqinile ngokusebenzisa izinhlelo ezisemthethweni. Waphinda waphakamisa ukuthi lo msebenzi uzokwakhela phezu kwesisekelo soHlelo Lokwakhiwa Kabusha kanye Nokuvuselelwa Komnotho.,zul,machine,1
"U-Childline South Africa, inhlangano evikela amalungelo ezingane, ugqugquzela abazali ukuba baxoxisane kakhulu nezingane zabo. Ukuxoxisana kubaluleke kakhulu ngoba kusiza abazali ukuba bazi futhi baqonde izimo ezingane zabo ezibhekana nazo empilweni. Lokhu kwenza kube lula ukuvikela izingane kuzo zonke izinhlobo zodlame nokunikeza uthando nokwesekwa okufanele.",zul,machine,1
"Lezi zinguquko zizothuthukisa ukusebenza kahle kanye nokuncintisana, zehlise izindleko zokwenza ibhi zinisi eNingizimu Afrika, futhi zikhuthaze utshalo mali oluzimele olukhulu kwingqalasizinda yethu yezomnotho. Manje sinezingxenye zomnotho ezikhethekile eziyi-13 ezweni lonke, ezi hlinzeka abatshalizimali ngezikhuthazi abazi bekele zona zotshalomali, amanani entela abawakhe thayo kanye nokwesekwa kokuthunyelwa kwempa hla kwamanye amazwe. Lokhu kunikeza isisekelo sokukhiqiza esikhangayo ezinkampanini ezifuna ukuphakela izimakethe zasekhaya kanye nezama zwe ngamazwe. Inani labo selikhule ngokuqhu bekayo ngokusungulwa kweNdawo Yezwekazi lase-Afrika Yokuhwebelana Ngokukhululekile, eqale ukusebenza ngokuhwebe lana ngokusemthethweni ekuqaleni konyaka.",zul,human,0
"Isihluku kanye nemi phumela emibi yo bubhoklolo obenziwa nge-inthanethi kubantwana sekuvezwe obala ezinya ngeni ezisanda kudlula. Esigamekweni sakamuva sobubhoklolo obenziwa nge-inthanethi, umfundi weBanga le-10 uLufuno Mavhunga, wasesiko lweni iMbilwi Seconda ry School eLimpopo, washo na ngokuzibulala emva kokushaywa ngomunye umfundi. UMavhunga weqisa amaphilisi ayewa nikwe ngudokotela emva kokuthi ividiyo eyaqoshwa ngesikhathi eshaywa yasabalala ezinkundleni zoku xhumana. Ongcweti bezokuphepha ku-inthanethi abavela ku Mkhandlu Wezocwaningo Lwezesayensi Nezimboni (i-CSIR) bathi ububhoklolo obenziwa nge-inthanethi buyalimaza kakhulu eba ntwaneni futhi bungaba ngela ukukhathazeka, ukudangala, intukuthelo, ukukhungatheka, ixhala nokwesaba.“Bungaphinde bubangele ukuzenyeza, ubugebe-ngu obenziwa abantwana, udlame esikolweni, izinki nga zomndeni kanye ne micabango yokuzibulala,” kuchaza umcwaningi omkhulu wase-CSIR uSipho Ngobeni.",zul,human,0
"Lokhu sekwe hle kwaya esilinganisweni esiphakathi esiyizi-5 000 ngosuku evikini eledlule. Izinga lethu lokululama lime kumaphesenti angama-80. Njengoba izwe lehlela esigabeni sesi-2 sokuqapha, imikhawulo eminingi kwe zenhlalo nakwezomnotho isi susiwe. Lokhu kuza nobungo zi obukhulu bokusuleleka.",zul,human,0
"Ngalolo suku nangezinye ezilandelayo, abantu abaningi abasha balahlekelwa izimpilo zabo. Babulawa ngumbuso onesihluku owawungenandaba nezimpilo zabantu abamnyama futhi owawungenandaba nokudubula abantwana besikole abangahlomile futhi abagqoke umfaniswano wesikole. Lezi zigameko zaqinisa indlela amazwe ngamazwe abona ngayo umbuso wobandlululo abe esegqugquzela ukulwelwa kwenkululeko.Abantu abasha bahlale behamba phambili emibhikishweni yomphakathi, kusukela kumibhikisho yokulwisana nondlovukayiphikiswa e-Latin America ekupheleni kweminyaka ye-1950, kuya kwimibhikisho kulolonke izwekazi lase-Afrika ekupheleni kweminyaka ye-1960.Umlando ubonisa ngokwe-qiniso igalelo lesizukulwane sangowe-1976 kwinhlangano yabafundi yamazwe ngama-zwe nalapho lime khona ekulweni nengcindezelo nokulwa nokungabibikho kobu-lungiswa. Lesi sigameko esiyingqophamlando esenzeka eminyakeni engama-45 edlule siyaqhubeka nokubungazwa kuyoyonke i-Afrika kanye nomhlaba wonke.Ngakho-ke kuyathikameza kakhulu ukuthi ulwazi mayelana nosuku lwe-16 kuNhlangulana luyancipha kakhulu entsheni yaseNingi-zimu Afrika.",zul,human,0
UNingizimu Afrika uhlela ukuqeda Isimo Senhlekelele Kuzwelonke maduze. Lokhu kuzenzeka lapho kuqedwe zonke izinyathelo ezidingekayo ngaphansi koMthetho Wezempilo Kuzwelonke kanye neminye imithetho ehambisana nokunqanda lolu bhubhane. Inhloso wukuhlela indlela efanele yokulawula isimo sezempilo ngaphandle kokusebenzisa imithetho yesimo senhlekelele.,zul,machine,1
"Le mizamo ithela izithelo. Ngokusebenzisana nezinhlangano ezibalu lekile kuhlelo-kusebenza lwezobulungiswa kwe zobugebengu, uPhiko Lwezokuphenywa Kwa macala seluvule amacala enkohlakalo angaphezu kwama-20 kunyakamali owedlule futhi nabasolwa abangama-65 sebethwe siwe amacala. La macala abandakanya amaningana ‘okuthunjwa kwamandla ombuso’ kanye namanye amacala abucayi enkohlakalo. Kunyakamali owedlule, uPhiko Lokushaqwa Kwempahla lwathola imiyalelo yokumisa ukusebenza kwempahla nemali yenani lezigidigidi ezi-R5.4 ehlobene nama cala enkohlakalo, kanye nesigidi esingama-R70 esakhokhelwa iSikhwama Sempahla Yobugebengu Eshaqiwe.",zul,human,0
"Bangafuna ukuthula nje noma benyuse izinga lomsindo. Bangaphinde futhi babe nolaka ngokwedlulele noma basheshe ukucasuka,” kusho yena.Uma weseka othandi-weyo, u-Ludziya uthi kuyasiza ukuthi uqonde indlela yokuzila kanye nokuthi wazi ukuthi omu-nye nomunye ubhekana nakho ngendlela engafani. Uyachaza ukuthi ukuzila akusona isimo nje, kodwa inqubo, futhi abantu bajwayele ukudlula ezigabeni zokuzila.Izigaba ezijwayelekile zokuzilaIzigaba zokuzila ezijwayelekile kungaba ukungavumi ukuthi ulahlekelwe noma ukuzivalela ngawedwana (uma ubheka-na nokuba ndikindiki noma ukushaqeka); ukuthukuthe-la (ukuthukuthelela abanye abantu bengenzanga lutho okubi); ukuzibuza-uziphendule (uma ubhekana nemi-zwa yokudliwa unembeza ngezinto ongazenzanga noma ongazishongo); uku-khathazeka (ukudabukisa okuza nokuthi ucabange ukuthi impilo izoqhubeka ngaphandle kothandiweyo); kanye nokwamukela (ukuthola indlela yoku-phila impilo ngokuphele-leyo ngaphandle komuntu othile).“Indlela eyodwa yokubhe-kana noma yokutshengisa ukweseka ukuqonda isigaba sokuzila okusona noma leso esibhekene nothandiweyo. Lokho kuzoqinisa idolo lowo ozilile ukuthi lokhu abhekene nakho kuyinto ejwayelekile.",zul,human,0
"Kubuhlungu futhi kuyashaqisa ukubona ukuthi izinkulungwane zabasebenzi bukaHulumeni badla imali ebekelwe abampofu. Ukuthi abantu abayizi 17 000 basebenzisa izikhundla zabo ukuzengeza imiholo ngemali yezidingo zabantulayo, kuveza ubugovu obukhulu obudla isizwe. Ukuze kuqedwe le nkohlakalo, uHulumeni kumele uthathe izinyathelo ezinzima futhi ujezise ngqo labo abatholakele kulokhu. Ngale ndlela kuphela izinsiza zingafika kulabo abadinga usizo ngempela.",zul,machine,1
"Kumele sinikeze ukunaka okukhulu ekuboneni izimpawu zomdlavuza ezinganeni njengoba lo mkhuhlane uyenyuka emhlabeni jikelele. Kutholakala ukuthi ingane eyodwa kwezingama-408 itholakala inomdlavuza ngaphambi kokuba ifike eminyakeni eyi-15 yobu dala. Ngakho-ke, kubalulekile ukuba abazali nabagadi baqaphele noma yikuphi ukushintsha okungajwayelekile emzimbeni bezingane. Ukuxilonga lo mhlavuza kusasele isikhathi kuyisihluthulelo sokusindisa izimpilo zabo.",zul,machine,1
"Izimo zomnotho zonyaka wezi-2020 zibukeka zizoba nzima ukwedlula ezowezi-2019. Ngakho-ke, kubalulekile ukuthi abantu babheke ngeso lokhozi futhi bacubungule ngokujula isimo sabo sezimali. Ukuhlela izimali ngobuhlakani kuyindlela eyodwa yokuthola inkululeko kwezezimali ngalesi sikhathi esinzima.",zul,machine,1
"UZondi wengeze ngokuthi abesifa zane banekhono njengamadoda futhi inkampani yakhe isizenzele igama elihle. “Siyakuqonda ukubaluleka kwesikhathi nokuhlangabezana nezinhloso zethu sonke ukuqinisekisa ukuthi umsebenzi uhamba ngendlela efanele. Sibonga ithuba futhi sethemba ukuthi amaningi asazoza ukuze inkampani yethu izokwazi ukukhula ngokwama zinga ezokwakha,” engeza. Imiklamo ephambili kaHulumeni kuzwelonke U-Matekane uthe iDurban-Free State-Gauteng Logistics kanye noku thuthukiswa kweIndustrial Cor ridor kunesabelomali esilinganiselwa kwizigidigidi ezingama-R26 futhi ingeminye yemiklamo ephambili kahulumeni kazwelonke.",zul,human,0
"Ukukhipha isisu ngendlela yokuhlinzwa kwenziwa ngumhlengikazi osemthethweni (ukuya emasontweni ayi-12) noma udokotela (kusuka emasontweni ayi-12 kuya kwangama-20). NgokoMthetho Wokuzikhethela Ukukhipha Isisu wangowe-1996 (Umthetho wama-92 wangowe-1996), ukukhipha isisu kungenziwa futhi ukusuka emasontweni ayi-13 kuya kwangama-20 uma udokotela, emva kokuxoxisana nowesifazane okhulelwe, ukholelwa ukuthi: • Ukuqhubeka nokukhulelwa kubeka engozini impilo yowesifazane ngokomzimba noma ngokwengqondo. • Kunobungozi obukhulu bokuthi umbungu ungahaqwa isimo esingajwayelekile ngokomzimba noma ngokwengqondo. • Owesifazane ukhulelwe ngenxa yokudlwengulwa noma yokulalana kwezihlobo.",zul,human,0
"Kubaluleke kakhulu ukuthi wonke umuntu aqinisekise ukuthi unencwadi yefa ebhalwe ngokusemthethweni ukuze kuvikelwe impahla yakhe. Uma umuntu eshona engayibhalanga le ncwadi, izimpahla zakhe zizokwabiwa ngaphansi komthetho obizwa nge-Intestate Succession Act. Lo mthetho uqinisekisa ukuthi ifa liyofika kubantu abanelungelo ngokomthetho lokulithola. Ngakho-ke, kuhle ukuhlela kusasele isikhathi ukuze kugwemeke ukungaboni ngaso linye emndenini.",zul,machine,1
"Sekuqala ukuntwela ezansi eNingizimu Afrika, lapho kumenyezelwe khona iSimo Senhlekelele Kazwelonke nguNdasa. Loluinqumo luhlose ukunqanda ukubhebhetheka kwegci wane kanye nokuhlinzeka ngosizo oluphuthumayo. Lolu sizo luzobe luqondiswe kubakha muzi kanye nemiphakathi ukuze kuqinisekiswe ukuphepha kwabo ngalesi sikhathi sobusika.",zul,machine,1
"Izikhungo zokuthuthukiswa kwabantwana zibhekwa njengokhiye wokusiza ikusasa lethu, kanti lezi zikhungo zakhiwe yinhlangano i-Impande South Africa. Lolu hlelo lusekelwa yi-Nelson Mandela Foundation ngenhloso yokunika izingane ukunakekelwa okufanele. Kukhona ukuzinikela okumangalisayo okubonakala kubabasebenzi balesi sikhungo abenza konke okusemandleni abo ukwesekela izingane. Lokhu kuzinikela kubaluleke kakhulu ekwakheni isisekelo esiqinile selizwe lethu.",zul,machine,1
"Inhloso ngukuseka amakho no okudala, okusungula ka nye nawezikhungo akhona emphakathini ngobubanzi ukusebenzisana nabantu abenza umsebenzi ofanayo omuhle. Lo msebenzi ugamanxa ezinhlakeni ezihlukahlukene, kubandaka nya ukuvikeleka kokudla, ukuqeda udlame olubhekiswe kwabobulili obuthile, ukuthuthukiswa kwemijo ndolo nokunye.Lokhu kuzohambisana nemizamo yomkhakha kahulumeni, okuzovumela ubukhulu nokuthinteka kwenhlalo kanjalo nokwakheka kobudlelwano obusha nababambiqhaza abehlukene emphakathini.Umzamo wokusungula imisebenzi ubandakanya uhlelo olusha lukazwelonke lokuqasha abasizi bothisha nabezikole ezikoleni. Izikole kuyimanje ziyaqasha, zethula amathuba amasha kuyo yonke imiphakathi kulolonke izwe.Ukuqashwa komphakathi akuwona nje umsebenzi ongenakhono. Kugxilwe kakhulu kulabo abaneziqu, abanamathuba obuhlengikazi, abaneziqu zesayensi, abanamakhono omsebenzi wezandla kanye nabanye.Umzamo wokusungula imisebenzi uzophinde uvikele imisebenzi emikha kheni entekenteke eshayeke kanzima ngubhubhane.",zul,human,0
"• Uma ushiye oshade naye nezingane, oshade naye uzothola isabelo sengane noma izi-R250 000, noma yikuphi okukhulu, bese izingane zabelana nge mali esele. Isibonelo nje, uma ifa lingabiza izigidi ezi-R2 futhi umufi eshiye owakwakhe nezingane ezintathu, inani lesabelo sengane ngayinye lili nganiselwa kuzi-R500 000. Isabelo sengane sibalwa ngokuhlukanisa inani kane. • Uma ungenaye umlingani noma izingane, kodwa bobabili abazali besaphi la, bazodla ifa ngezabelo ezilinganayo.",zul,human,0
"INingizimu Afrika isenza imizamo enkulu yokulwa nokuntuleka kwemishini yokuphefumula ukuze kusindiswe izimpilo zabantu. Kugxilwe kakhulu emishinini ebizwa nge-CPAP, eyisiza iziguli ezine-COVID-19 ukuthi ziphefumule kalula ngokuzihlinzekela ngomfutho olungiswe kahle womoya. Lo mnyakazo uhlose ukuqinisekisa ukuthi izibhedlela zinezinsiza ezanele zokunakekela iziguli ezibhekene lobu bhadi.",zul,machine,1
"Abaholi bendabuko basesi meni esihle kakhulu ukuqini sekisa ukuthi izinhlelo zesi funda ziphendula izidingo zangempela zemiphakathi futhi zibonisa impilo eyiyona ezindaweni zasemakhaya. Njengoba i-DDM yesekela izinhlelo zendawo ezigxile kwizidingo, amandla kanye namathuba ezindaweni ezithile, abaholi bendabuko sebeqalise indlela yabo yo kubhekana nokuthuthuka komnotho wasekhaya. Sebesungule uHlelo lweInvestRural , olwethulwa e Nyakatho Ntshonalanga nge nyanga edlule. Kuyakhutha za kakhulu ukuthi abaholi bendabuko bahlanganyele ngalolu hlelo futhi bafuna ukusebenzisana neziphathi mandla zasendaweni ukuqi nisekisa ukuthi luyimpu melelo.",zul,human,0
"Ngokwesimiso soMqulu weNkululeko nomthethosisekelo wethu, iNingizimu Afrika ibelabo bonke abahlala kuyo ngaphandle kokubandlulula. Lokhu kusho ukuthi akulona okulungile ukuhlasela abantu ngenxa yokuthi baphuma ezinye izweni. Kumele sibambisane silwe nobugebengu obusisondelela sonke, hhayi ukulwa nabokufika abafuna ukuphepha. Ukuthula nokuhloniphana yikhona okuzosiza ekwakheni isizwe esiqinile nesibumbene.",zul,machine,1
"imifino egcekeni lakhe wayengazi ukuthi ngelinye ilanga uzoba nebhizinisi lezolimo elithengisela izitolo zendawo kanye nezinhlelo zokupha abafundi ukudla ezikoleni. UNgaleka (oneminyaka yobudala engama-67) ngowaKwaXolo ePort Shepstone, esifundazweni saKwaZulu-Natali. Ulima isipinashi, iklabishi, izaqathi, utamatisi, u-anyanisi, ubhontshisi kanye nobhanana. Ibhizinisi lakhe liphumelele umklomelo wokhiqiza imifino ehamba phambili ngowezi-2016 ngesikhathi semiklomelo ye-Female Entrepreneurs Awards Yomnyango Wezolimo waKwaZulu-Natali.",zul,human,0
"Yize zonke lezi zimo zingaphezu kwamandla ethu, uhulumeni wenza lokho angakwazi ukukwenza ukuvikela abantu baseNingizimu Afrika kumanani akhuphukayo amanje nangesikhathi esizayo. Enye yezinto ezinhle njengezwe iBhangengodla lethu eliqinile, elizimele elikwazile ukugcina ukwenyuka kwamanani emile, ngaphansi kwalokho amanye amazwe amaningi abhekene nakho. Kamuva nje simemezele ukuthi intela kaphethiloli izomiswa ezinye izinyanga ezimbili ukuya kuNcwaba, lokho okuzoletha ithuba lokuphefumula kancane kubantu emakhaya. Ukumiswa kwentela kulethe usizo olumqoka kubantu baseNingizimu Afrika selokhu kwaqala ngoMbasa.",zul,human,0
"Ukukhanyiswa nokucishwa kukagesi kwenzeka lapho amandla kagesi akhiqizwayo engasanele ukuhlangabezana nezidingo zezwe lonke. Njengoba kusho uMphathi weSiteshi saseMatimba, lokhu kushoda kwamandla kunomthelela omubi kakhulu ezimpilweni zabantu nasemnothweni weNingizimu Afrika. Lokhu kubangela ukuthi imisebenzi yansuku zonke yime, kanti futhi kungeza ubungozi ezindaweni eziningi. Ngakho-ke, kubalulekile ukuthi sisebenzise ugesi ngobunono kanti kuhle ukuthi kufunwe izindlela ezintsha zokukhiqiza amandla.",zul,machine,1
"Kukhona ukukhathazeka okukhulu mayelana nokuxhashazwa kwesibonelelo somntwana, lapho imali ekufanele isetshenziswe ekunakekeleni izingane isetshenziswa ngenye indlela. Uma ekhuluma ne-SASSA, uPaseka Letsatsi ugcizelele ukuthi nakuba isibonelelo sikhokhelwa lowo onakekelayo, inhloso eyinhloko kumele kube wukunakekela umntwana. Okwamanje, isibonelelo singama-R480 ngenyanga umntwana ngamunye. Kubalulekile ukuthi le mali isetshenziswe ngendlela efanele ukuze kuvikelwe amalungelo amantwana futhi kugwenywe ukuxhashazwa.",zul,machine,1
"UMbhishobhi uDesmond Tutu ube yisibonelo esikhulu sokulwela ubulungiswa kanye nentando yeningi esizweni lethu. Ukuze siqhubekise lo mkhuba, kufanele sisebenze ngokubambisana ukuqinisa amandla ezimvo zabantu nokuqiniseka ukuthi wonke umuntu uyazwakala. Lokhu kusho ukubambisela izinhloso zokwakha isizwe esinobulungiswa nesinokuzinza. Ngokubambisana kuphela, singaqinisekisa ukuthi intando yeningi ihlala iqinile futhi iqhubeka nokukhokhela intuthuko yethu.",zul,machine,1
"I-Gauteng on the Move iyisizinda se-app esisiza abasebenzisi bezithuthi zomphakathi eGauteng. Le nkqubo ihlinzeka ngemininingwane eqondile nesheshayo ukuze abantu bakwazi ukuhlela uhambo lwabo kalula. Inhloso yayo enkulu wukususa ukudideka nokungabaza okuhambisana nokusebenzisa ezithuthi zomphakathi. Ngale ndlela, ukuhamba kube lula futhi kube nohlelo olucacile kubo bonke abasebenzisi.",zul,machine,1
"Sibuye sibe nohlelo-kusebenza oluqopha imiyalezo kulabo abafisa ukushayela ucingo kwinombolo yethu ephuthu mayo ngemuva kwamahora okusebenza,” kusho u-Seloane. Wengeza ngokuthi selokhu kwaqala ukuxegiswa kwezigaba zokuvalwa kwezwe, sekube nokwanda okuqhubekayo ekubikweni kokukhwaba nisa okuhlobene nezibonelelo zenhlalo, ikakhulukazi izibo nelelo Zenhlalo Zokusiza labo Abakhahlamezekile. Ukuqinisa imizamo yoku nqanda inkohlakalo, uMbuso usucije ama-ejensi ezomthetho ngabasebenzi abanekhono, futhi wasungula nesikhungo i-Fusion Centre . Isikhungo siyinhlanganisela yama-ejensi ezomthetho abelana ngolwazi kanye nezinsiza-kusebenza ekulweni nokukhwabanisa nenkohlakalo ekuthengweni kwezimpahla nezinsiza ezi hlobene neCOVID-19 .",zul,human,0
"Ngonyaka wezi-2014, izinto zabangcono kakhulu ngesikhathi uMnyango Wezemfundo Eyisisekelo, ngokusebenzisana ne-ASIDI, ukhipha ithenda yokwakha isikole samabanga aphansi iNkululeko Ralo Primary School. “Ukwakha lesi sikole kwaqala ngonyaka wezi2018 futhi kwaqedwa ukwakhiwa ngonyaka wezi-2021, siyabonga kwiASIDI,” kusho u-Gilman. Sigqugquzela ukufundisa kanye nokufunda IPhini likaNgqongqoshe Wemfundo Eyisisekelo u-Reginah Mhaule uthi umnyango ufuna ukuqinisekisa ukuthi ingqalasizinda isesimweni esigqugquzela abafundi ukuthi baye esikoleni futhi bafunde, futhi igqugquzela othisha ukuthi bafundise. “Ukwakhiwa kwalesi sikole kuyindlela kahulumeni yokubuyisela isithunzi ezinganeni zasemakhaya ezisafunda isikole nezintulayo kanye nothisha bazo,” engeza.",zul,human,0
"Ngaphandle kokusondelana kwesonto i-St George’s Cathedral kanye nePhalamende, okuhlanganisa le micimbi emibili ukuthi ngamunye umcimbi usikhumbuza okusihlanganisayo njengabantu baseNingizimu Afrika: intando yeningi labantu yethu. Sikhalela u-Desmond Tutu ngoba ubengubaba ngokomoya wentando yeningi labantu yethu. Siphelelwa yithemba uma sibheka indlela izakhiwo zethu zePhalamende ezice-keleke phansi ngayo ngoba ziyisizinda sentando yeningi labantu. Ziyindawo lapho uMthethosisekelo wethu wentando yeningi labantu omusha wemukelwa khona ngokusemthemthweni eminyakeni engama-25 eyedlule, futhi kulapho kwaphasiswa khona amakhulu emithetho yoguquko.",zul,human,0
"Ukushisa kuhlala amahora amaningi esihlabathini. • Faka kuqala amanzi abandayo ebhavini, bese ula ndelisa ngashisayo. Hlola amanzi okugeza ngendo lolwane yakho kuqala nja lo nje.Uma ushiswe ngamalangabi, yima kanjalo, iwa phansi bese uyagingqika ukuze kuzocisha amalangabi.“Ukushisa komlilo, amanzi ashisayo noma ukushiswa ugesi kuzoqhubeka kushise izicubu zomzimba noma nga be kudala umlilo ususiwe.” “Nqanda ukusha ngokugcina ingxenye eshile yomzimba ngaphansi kompompi wamanzi abandayo imizuzu engama-20. Ungasebenzisi iqhwa, amanzi aneqhwa, ibho tela noma ngumuphi umkhi qizo osamafutha esilondeni sokusha,” kusho u-Dkt u-Dos Passos.",zul,human,0
"UMongameli Cyril Ramaphosa uphakamise ukuthi iNingizimu Afrika kungenzeka ibe nolimi olusha olusemthethweni. Lesi simemezelo wenza ngesikhathi sokugcotshwa kweNdlovukazi yesizwe saBalobedu eNkundleni yezemidlalo iMokwakwai, eGa-Modjadji eLimpopo. ULimi olubhekwe kuleli nyathelo uKhelobedu, oluyilimi olubalulekile kulesi sizwe. Lokhu kuhloswe ukugqugquzela ukuhlonishwa kwamasiko nezilimi ezahlukene eziseNingizimu Afrika.",zul,machine,1
"""Ngangingaqondi ukuthi kungani ibala lesikhumba sami lehlukile kunelabanye abantu, ukuthi kungani ngaso sonke isikhathi uma ngiphumela phandle abantu bangibize ngamagama angalungile futhi bangibuke njengomuntu ongafanelwe ukuba kuleyo ndawo.""Isihlamba esihambisana nokuba nebala elimhlophe senza uSithibe awubonge kakhulu umndeni wakhe, ubonga bona ngokuba ngumuntu wesifazane onamandla nozethembayo. Ezinye izinkathi uSithibe aziqhenya ngazo kakhulu zi bandakanya ukuthola isicoco emncintiswaneni wonobuhle abanebala elimhlophe i-Miss Free State Albinism 2018 noku khethwa njengomunye wabadle umhlanganiso embuki sweni wemfashini i-Face of Free State Fashion Week 2018. Njengoba uMandulo kuyi Nyanga Yokuqwashisa Ngo kuba Nebala Elimhlophe uSi thibe uthe kuzomjabulisa ka khulu ukubona nabanye aba ntu abanebala elimhlophe bephumela obala benza izinto ezimangalisayo emkhakheni wonobuhle kanye nakweminye imikhakha. USithibe uphila impilo emnandi kakhulu enebala elimhlophe Abantu abanebala elimhlophe bangazinakekela kanjani?• Gwema ukushiswa ilanga lapho ilanga lishisa kakhulu (ngehora lesi-9 ekuseni kuya kwelesi-3 ntambama).",zul,human,0
"Abaqashi bezikhungo zokuthuthuka kwabantwana kumele baqaphele kakhulu ngezabasebenzi ababaqasha ukuze kuqinisekiswe ukuphepha kwabancane. Kuyisibopho somthetho ukuthi bahlole ukuthi ingabe abasebenzi babo bikhona yini kwiRejista Likazwelonke Lezephulamthetho Zocansi (NRSO). Lolu hlelo lubalulekile ekunqandeni ukuthi abantwana bangabe basongelwa abantu abanomlando wezocansi, okwenza kube nedwalala eliphephile lokukhula.",zul,machine,1
"Ngesikhathi usihlalo wekhomishana, Iphini LeNhloko yamaJaji u-Raymond Zondo uthe kungaba nesidingo sabanye ofakazi abambalwa ukuze befakaze, umsebenzi wekhomishana awusasalelwe nsuku zingaki manje ukuthi uphothulwe. Lokhu kuyingqophamlando ebeka obala izigigaba ezacekela phansi umbuso emlandweni wentando yethu yeningi labantu. Ngaphambi kokuthi iJaji uZondo lethule lokho elikutholile kanye nezincomo kuMongameli, sonke singa vuma ukuthi umsebenzi wekhomishana ube wusizo olukhulu kakhulu. Esikhathini esingange minyaka emithathu, sibu zwile ubufakazi obuchaza ngezinsolo zenkohlakalo ezenziwe nezisezingeni eliphezulu kakhulu.",zul,human,0
"Empe leni lokhu kuphathelene nokufunda ukuhlangani sa zonke izinto ndawonye ukuze zisebenze,” kulandisa u-Maharaj.UDladla wazibandaka nya kulo msebenzi cishe ezi nyangeni eziyi-10 ngemuva kokuba yingxenye yohlelo lakwa-SANRAL lokuqeqe sha. Kuyamthokozisa ukuba yingxenye yalo msebenzi oyi nselelo awuchaza ngokuthi uhlukile futhi ubanzi impela futhi ubandakanya amabhu loho nemihubhe yamapayipi evulekile. “Bengilokhu ngenza umse benzi wokuhlola kanye nokulekelela inkampani eyakhayo uma idinga uku caciselwa ngemidwebo. Mayelana nomsebenzi opha thelene nokumba nokulungi sa isizinda okuzokwakhiwa kusona, siphinde sihlole ama tshe nomhlabathi wokuvala imigodi kanye nomhlabathi ongaphansi kwendawo okwa khiwa kuyona.",zul,human,0
"Kubalulekile ukwazi ukuthi utshwala bungalimaza kakhulu impilo yomntwana wakho ongakazalwa. Uma ubusindwa ukuzithiba kuleli nkinga, ungalokothi ube nengcindezi eyedwa, ngoba kukhona abantu abakulungele ukukusiza. Sicela uvakashele imitho lampilo eseduze nawe ukuze uthole usizo nokuphathwa kahle okudingekayo. Lokhu kuzosiza ukuvikela ikusasa lomntwana wakho nelakho.",zul,machine,1
"I-Kevali Chemicals iyinkampani yokuqala yabantu abamnyama eFreyistata ekhiqiza amakhemikhali ahlukahlukene. Le nkampani ikhiqiza imikhiqizo okulanza ama-nzi, izinto zokuhlanza izindlu, kanye neglu yokunamathisela. Ngokwenza lokhu, idala amathuba emisebenzi amaningi kubantu baseFreyistata. Lokhu kusiza ekuthuthukiseni umnotho nokukhuthaza ukuzimela kwabo abamnyama emkhakheni wezemboni.",zul,machine,1
"Umthetho Obhekelele Udlame Lwasekhaya uvikela ngokuphelele izisulu zodlame lwasekhaya. Ukuhlukumeza kwenzeka ngezindlela ezahlukene, kanti kubaluleke kakhulu ukuthi abantu besifazane bazi lezi zindlela zokuhlukunyezwa. Lokhu kusiza ekutheni abantu bakwazi ukubona lapho behlukunyezwa khona futhi bafune usizo olufanele ngokomthetho.",zul,machine,1
"Imithetho emisha isethulwe ukunqanda nokulwa nokwenyuka kokudlwengulwa kanye namacala ezocansi emiphakathini. Ngisho noma kukhona lezi zinhlelo, abesifazane basaqhubeka nokuhlalela ovalweni olunzima, okwenza ukuthi balahlekelwe ithemba emthethweni. Lokhu kukhombisa isimo esibucayi nesibangela ukukhathazeka okukhulu ngenxa yokungakhuseleki kwabesifazane.",zul,machine,1
"Yazi izimpawu ze-TBUma unezinye zezimpawu ezi landelayo, kufanele uvakashele umtholampilo noma isibhedle la esiseduze ukuze uyohlolelwa i-TB: • Ukukhwehlela okuthatha amasonto amathathu noma ngaphezulu• Ukukhwehlela igazi• Ubuhlungu besifuba, noma izinhlungu lapho uphefumu la noma ukhwehlela• Ukwehla kwesisindo okungahlosiwe• Ukukhathala• Imfiva.",zul,human,0
"I-ASIDI isenza inqubekela phambili kakhulu ngokwakha ingqalasizinda yesikole kuleli lali laseMthatha, eMpumalanga Kapa. Ngemva kweminyaka enzima yokushoda kwezakhiwo, lesi sikole manje sisebenzisa isakhiwo esisekhaya likanNkululeko Ralo ukuze kuthuthukiswe imfundo. Lokhu kwakheka ngokushesha kwalezi zingqalasizinda kuzoletha ushintsho oluhle nokuqinisekisa indawo engcono yokufunda kubafundi.",zul,machine,1
"Kubikwe ukushona komuntu oyedwa eMpumalanga Kapa. Amakhaya angaphezu kwezi-4 000 amoshekile kwathi ayizi-8 300 aba nomonakalo ongemkhulu kakhulu, okushiye abantu abayizi-40 000 bengenamakhaya. UMongameli uthe uPhiko Lwamaphoyisa eNingizimu Afrika (i-SAPS) kanye noMbutho Kazwelonke Wezokuvikela eNingizimu Afrika (i-SANDF) bebelokhu behamba phambili emizamweni yokuthungatha nokuhlenga abantu. Lokhu kubandakanya ukuphakwa kwabasebenzi be-SAPS, amaqembu abatshuzi, amaphoyisa asebenza ngezinja nezikebhe, izindiza ezinophephela emhlane nezindizamshini ezindaweni ezikhahlamezeke kakhulu.",zul,human,0
"Abahlengikazi bezilwane bokuqala baseNingizimu Afrika sebethweswe iziqu zabo. Abafundi, okubalwa kukaboMthimkhulu, bathole iziqu zeBachelor of Veterinary Nursing eNyuvesi yasePitoli (UP). Le nyuvesi iyisikhungo esisodwa kuphela ezweni leNingizimu Afrika esiqeqeshela ukwelashwa kwezilwane. Lokhu kuwunqopho omkhulu ekuthuthukisweni kwezokwelapha izilwane eNingizimu Afrika.",zul,machine,1
I-CACH iyinsiza yezobuchwepheshe kahulumeni ephethwe nguMnyango Wezemfundo Ephakeme kanye Nokuqeqeshwa (DHET). Lolu hlelo lusiza abafundi ngokubaxhumanisa namathuba okufunda kanye nezikhala ezisasele ezinyuvesi. Inhloso yalo ukwenza kube lula ukuthi abafundi bathole indawo yokufunda ukuze baqhubeke nemfundo yabo ephakeme.,zul,machine,1
"Ubugebengu obubulala nokuphuca abantu izinto buyinkinga enkulu eNingizimu Afrika, ngakho-ke kudingeka ukuthi sonke sibambisane ukululwa kulo. Siyanicela wonke umphakathi ukuba abike noma yini engaqondile emaphoyiseni ngokushesha ukuze kuncishiswe izinga lobugebengu emiphakathini yethu. Ngokusebenzisana okuhle phakathi kwabantu namaphoyisa, singakwazi ukwakha isizwe esiphephile nesiqinile kulo lonke izwe.",zul,machine,1
"Uhulumeni weseka izakhamuzi ezibutha kathaka nezintulayo ngokusebenzisa usizo lokusiza imindeni ehlu phekayo nokuhlinzeka ngamathuba omsebenzi ngezinhlelo zemisebenzi kahulumeni. INingizimu Afrika ecinde zelayo lapho kwafela khona u-Steve Biko, ukukhuluma ngokukhululeka kwakunqa nyuliwe futhi ubushoshovu bezepolitiki baheha ukuboshwa noma okunzima kakhulu kunalokho. Namuhla eNingizimu Afrika, abantu abasha abalingana no-Steve Biko futhi abangaphansi kwakhe bahamba phambili bayizishoshovu zalokho abakholelwa kukho, futhi bayakwazi ukuhlela nga phandle kokuhlukunye zwa noma ukudingiswa. Inkululeko yokukhuluma nokuzibandakanya, ilungelo lokubhikisha kanye nelungelo lokulingana ngaphambi komthetho kubekwe phezulu kukho konke.",zul,human,0
"Kamuva nje, ngamemezela ukubekwa koMkhandlu Ocebisa Ngokuthuthukiswa Komnotho Wabantu Abamnyama omusha, ofaka phakathi uhulumeni, amabhizinisi, ezabasebenzi kanye nabanye ababambiqhaza. Wasungulwa ukuze weseke inqubo yokuguqulwa komnotho. Umkhandlu lo unomsuka wawo osembikweni wa ngowezi-2001 owethulwa yiKhomishana ye-BEE. Lo mbiko ususelwe kucwaningo olunzulu ngokwakheka komnotho waseNingizimu Afrika, nokuthi yini eyayidingeka ukuguqula umnotho, kukhuliswe amabhizi nisi abantu abamnyama, kuqinisekiswe ukwanda kwabaphathi abamnyama kanye nobunikazi kubantu abamnyama emabhizinisini, kanye nokubuyisa abesifazane abamnyama kuchungechunge lomnotho.",zul,human,0
"Izingxoxo zeVuk Talks, ezibanjwe uPhiko Lohlelo LukaHulumeni Lwezokuxhumana Nokudluliswa Kolwazi, zigqugquzelele ukuzimela nokwakha amandla emphakathini. Lezi zingxoxo zigxile kakhulu ekuhlinzekeni ngokuqeqeshwa kwamahhala kanye nezinsiza ezibalulekile zokwenza amabhizinisi ukuze kuthuthukiswe ukuzimela kwezomnotho. Ngale ndlela, abantu banikezwa amathuba okuthola ulwazi olubucayi oluzobasiza ekulwisaneni nobubha ngokwakha amabhizinisi azinzile. Lokhu kuwukusebenzisa ubuchwepheshe bezokuxhumana ukuletha imininingwane eyenza umehluko empilweni yabantu.",zul,machine,1
"UMnu. Mukhodia, owavela esigodini saseLuheni kuMasipala waseThulame eLimpopo, uthole iziqu zakhe ze-Urban and Regional Planning eNyuvesi yaseVenda ngo-2016. Ungomunye wabahlomule ohlelweni lwe-MISA, oluhlose ukuxhasa nokuthuthukisa amakhono abahleli bomumo wedolobha. Lolu hlelo ludlala indima ebalulekile ekunikezeni abatsha amathuba okusebenza nokusebenzisa ulwazi lwabo ekwakheni imidolobha efanele.",zul,machine,1
"I-Israeli ne-Palestine zingabuka iNingizimu Afrika njengesibonelo sendlela yokuphelisa izingxabano ezinde. INingizimu Afrika ibonise ukuthi ngisho nokuhlukana okujulile kungalashwa ngokuxoxisana nangokubuyisana. Lokhu kusifundisa ukuthi ukuthula kungenzeka lapho zonke izinhlangothi zikhetha ukuxoxisana kunodlame. Ngokulandela le ndlela, kuzotholakala ukuzinza okuqhubekayo ezizukulwaneni ezizayo.",zul,machine,1
"I-TVEP yayiphakathi kweqoqo lokuqala lezinhlangano ezilwisana ne-GBVF, ezathola uxhasomali. Ngesamba sezigidi eziyi-R128 esaqoqwa ngeminikelo yomkhakha ozimele, uxhaso lwemikhakha eyahluka hlukene, iSikhwama se-GBVF sizosiza futhi seseke ukuqaliswa koHlelo Lweqhingakusebenza Lukazwelonke lwe-GBVF. I-TVEP yatshelwe izi R250 000 kulo nyaka esi kuwo futhi izothola olunye uxhasomali ngowezi-2023.U-Manthada uthi uxhaso-mali lwenze ukuthi i-TVEP ikwazi ukufinyelela kwizisulu eziningi kanye nokugcina inhlangano isebenza. U-Murendeni Vhengani (26) owasinda nowatakulwa i-TVEP kowayeyisoka lakhe elalimhlukumeza.",zul,human,0
"Waziwa ngokuthi i-SIP2. Lo mklamo uzovula u-N3 ngeminye imizila ohlangothini ngalunye. Ubuye ubandakanye ukushintshwa kwe zinye izanhlukanamgwaqo ezinkulu ukwenza ngcono ukuhamba kwezi moto. Ingxenye ethintekayo ku-N3 eminyakeni eyedlule ibibhekene nesi minyaminya sezimoto, ikakhulukazi ngezikhathi zamahora amatasatasa ngenxa yokuthi iningi lamaloli athwala impahla asuka ezibukweni laseThekwini asebenzisa umgwaqo onguthelawayeka oya e-Gauteng kanye nezinye izifundazwe eziphakathi nezwe.",zul,human,0
"Ngowezi-2012, amalungu omphakathi anike zwa amahekthare angama 23 500 asephinde engezwa nga mahekthare ayi-1 400 esiqiwi. “Sijabula kakhulu ngoba sigcine sikutholile lokho ebe sikufuna. Uhulumeni usixhase ngezimali ngokuphathelene nengqalasizinda. Sinezilwane zasendle ezihlanganisa amadube asentabeni ayi-10, izindlu zele eziyi-15 kanye nezimpofu eziyi-10,” kusho uNgesi, engeza nangokuthi kusazotholakala izinyathi kanye nezimpala maduze nje.",zul,human,0
"Abaphathi bazimisele futhi banezinhlelo ezinhle zoku nweba wonke amachweba amahlanu endawo. Lokhu kufaka phakathi uku qinisa umgudu wechweba obi zwa ngeMaydon Wharf uku vumela imikhumbi emikhulu, yesimanje ukuthi ingene echwebeni, ukugcwaliswa kwesikhumulo iPier 1 kanye ne-Pier 2 ukwakha umthamo owengeziwe weziqukathi zokugcina impahla kanye nokuthuthukiswa kwesite shi seziqukathi zokugcina impahla esisha esisePoint Precinct . Uma sekuhlangene, lokhu kunwetshwa kwengqalasizi nda yechweba kuzodinga izigidigidi eziyi-100 zamara ndi kutshalomali olusha lwemi nyaka eyishumi ezayo noma ngaphezulu. Lokhu kuzoletha inguquko ephelele kwichwe ba, okuzonweba umthamo wokugcina iziqukathi zoku gcina impahla kusuka kwizigidi ezi-2.9 kuya nga phezu kwezigidi eziyi-11.",zul,human,0
"Kubantu abasha abangu-1.2 wezigidi aba ngena emakethe yezemisebenzi nja lo ngonyaka, cishe ingxenye yoku bili kokuthathu kubona ngabantu abangasebenzi noma abasafundela umsebenzi.Ababambiqhaza benkulumo-mpendulwano bakuthokozela ukuthi lufakelwa izibuko emazi ngeni aphezulu kahulumeni udaba lokuntuleka kwamathuba omsebenzi entsheni. Kodwa-ke babe phindaphinda ingoma ejwayele kile: lapho bethi sebemi ngomumo futhi sebekulungele ukufaka isandla emnothweni wezwe ngezindlela ezihlukahlukene, kubandakanya nokuthi babe ngosomabhizinisi, kepha-ke okubavimbelayo ekutheni benze njalo yizithiyo zemicikilisho nemidanti eminingi okumele bachushe kuyona kanye nokuntuleka koxhaso-mali.Njengokusho kuka-Bright Hlongwane ovela enhlanganweni i-Youth in Business South Africa, eqondise kimina, kunesidingo sokuthi kube noxhaso-mali oluthe xaxa olunikezwa abantu abasha abangosomabhizinisi. Wathi bangathanda ukubona izikhungo zezimali, izikhungo zemali yentuthuko, abatshalizimali abahlinzeka ngengqala-bhizinisi, izinkampani zezabelo-masheya ezizimele kanye namabhange okuhweba ahluka hlukene bebolekisa ngemali kubantu abasha abangosomabhizinisi futhi bethatha amashansi ngokubaxhasa kanye nokusebenzisana nabo. Ukuze izwe lethu lichume futhi liphumelele kumele senze konke okusemandleni ethu ukuqinisekisa ukuthi abantu abasha bayakwazi ukubamba iqhaza emnothweni wethu ngendlela enohlonze, kungakhathalekile ukuthi lokho bakwenza ngokuhlinzekwa ngamathuba omsebenzi ohlelekile noma ngokusungula amabhizinisi ukuze bazisebenze ngokwabo.Ngakho-ke kwabe kuyinto efanelekile ukuthi ngisebenzise leli thuba ukwethula uHlelo LukaMongameli Lokungenelela Ekuvulweni Kwamathuba Omsebenzi Aqondiswe Entsheni, okuyinhloso-mbono kanye nohlelo lukazwelonke olukhethekile oluzibeka ngokucacile izinyathelo oku mele zibekwe eqhulwini ekutholeni ikhambi lempicabadala yokuntuleka kwamathuba omsebenzi entsheni.Lokhu kubandakanya nohlelo lwamaxhama okuxhumana lukazwelonke lokuphathwa kwem igudu yomsebenzi, okuwuhlelo oluxhumanisa abantu abafuna umsebenzi nalawo mathuba omsebenzi akhona.",zul,human,0
"Anga mashumi amathathu nanhlanu kula macala abandakanya ukuqashwa nokuthengwa kwempahla ngokungalandeli umthetho aphenywa yi-PSC. Amanye amacala asele adlu liselwa kweminye iminyango kahulumeni noma ama-ejensi ezomthetho ukuze aphenywe. UHlelo Lokwakhiwa Noku thuthukiswa (i-RDP) kwe zindlu, nokungahambisi ngomthetho kwamathenda nezibonelelo zenhlalo zinge zinye zezinsolo ezenziwe. “Ngesikhathi sokuvalwa kwezwe salunywa indlebe kusetshenziswa ama-imeyili.",zul,human,0
"Kamuva nje sesiqale nokwenza umsebe nzi wokwakha umgwaqo ngetiyela, ngakho-ke sisebe nzisa i-BTB siphinde sihlole wonke umsebenzi owenziwa yinkampani eyakhayo,” ku sho uDladla. U-Sumay uthi ukusebenza kulo mklamo kunazo izinse lelo. “Ngicabanga ukuthi inki nga enkulu ukuthi ihhovisi elenza imifanekiso lisebe nza ngokuhlukile kunesi zinda sokwakha. Kwesinye isikhathi imininingwane ayihlangani, ikakhulukazi mayelana nemidwebo kanye nemidwebo engaphelele ne zinto ezifana nalezo.",zul,human,0
"Unyaka wesibili manje, le micimbi yenzeke phakathi kobhubhane lomhlaba oseluthathe izimpilo zabantu abangaphezu kwezigidi ezi2.5 emhlabeni jikelele. Izinhlangano zenkolo zilokhu zibalulekile ekubhekaneni kukazwelonke nesifo, hhayi nje ngokusiza ngokududuza ngokomoya neziyalo kuphela, kodwa futhi ngokunakekela labo abakhahlanyezwe kakhulu imiphumela yobhubhane, okubandakanya ukuhlinzeka ngokudla, indawo yo kulala kanye nezinye izinsiza zenhlalo. Inkolo idlala indima ebalu lekile ezimpilweni zezigidi zabantu baseNingizimu Afri ka, ukukhonza kwebandla kuyingxenye ebalulekile yenkolo yabo. Ukuhlanganyela ukuzokhonza kungukuphumula okwamukelekile esikhathini esinzima kangaka kubantu ngabanye, imindeni kanye nemiphakathi.",zul,human,0
"“Izikhungo zibandakanya ukwelashwa kokugwema ukuthola izifo ezithathelana ngocansi kubandakanya isifo sesibindi (i-Hepatitis B) negci wane leSandulelangculazi (i-HIV). Amaphilisi okuvikela ukukhulelwa ngenxa yesehlakalo lesi sezocansi nawo ayanikezwa. Ungagezi. Woza nezingubo obuzigqo kile esikhungweni zisongwe ngephepha elinsundu hhayi esikhwameni socwazi,” kusho uDkt Tipoy.",zul,human,0
"Izimo zomnotho zonyaka wezi-2020 zibukeka zinzima kakhulu kunazo zonke esike sazibona, okwenza kube kubalulekile ukuba sibheke ngeso lokhozi. Kubalulekile ukuba ucubungule isimo sakho sezimali futhi uhlele konke ngobuhlakani ukuze ukwazi ukumelana nezinselelo ezibhekene nathi. Lolu hlobo lokuhlela luwukhiye oyedwa okungakusiza ukuba uthole inkululeko kwezezimali ngisho nasezikhathini ezinzima.",zul,machine,1
"Abalimi abalimela ukudayisela ukuziphilisa baxhaswa ukuze bandise imikhiqizo yabo, futhi kwavuselelwa futhi kwalungiswa imifula namaxhaphozi. Njengengxenye yesi gaba sesibili, sisungula Isikhwama Sokuqasha Umphakathi esizosekela umsebenzi oholwa yizi-nhlangano zomphakathi ezinomsebenzi omuhle ovamile emikhakheni enhlobonhlobo enje ngezolimo zasema dolobheni, ubuciko bomphakathi, ukuthuthu kiswa kwezindawo zokuhlala ezingahlelekile ngokugcwele kanye noku phepha komphakathi. Njengoba kunokusilela emuva okukhulu kwezomnotho okudalwe wubhubhane lweSifo seGciwane le-Corona, ukuqashwa komphakathi kuhlinzeke ngoxhaso olubalulekile lokudalwa kwamathuba omsebenzi. Lokhu kungukuqaliswa kokuzibophezela kwethu kokuthi uhulumeni kumele ubambe iqhaza ekuxhaseni ukuqashwa kwabantu ngenkathi imakethe yeza basebenzi isavuselelwa.",zul,human,0
"vSiyini isahlukaniso somshado oziphelelayo?Inkantolo izogunyaza isahlukaniso somshado oziphelelayo uma amasamanisi ethunyelwe kumlingani kodwa wangaphenduli ngesikhathi esinqunyiwe. Nokho, uyelulekwa ukuthi umthinte umlingani wakho kuqala ngoba ngokuhamba kwesikhathi angase azame ukusigudlula isahlukaniso som shado ngesizathu sokuthi wayenesizathu esifanele sokuphuthwa usuku olungumnqamulajuqu. Iphephandaba i-Vuku-zenzele lizokhipha uchungechunge lwezi-ndaba eziqondene nesahlukaniso somshado. Hlala ululindele lolu shicilelo olulandelayo.",zul,human,0
"• Funda imigomo elula yosizo lokuqala ukuze uyisebenzise uma kunesimo esiphuthumayo. Ubulelesi Kunezehlakalo eziningi zokugqekezwa kwezindlu nezigebengu ngamaholide kaKhisimusi. Qaphela ngaso sonke isikhathi ulande la lawa masu okuphepha: • Uma uhamba uya kumaholide, qikelela ukuthi wonke amafasitela nezicabha zendlu yakho kuvaliwe. • Uma omunye woma khelwane engeke aha mbe, bacele ukuba baku bhekele indlu yakho.",zul,human,0
"Okwesithathu, sifuna ukuqinisekisa ukuthi abesifazane aba-ningi bayafinyelela ezimpahleni zokukhiqiza ezifana nomhlaba. Kubaluleke kakhulu ukuthi abesifazane babe ngabazuzi bohlelo lokubuyiswa komhlaba. Kubaluleke kakhulu ukuthi izigidi ezingama-75 zamarandi zoxha so lweCOVID-19 ezibekelwe amavawusha ezolimo amaphese-nti angama-53 kwabazozuza kuzoba ngabesifazane basemakhaya. Kumele siqinisekise ukuthi aba-tshali bokudla besifazane kanye nabalimi abancane bayaqhubeka ukuthola ukwesekwa nangale kobhubhane.Okwesine, sifuna ukuqinisekisa ukuthi abesifazane bayavikelwa kudlame olubhekiswe kubulili obuthile ezindaweni zokusebe-nza.",zul,human,0
"Akumele siphuze utshwala ngokweqile kanye nokuseben-zisa izidakamizwa. Kumele sizame sizigcine siphilile ukuze sigweme izifo ezivikelekayo kanye nokuphila isikhathi eside.Amasiko anjengalawo kumele amukelwe ikakhulukazi yilabo abanezikhundla namandla kanye nomthelela, noma ngabe bangabaholi bamasonto noma osopolitiki, abaholi bendabuko noma osaziwayo. Emagameni kanye nesezenzweni zabo, kumele babonakale bakha izikhamizi ezingcono ezik-wazi ukuncoma okuhle futhi abanakekelayo.Iziphathimandla kanye nabasebenzi bomphakathi abakhethiweyo bathenjiwe ngokuzibophezela ekuqinekiseni ukuphepha kanye nokwazisana njengezakhamizi. Kumele baqinisekise ukuthi kunezakhiwo ezanele kanye neziphephile ezikoleni.",zul,human,0
"Ukunyuka kwezindleko zokuphila sekuphethe isisindo esikhulu emindenini eminingi, ikakhulukazi ekuthengweni kokudla nezinye izidingo eziyisisekelo. Ukukhuleka kwamanani ezinsiza kanye nezithuthi kwenze kube nzima kakhulu ukulawula izimali zanyanga zonke, okudala ucindezeleko olukhulu emiphakathini. Ngakho-ke, kubalulekile ukuba sibambisane njengomphakathi ukuze sithole izindlela zokusizana nokulwa nalobu bunzima. Ubunye bethu yibona kuphela okungasisiza ukuba sinqobe lolu laka lwezindleko eziphezulu.",zul,machine,1
"I-Victory Body and Nail Studio yibhizinisi eliseBo Tshabelo eFreyistata, eliguquke lusuka emjondolweni lwaba yispa esisezingeni eliphezulu. Leli spa linikeza izinsizakalo ezikhethekile zokunakekelwa komzimba kanye nokucwalwa kwezinzipho. Ibhizinisi likhula ngamandla futhi liheha amakhasimende aqhamuka ezindaweni ezahlukene. Lokhu kukhombisa ukuthi nendawo encane ingaguqulwa ibe yibhizinisi eliphumelelayo neyaziwayo.",zul,machine,1
"Ngokusho kukaNgqongqoshe Wezempilo uDkt. Joe Phaahla, izibalo ze-COVID-19 eNingizimu Afrika zikhombisa ukukhula okukhulu kwezigameko ezintsha okungama-137% uma kuqhathaniswa nezinsuku eziyisikhombis ezidlule. Lokhu kukhombisa ukuthi kumele siqaphele kakhulu, siphinde sizivikele ngaphambi kokufika kobusika. Ukulandela imithetho yezempilo kuzosiza ekunciphiseni ukubhebhetheka kwalesi sifo.",zul,machine,1
"Umphakathi wase-Tafelkop uphumelele ekufezekiseni amaphupho wawo lapho abalimi abangama-30 bamukela amatayitela obunikazi omhlaba wabo. Lawa matayitela anikezelwe nguMongameli uCyril Ramaphosa, emele UMnyango Wezemisebenzi Kahulumeni neNgqalasizinda. Inhloso yalo mhlaba wukusiza abalimi ukuba babe namandla okuziphilisa nokuthuthukisa ezolimo endaweni. Lokhu kunikeza ithemba elisha lokuthuthuka kwezomnotho emphakathini wase-Tafelkop.",zul,machine,1
"Ukunyuka kwezindleko zokuphila kwenze ukuba ukudla, izinsiza, nezithuthi zibe zibiza kakhulu. Lokhu kubenza kube nzima kubantu abaningi ukuthi bakwazi ukuthenga izinto ezibalulekile zansuku zonke. Ngenxa yalezi zinselelo, kubalulekile ukuthi sibambisane futhi sisizane ukuze sikwazi ukumelana nalesi simo esinzima.",zul,machine,1
Uhlelo lwenkantolo olubizwa ngokuthi iKe Bona Lesedi lwenzelwe ukusekela izisulu zezenzo zokuhlukumeza abantu (GBV). Lolu hlelo lutholakala eziNkantolo eziningi ezibheka amacala okuhlukumeza ocansi kanye nezinye izizalo ze-GBV. Inhloso yalo ukunikeza izisulu usekelo olufanele ngenkathi zibhekana nenqubo yezinkantolo. Lokhu kusiza ekutheni izisulu zizizwe ziphephile futhi zithole ubulungiswa ngendlela enenhlonipho.,zul,machine,1
"Ukwakha impilo engcono kudinga ukuzimisela nokufuna amathuba anganika ithemba. Imfundo nokusekelwa ngokwezimali, njengomfundaze we-MISA, kuyizihluthulelo ezibalulekile zokuphuma ebunzimeni bokuntuleka. Kubalulekile ukusebenzisa lezi zinsiza ngobuhlakani ukuze kuqinisekiswe ikusasa eliqhakazile. Ngale ndlela, isiqalo esinzima singashintsha siphenduke indaba yempumelelo.",zul,machine,1
"Sesihambe ibanga elide kakhulu kusuka ezinsukwini lapho ukubika kwakubhekana nezivimelo nokuboshwa kwezintatheli. Namuhla, ngenxa yokusabalala okushesha kolwazi, imithombo yezindaba ethembekile enamandla ibaluleke kakhulu ekuhlungweni kwamaqiniso. Lokhu kusiza ekunqandeni ukubhebhetheka kwezindaba ezingelona iqiniso ezingadala isiphithiphithi emphakathini. Ngakho-ke, ukuba nemithombo yezindaba ezinobungcweti nobuqotho kuyisisekelo sokuvikelwa kwentuthuko nokuhleleka kwentando yobuhuru.",zul,machine,1
"Lokhu kwa-kususelwa embonweni wo-Mkhandlu Kazwelonke Obhekene Negciwane Lecorona (NCCC), futhi okwakuqukethwe ohlakeni olwalungakaphasiswa olwaluchicilelelwe ukubonisana.Emva kokucabangisisa oku-nzulu nokuxoxisana, i-NCCC yabuye yabuyekeza isinqumo sayo egwayini. Yingakho ke, imithethonqubo eyavunyelwa yiKhabhinethi neyamenyezelwa nguNgqongqoshe uNkosazana Dlamini-Zuma mhla zingama-29 kuMbasa yelula ukuvalwa ko-gwayi.Lesi kwaba yisinqumo esathathwa ndawonye nezitatimende ezethulwa emphakathini yimi-na noNgqongqoshe zethulwa simele, sigunyazwe, yithimba engiliholayo.Wonke umthethonqubo esi-wubekile ucatshangisiswe kanzulu. Ngesikhathi senza lokho kube khona ukubonisana nongoti bezokwelapha, izifunda ezehlukene kanye nezimboni ezehlukene. Besiholwa izi-nhlangano zamazwe ngamazwe kanye nalokho amanye amazwe asedlule kukhona.Iqiniso ukuthi sizwa amanzi ngobhoko.",zul,human,0
"Yonga ngempahla engenantelaImpahla engenantela yethulwa nguhulumeni ngowe-1991 ukusiza ama khaya anemalingeniso encane. Kusukela yethulwa okokuqala, izinto eziningi zengeziwe ohlwini.NgokweSikhungo Esiqoqa Intela eNingizimu Afrika, ukudla okungenayo intela kukhokhiswa intela engu-0% – lokhu kusho ukuthi abantu bakhokha imali engaphansi ngo-15% kuloku kudla ngoba abayikhokhi i-VAT.Lokhu kudla kufaka phakathi: • Isinkwa esinsundu• Ummbila owomile nerayisi lommbila• Uflawa wesinkwa esinsundu (ngaphandle kokolo)• Isitambu• Amaqanda • Izitshalo nezithelo• Ubhontshisi• Udali• Impuphu• Irayisi• Inhlanzi esethinini noma ekanini• Amafutha okupheka (ngaphandle kwamafutha e-olive)• Ubisi, ubisi oluphehliwe, ubisi oluyimpuphu kanye nemikhiqizo yobisi oluyimpuphu• Ukudla okusanhlamvu, okufana nophizi, ubhontshisi, amantongomane, njll.Ama-sanitary towels (ama-pads) nawo awanayo intela, nama-pads asetshenziswa abaqeda kubeletha kanye nama-panty liners. Abantu abadala kufanele babuze ezitolo zangakubo ukuthi ngabe akhona yini amanani aphansi enzelwe izaguga zempesheni, ngamalanga athile, ekudleni okukhokhela intela.",zul,human,0
"Izinkonzo bezibanjwa ngobuchwepheshe beinthanethi futhi amakholwa agqugquzelwa ukuthanda zela emakhaya abo kuno kuya ezinkonzweni. Lokhu kusize kakhulu emzamweni kazwelonke wokunqanda ukubhebhetheka kwesifo. Abaholi benkolo badlale indima ebaluleke kakhulu ekugqugquzeleni umpha kathi ukuthi uthobele izinya thelo zezempilo emicimbini yesintu namasiko efana ne mingcwabo. Ngokulinganayo, abantu bakithi babonise ukuzi nikela kwabo ekuthobe -leni imithetho yezempilo no kuqhelelana.",zul,human,0
"Ngisamile futhi ekutheni kumele silwe nenkohlakalo emkhakheni ozimele ngo mfutho olinganayo, ngoba wonke umsebenzi osebenza emkhakheni kahulumeni ofuna ukufunjathiswa, kusho ukuthi kukhona usomabhizinisi ofunayo ukukhokha intshontsho. Lobu budlelwano benkohlakalo sebuqede ikhono lombuso lokufeza igunya lalo. Babuyisele emuva imizamo yombuso yokuhli nzeka ngezokunakekelwa kwezempilo okusemga ngathweni, ukuhambisa amanzi ahlanzekile, kanye nokuqinisekisa ukuthunyelwa okungaguquki kogesi emiphakathini nasemabhizinisini. Kodwa-ke, njengoba iNkantolo Ekhethekile ibonisile, kancane kanca ne siyasiguqula isimo.",zul,human,0
"Kucebisa inkulumo-mpikiswano yomphakathi futhi kusinikeza ukuqonda okusa-balele ngezindaba okukhulu-nywa ngazo. Ngokungashintshi silokhu sithembele kulwazi lwezesayensi, lwezomnotho kanye nolwazi esiluthole ngokubona okwenzekayo uma kumele sithathe izinqumo nokusungula imithetho-nqubo ukuze sibhekane negciwane le-corona. Okukhulu kakhulu esingakwenza ngaphansi kwa-lezi zimo ezinzima, sihlose ukubonisana nokuxoxisana. Sifuna bonke abantu baseNingizimu Afrika babe yingxenye yalo mzamo kazwelonke.",zul,human,0
"Intsha iyinsika nomgogodla wendlela-kucabanga kanye nohlaka oluyisisekelo lwezwe lethu. Balezisa imiqondo emisha namandla adingekile ukuze isizwe siqhubekele phambili ngokuthuthuka. Kunokuba sibabone njengabantu abangazibheki, kufanele siqonde ukuthi yibona abaphethe ithemba nekusasa lethu. Lokhu kwenza ukuthi intsha ibe yingomuso nobunqaba bokuzinza kwendawonye sonke.",zul,machine,1
"Kubalulekile ukusebenzisa imali ngobuhlakani ukuze uqinisekise ikusasa elizinzile. Kufanele sigweme ukuchitha imali ngendlela engafanele, ikakhulukazi ngesikhathi samaholide kaKhisimusi. Ukwenza lokhu kungaholela ekutheni ugcine usezikweletini okungaba nomthelela omubi kwezimali zakho. Ngakho-ke, ukuhlela isabelomali kusiza ekulawuleni impilo yakho yezimali ngendlela efanele.",zul,machine,1
"Ubhema bugaba kakhulu futhi bungaqeda impilo yomuntu ngokushesha, okwenza ukuthi kube kubalulekile ukuqonda imiphumela yalo emibi. UKatlego Makhanda, ovela eMoiletswane eNyakatho Ntshonalanga, ufike waba ngofakazi bokuthi kunzima kakhulu ukuyeka ukubhema ngenxa yokulungela komzimba. Ngemuva kokulwa nesikhathi eside, uMakhanda ukwazile ukuyeka lona lo mkhubo eminyakeni emine eyedlule, okumlethe ekutheni aphile impilo engcono. Indaba yakhe isikhombisa ukuthi nakuba indlela ibukeka inzima, ukuyeka ugwayi kuyisinqumo esisindisa impilo.",zul,machine,1
"Usuku Lomhlaba Lwabahlengi kazi, oluzoba mhla ziyi-12 ku Nhlaba, luyithuba elihle kakhulu lokuthi sibungaze abahlengikazi ngokusebenza ngokuzikhandla ukusiza abanye abantu bakithi. Umhlengikazi oqeqeshiwe uLuyanda Ganuganu (oneminya ka engama-25), osebenzela Esi bhedlela i-Groote Schuur esi seNtshonalanga Kapa, uthi lolu suku luzoba yithuba labahlengi -kazi lokuthi baqhubekele pha mbili nokuba yisibani emkha kheni womsebenzi wabo. “Kuphinde futhi kube yithuba lokuthi abahlengikazi bakhu njulwe, kodwa kumele futhi siqhu beke nokuhlinzeka ukunakekela okusezingeni eliyilo, ikakhu lukazi ngalesi sikhathi sobhu bhane,” kusho yena. UGanuganu ubengomunye wabasebenzi bezempilo abebese benza phambili ngalesi sikhathi sehlandla lokuqala kanye nele sibili lobhubhane, esebenzela esibhedlela ewodini leCOVID-19 lokunakekelwa okuseqophelweni eliphezulu.",zul,human,0
Intsha yakuleli lizwe iveze ukusekela kwayo okukhulu uhlelo lwe-YES olusanda kwethulwa nguMongameli Cyril Ramaphosa. Lolu hlelo luhlose ukulungiselela abantu abasha ukuba bangene emakethe yemisebenzi ngokubabhlinzeka ngamakhono adingekayo emicikilisho ehlukahlukene. Inhloso enkulu yalo hlelo ukwakha umnotho othuthukile ngokunciphisa izinga lokungasebenzi phakathi kwentsha.,zul,machine,1
"Ukukhulelwa okungekho esibelethweni kwenzeka lapho i-embryo ikhula ngaphandle kwesibeletho, imvamisa emtubeni we-fallopian. NgokukaDoktere Bushy Mhlari, onguSenior Registrar e-Dr George Mukhari Academic Hospital, lokhu kuyisimo esiphuthumayo sezempilo esidinga ukwelashwa ngokushesha. Uma kungelashwa, kungaholela ekutheni uthambo lwe-fallopian luqhume, okungadala ukugcwala igazi okungaba yingozi empilweni yomama. Ngakho-ke, kubalulekile ukubona udokotela ngokushesha lapho kuzwakala ubuhlungu obubukhali esiswini nokugcwala igazi.",zul,machine,1
"Lokho okwaholela ekutheni aguqule igalaji lakubo ale nze ihhoko lezinkukhu. Ngaso leso sikhathi ubene ngadi yemifino egcekeni. Umhlambane owa yengunjiniyela,ubehlezi enezinhlelo zokushiya ezinkampanini aqa le ibhizinisi lakhe lokwakha izindlu. Ngonyaka wezi2014, emva kwesikhashana nje eqale ibhizinisi lezinkukhu, wathenga amahektha ama bili omhlaba e-Benoni, e-Gauteng, ngenhloso yokwakha izindlu zokuqashisa.",zul,human,0
"Izingxoxo zezokuxhumana ezenziwa ngezobuchwepheshe ezaziwa ngeVuk Talks ebezibanjwe, wuPhiko Lohlelo LukaHulumeni Lwezokuxhumana Nokudluliswa Kolwazi, bezibanjwe ukuze kugqugquzelwe igunya, izinqubomgomo kanye nezinsiza ezihlinzekwa yiKhomishana Yokubhalisa Izinkampani Nempahla Yokuzakhela (i-CIPC), Izinkantolo Zezinkampani (ama-CT) kanye neKhomishana Enkulu Egxile Ekuthuthukisweni Komnotho wabantu Abamnyama iBroad-Based Black Economic Empowerment (i-B-BBEE). Zonke lezi yizinhlaka zoMnyango Wezokuhwebelana, Ezezimboni kanye Nokuncintisana. Ngokuka-Ofentse Shakung, onguMphathi we-CIPC Yezokusungula kabusha kanye Nokubambisana futhi onguMqondisi weElearning, i-CIPC inemisebenzi eminingi eyenzayo, okubandakanya ukubhalisa izinkampani, imifelandawonye kanye namalungelo obunikazi bempahla yokuzakhela (uphawu lokuhweba, ilungelo lobunikazi, ukwakheka kanye nelungelo elivikela ubunikazi). I-CIPC isithuthukise isizinda-lwazi sayo esibizwa phecelezi ngeBizPortal esizokwazi ukunikezela ngethuba lokubhalisa inkampani ngezobuchwepheshe be-inthanethi kanye nezinye izinsiza ezinobudlelwano obusondelene nabo ukuze zenze lula inqubo yokubhalisa ibhizinisi futhi kulandelwe zonke izidingo.",zul,human,0
"Uhlelo Loxhaso Lwezemisebenzi LukaMongameli luyaqhubeka nokudalela abantu amathuba emisebenzi eminingi. Lolu hlelo lwasungulwa ngonyaka odlule ngenhloso yokusiza imiphakathi ngokudala imisebenzi esikhathini esifishane. Ukufeza lokhu, kusebenziswe izindlela ezintsha namasu ahlelwe ngokucophelela okuhambisana nezimo zanamuhla zokusebenza.",zul,machine,1
"NgokoKhulumela u-SASSA u-Paseka Letsatsi, isibonelelo somntwana sikhokhelwa loyo oyinakekelayo, kodwa siqonde ukunakekela umntwana. Okwamanje isibonelelo singama-R480 ngenyanga umntwana ngamunye. Isibonelelo somntwana sethulwa nguhulumeni ukuhlinzeka ngosizo lwemali kubantwana abaphila emakhaya adla imbuya ngothi. “Uma nje ukuxhashazwa kwesibonelelo kubikwa, kuzoqala uphenyo.",zul,human,0
"Ecabanga ngezinguquko zemifelandawonye emhlabeni jikelele ezilethwe ngukuphela kwempi iCold War , wabhala ukuthi amazwe kuzome le “aphinde aphose udobo lwawo” uma efuna ukuzuza ezindabeni zamazwe ngama zwe. Kusukela kuguquko lwe zakhiwo lwangowe-1994 ngesikhathi sithatha isinqu mo sokuphuma hhayi nje kuphela kubandlululo ko dwa nakubudlelwano obu zayo bamazwe ngamazwe babaklami, umthethonqubo wezangaphandle weNingi zimu Afrika uyaqhubeka ngokwakheka ngalokhu “ku phosa udobo futhi”. Okuseqhulwini kumthe thonqubo wezangaphandle wethu ukuhlanganiswa kwe sifunda ngokwepolitiki na ngokomnotho, ukujaha uku thuthuka kwezwekazi i-Afri ka, ukuzibandakanya kwa mazwe amaningi kanye nokugqugquzela intando yeningi labantu, ukuthola namalungelo abantu. Kuze kube manje, sesakhe imifelandawonye yamaqhi ngasu namazwe aseNingi zimu Yomhlaba kanye noku sebenzisana okunenzuzo efa nayo namazwe aseNyakatho.",zul,human,0
"I-Victory Body and Nail Studio, esiseBo Tshabelo eFreyistata, iwumzekelo ocacile wokuguqula izinto, lapho indawo eyayiyimjondolo isiphenduke ispa esisezingeni eliphezulu. Leli bhizinisi likhula ngamandla, liheha abantu abaqhamuka ezindaweni ezahlukene abafuna ukuzo mfanyazwa umzimba kanye nokucwalwa kwezinzipho. Ngokunikeza izinsizakalo ezisezingeni eliphezulu, leli spa seliphenduke inkundla yokunethezeka nezenzakalo ezikhethekile emphakathini.",zul,machine,1
"Ukuxoxisana okuvulekile kubalulekile ekwakheni ubudlelwano bokuthembana phakathi komzali nengane. Lokhu kusiza abazali ukuba baqonde imizwa, izidingo, nezinselelo ababhekana nazo abantwana babo nsuku zonke. Uma ingane izizwa izwakala futhi ithembela emzalisini, kuba lula ukuba ibike noma yini eyenza izizwe ingaphephile. Ngakho-ke, ukuxoxisana kuyisihlangu esivikela izingane ekuhlukumezeni futhi kuqinisekisa ukuthi amalungelo azo ayahlonishwa.",zul,machine,1
"Isihumusho esi fushane, esihlanganisiwe sama hubo esizwe amabili (u-‘Nkosi Sikelel’ iAfrika’ ne-‘The Call of South Africa’/’Die Stem van Suid-Afrika’); elaculwa phakathi kowe-1994 nowe-1997.Izimpawu zethu zezwe yilezi ezilandelayo: • Isilwane sesizwe, insephe • Imbali yesizwe, isiqalaba esikhulu • Isihlahla sesizwe, umkhoba • Inyoni yesizwe, indwa • Inhlanzi yesizwe, inhlanzi yehlalijuni",zul,human,0
"Konke lokhu kungaphezu kobudedengu obujwayelekile kanye nokunganaki emsebe nzini. Ziningi izingane eziqa shwe ngeso lokhozi ngaba nukubeza ngezocansi, izige bengu kanye nabathengisi bezidakamizwa ngenxa yokuthi babuthakathaka. Njengo mphakathi, kumele sikhuthale kakhulu futhi sibe nomdlandla ekuqinisekiseni ukuthi izingane zethu ziyavikeleka kulokhu kulimala kanye nezinye izingozi.Njengomphakathi, kufanele ukuba sakhe isiko lokuzibophezela.Kufanele sizibophezele, ezinganeni zethu kanye nakwabanye. Njengoba nje sifuna ukuqinisekisa ukuthi izingane zikhulela endaweni ephephile, enemfundiso nekhuthazayo ezindaweni zakithi, ngoku njalo kufanele siwuthathe umthwalo wokuvikela kanye nokunakekela labo esibaziyo kanye nesixhumana nabo.Kumele siwuthathe umsebenzi wokunakekela lapho sishaye la emgwaqweni.",zul,human,0
"Njengengxenye yokugubha Inyanga Yezokuvaka, umasipala uqoqe amathimba ayisithupha aselokishini laseThemba Lethu nase-Pacaltsdorp ukuze bamukele abavakashi abavela phesheya kwezilwandle. Labavakashi abawuvali umlomo ngezibiliboco zakuleli abazizwile, lapho kunambithiswa khona ukudla kwendabuko okumnandi kakhulu. Ukwamukeleka okushisayo kanye nobumnandi bokudla kwethu kubashiye benothando olukhulu ngesiko lendawo. Leli su ligqamisa ukuthi izibiliboco zethu zingaba yisikhali esinamandla sokukhanga abavakashi emhlabeni wonke.",zul,machine,1
INingizimu Afrika isithathe isikhundla sobuholi empini yomhlaba wonke yokulwa nesifo sofuba (TB). Le mpi isekelwa i-United States Agency for International Development (USAID) enikeza usizo olubalulekile ukuze kuthuthukiswe izindlela zokwelapha. Kugcizelelwa ukuthi ukwesekwa kweziguli kusemqoka kakhulu ukuqinisekisa ukuthi abagulayo baqeda imithi yabo futhi baphulukise ngokuphelele. Lolu hlelo luhlose ukunciphisa izinga lokufa nokuthuthukisa impilo yabantu emphakathini.,zul,machine,1
"Imibono yezakhamuzi zakithi kumele iqhubeke ilalelwe nge-sikhathi esinzima njengalesi.Ubhubhane lwegciwane le-corona kanye nezinyathelo esizithathile ukulwa nalo sekulethe umthwalo kubantu bakithi. Sekudale ukuphaza-miseka okukhulu nobunzima. Yize singayikhomba inqube-kelaphambili esesiyenzile eku-bambezeleni ukubhebhetheka kwegciwane, iseyinde indlela esisazoyihamba. Amaviki nezinyanga ezizayo zizoba nzima futhi zizofuna okukhulu ebantwini bakithi.Ubhubhane luzoqhubeka lubeke ubunzima obukhulu emphakathini wakithi nasezikhungweni zethu.",zul,human,0
"Uhulumeni uzokhipha usizo kubahlali baseKwaZulu-Natali naseMpumalanga ukwakha kabusha izimpilo namakhaya emva kwezikhukhula ezibhubhise kakhulu kulezi zifundazwe. Lezi zikhukhula zishiyile imiphumela emibi, kuhlanganise nokulahlekelwa ngumpilo kanye nokonakala kwemikhaya nezindlu. Inhloso yalo usizo wukusiza umphakathi ukuba uqhubeke nokuphila ngemva kwalesi sifo semvelo. Lokhu kuzosiza ukuthi imiphakathi ibuyele endaweni ekuvuseleleke ngokushesha.",zul,machine,1
"Ukusebenzisa kabi isibonelelo somntwana kuwubugebengu obubucayi obungaholela ekuboshweni. Ngokuka-Paseka Letsatsi, isikhulumeli sase-SASSA, nakuba le mali ikhokhwa kulowo oyinakekelayo, iqonde ukusiza ekunakekelweni kwengane kuphela. Okwamanje, isibonelelo singama-R480 ngenyanga ngomntwana ngamunye, kanti abazali bakhunjuzwa ukuthi ukuxhashazwa kwale mali kuwicala elibhekana nomthetho.",zul,machine,1
"Kube khona futhi inani lezingozi eziningana ezidalwe nga bashayeli bamaloli athwele impahla ngokuthi banganaki emajikeni. “Ngaphandle nje kokuba yisisombululo sesimi nyaminya sezimoto, ukuvula isikhala esikhulu sokuhamba kwezimoto ngokwengeza imizila emgwaqeni, ukulu ngiswa kuka-N3 kuzoho lela emgwaqeni ophephile. Amajika ayingozi azovulwa. Izimpambanomgwaqo ezingaphephile zizoklanywa kabusha,” kusho u-Mate kane.",zul,human,0
"Ukuhola uBumbano Lwamazwe ase-Afrika (i-AU) kuyinhlonipho enkulu kanti kuza nomthwalo onzima wokubhekana nezinselelo zezwe lethu. Mina ngingene kulesi sikhundlo ngesikhathi isizwe sase-Afrika sibhabhadiswa ngomlilo nokwesaba ngenxa yokubikwa kwegciwane le-Corona, okwakungumhlaba ovutha ngomlilo. Ukuba uSihlalo ngenyanga eyodwa ngaleso sikhathi kwakungumhlubelo wokuqala, lapho sasikubeke khona eqhulwini ukulwa nesifo esingaziwa. Lokhu kwakuyisikhathi esinzima kodwa esibalulekile ekuboniseni ukuthi ubuholi obuqinile buyadingeka kakhulu ezikhathini zobunzima ukuze kuvikelwe impilo yabantu base-Afrika.",zul,machine,1
"Lolu hlelo lokuhlomisa izisulu lubuyisela ithemba emphakathini ngokufundisa abantu ngamalungelo abo abalulekile. Ngokunikeza ulwazi olusebenza, lolu hlelo lusiza abantu ukuthi bazizwe bephephile futhi bazi ukuthi kumele benzenjani uma behlangabezana nobunzima. Sisebenza abahlali abangaphezu kwesigidi esisodwa baseThohoyandou kanye nezindawo eziseduze nalabo.",zul,machine,1
"Ukwakha isisekelo sotshalomali kubalulekile ekuthuthukiseni umnotho nokudala amathuba amasha okukhula. Ngakho-ke, kusukela ngowezi-2018, kubekwe uhlelo lweNgqungquthela Yotshalomali ukuze kukhuthazwe ukungenisa imali entsha. Lo mkhankaso uhlose ukutshala imali efika ku-R1.2 biljiyoni eminyakeni emihla nu ukuze kuqinisekiswe ukuthuthuka okuzinzile. Ngale ndlela, isisekelo esiqinile sotshalomali sizosiza ekwakheni ikusasa eliqhakazile nelizinzile.",zul,machine,1
"UMotsoaledi uthe Uhle lo Lokuthuthukiswa Kwe zwe (i-NDP) luye lwayi gqamisa ngokungananazi nokuthi ekuqaliseni uku sebenza kwe-NHI, izinga eliphansi lezinsizakalo ze mpilo kanye nezindleko ezi khona zezinsizakalo zempilo embonini ezimele kudingeka kubhekanwe nazo. Ngenkathi izichibiyelo ezi bhekiselwe kwiMithethosivi vinywa zidingidwa, umnya ngo uzoqalisa ukusebenza okungenani amaphrojekthi amane e-NHI, okuzobanda kanya izinsizakalo zempilo ezikoleni, izinsizakalo zempi lo zalabo abakhubazeke ngo kwengqondo, izinsizakalo zempilo zabesifazane aba khulelwe abanezinkinga ngokukhulelwa kwabo ezi bhedlela ezingama-22 ezithi nteka kakhulu kanye nokwe lashwa komdlavuza (i-onco logy), ngosizo oluqondile eGauteng naKwaZulu-Natali, kodwa futhi nezinye izifunda -zwe zingashaywa indiva. UMotsoaledi uphinde wathi izindleko zezinsizakalo ze mpilo embonini ezimele azi finyeleleki kuzakhamuzi ezi ningi, njengoba owayeLijaji Eliyinhloko uSandile Ngcobo ebekwe ukuba ahole iKho mishini yezokuNcintisana ukuze kuqhutshwe inhlolo vo ngezindleko zezinsizakalo zempilo embonini ezimele. ""Izichibiyelo esizethulayo zihlose ukuhlinzeka usizo oludingwa kakhulu yiziguli ezizithola zihlupheka kakhu lu,"" kusho yenaUMotsoaledi uthe isichibi yelo sokuqala soMthethosivi vinywa sizoqeda ukukhoki swa kwabantu imali engeziwe.",zul,human,0
"Kubalulekile ukuba abazali nabagadi baqaphele kabanzi ukuthi abantwana benza kimi lapho besebenzisa inthanethi ukuze bavikeleke ekububhoklolo. Kufanele kube nokuxhumana okukhulu nokuthembana phakathi kwabazali nabantwana mayelana nezingozi ezitholakala ezinkundleni zokuxhumana. Ngaphezu kwalokho, abazali kumele bazi ukuthi abantwana babakhuluma nobani ukuze kuvikelwe ukukhohliswa ngabantu abangaziwa. Uma ubona ushintsho olungajwayelekile ekuziphatheni komntwana, kubalulekile ukuthola usizo olufanele ngokushesha.",zul,machine,1
"UKatlego Makhanda, odabuka endaweni yase-Moiletswane eNyakatho Ntshonalanga, uxoxela abantu ubunzima obukhulu bokuyeka ukubhema ugwayi. UMakhanda ugcizelela ukuthi lolu hlobo lwesimilo lungashabalalisa impilo yomuntu ngokuphelele. Nakuba kunzima, ukwazile ukunqoba lo mlutha eminyakeni emine eyedlule ukuze avikele impilo yakhe.",zul,machine,1
"I-Kevali Chemicals iyinkampani yokuqala yabantu abamnyama eFreyistata ekhiqiza amakhemikhali ahlukahlukene, kuhlanganise nokulanza ama-nzi, izinto zokuhlanza, kanye neglu. Ngokuthuthukisa lezi zidingo zomnotho, le nkampani idala amathuba amaningi emisebenzi kubantu basendaweni. Lokhu kukhombisa ukubaluleka kokuba osozimboni abamnyama babe ngabasebenzi bezomnotho ukuze kuthuthukiswe izifunda zabo.",zul,machine,1
"Abazi kancane ngalokho abafuna ukukufunda kodwa abangenasiqiniseko ukuthi ingabe lo mkhakha ubalungele na. Imisebenzi ehlinzekwa i-CACH Izicelo zamathuba okufunda e-PSET (emanyuvesi, emanyuvesi Obuchwepheshe, emakolishi emfundo yezobuchwepheshe namakhono emisebenzi kanye nokuqeqeshwa kanye ne-Sector Education and Training Authorities). Ulwazi mayelana nosizo lwezimali (Ulwazi lwe-NFSAS). Imisebenzi yokuthuthukisa amakhono omsebenzi (ukwelulekwa, ulwazi, iseluleko kanye nokuhlelela umsebenzi/ulwazi ngalokho ongakukhetha maqondana noxhaso kanye nokuthola imali yokufunda).",zul,human,0
UMthimkhulu usanda kuthweswa iziqu zeBachelor of Veterinary Nursing eNyuvesi yasePitoli (UP). Lokhu kubaluleke kakhulu ngoba i-UP iyisikhungo esodwa kuphela eNingizimu Afrika esiqeqeshela abahlengikazi bezilwane. UMthimkhulu uzibona emangele kakhulu nangalolu phumelelo olukhulu asitholile.,zul,machine,1
"I-Sanral yakhipha izinkontileka ezintathu kwikota yokugcina ngowezi-2021, futhi umsebenzi wokwakha waqalwa phakathi kuka Masingana kanye noMbasa. Izingxenye ezilungiswayo njengamanje ibanga elinga makhilomitha (km) ayi-19 kusuka e-Cato Ridge ukuya e-Dardanelles, eyaziwa ngokuthi i-Umlaas Road; ingxenye engama-26.6 km ukusuka e-Dardanelles Interchange kuya e-Lynnfield Park; kanye nebanga elingama-30 km kusuka e-Lynnfield Park ukuya e-Ashburton Inte rchange . U-Matekane uchaze ukuthi i-SIP2 izoqinisa ezokuthuthwa kwempahla kanye nomgudu wezokuthutha phakathi kwezizinda ezinkulu zezimboni eNingi zimu Afrika, yenze ngcono ukufinyelela esikhungweni sokukhishwa nokungeniswa kwempahla eThekwini futhi kukhuphule izinga lokuse benza ngendlela efanele kulo mgudu. Wengeze ngokuthi umklamo uyingxenye yoHlelo Lwentuthuko Kazwelonke lwangowezi-2030 kanye noHlelo Olukhulu Lwe zokuthutha Kuzwelonke lwangowezi-2050 futhi lweseka uHlelo Lukahulu meni Lokwakha Kabusha Nokuvuselelwa Komnotho.",zul,human,0
I-National Health Laboratory Services (i-NHLS) iqinise ukuthi isifo se-Monkeypox sesitholakale eNingizimu Afrika. Lokhu kuqinisekisiwe emuva kokuba kwenziwe ukuhlola okubanzi elabhorethri. Kubalulekile ukuba umphakathi ube aqaphelayo futhi ulandele izeluleko zezempilo ukuze kuvikelwe ukubhebhetheka kwalesi sifo.,zul,machine,1
"Abezindaba baseNingizimu Afrika bayinsika yentando yeningi, ngokusebenza njengamehlo nezindlebe zomphakathi. Ngokusebenzisa amandla abo okubika, bakwazi ukuveza ukukhononda nokukhohlakala kweziphathimandla, okuvimba ukuthi amalungelo abantu abukelwe phansi. Lokhu kuhambisana nezinhlelo zobulungiswa eziqaphile, okuqinisekisa ukuthi akekho ophakeme kunomthetho. Ngakho-ke, inkululeko yabezindaba iyisihlangu esivikela isizwe ekuhlukunyezweni nasekubeni namandla angenamkhawulo.",zul,machine,1
"I-YES, esanda kwethulwa nguMongameli Cyril Rama phosa, ihlose ukulungiselela abantu abasha umsebenzi kanye nokubahlinzeka nga makhono emicikilisho edinge kayo ukuze kwakhiwe umno tho othuthukisa izimboni. UTemane uyachaza ukuthi emva kokuphothula iziqu zakhe ngowezi-2016 akakwa zanga ukufaka izicelo zomse benzi ngoba wayengenaso isi piliyoni somsebenzi esifanele. “Kwakulukhuni kakhulu ukufuna umsebenzi ngapha ndle kwesipiliyoni. Nge nhlanhla ngenkathi ngi hlangana nabakwa-Lulaway Recruitment Agency abase -benzisana nohlelo lwe-YES, banginikeza ithuba lokuthola isipiliyoni emsebenzini.”Uhlelo lwe-YES umzamo ohlanganyelwe kahulumeni, abasebenzi kanye nabama bhizinisi ukuze bahlinze ke ngamathuba esipiliyoni somsebenzi akhokhelwayo entsheni yaseNingizimu Afrika eyisigidi kulesi sikha thi seminyaka emithathu ezayo.",zul,human,0
"I-GEPF isungule indlela elula yokufaka izikhalazo ukuze kusizakale amalungu ayo kanye nemindeni yawo. Lokhu kwenziwe ngokuvula ihhovisi elisha elizoba nomsebenzi wokulalela nokuxazulula lezi zikhalazo, elaziwa ngokuthi lihhovisi Elilamula Ezezimpesheni Zabasebenzi. Inhloso yalo ukunikeza amalungu nokunakekela imindeni yawo ngendlela efanele nenobulungiswa.",zul,machine,1
"Okuphinde kwadlala indima izinyathelo u-SARS azithathile ukwenza ngcono ubuchwepheshe bokuthumela ulwazi nezinye izingqalasizinda, indlela yokusebenza yesimanje, ukuqasha abasebenzi abanekhono, kanye nokulwa nokubalekela ukukhokhwa kwentela kanye nobuge-bengu. Esinye sezincomo zeKhomishana ka-Nugent kwakungukuthi u-SARS aphinde asungule ithimba elizoqapha liphinde liphenye ukuhweba okungekho emthethweni. UPhiko Lomnotho Ongekho Emthethweni olwasungulwa ngowezi-2018 seluphumelele izikhathi eziningi ekuqedeni ukuhweba komnotho okungekho emthethweni, kubandakanya nokugxila ekungalandelini umthetho wentela yempahla ephuma kwamanye amazwe. Ukuqoqwa kwentela ezinkampanini ezisohlwini lwe-JSE, abahlala kumazwe amaningi kanye nalabo bantu abagwilike kakhulu manje sekusebenza kahle kakhulu kulawulwa uPhiko Lwamabhizinisi Amakhulu, olwaphinde lwethulwa ngowezi-2020.",zul,human,0
Ukubhalisela ukuvota kuyisinyathelo esibalulekile kubantu bonke abafuna ukuba nezwi ezikhethweni. Zonke izikhungo zokuvota eziyizi-22 932 zizovuleka kusukela ngo-08h00 kuya ngo-17h00 ngempelasonto yokubhalisela. Leli thuba lihle kakhulu kulabo abaqala ukubhalisa ukuze baqiniseke ukuthi amagama abo asemhlwini lwabavoti. Sicela nisebenzise leli thuba ukuze nibe yingxenye yokuzikhethela ikusasa lezwe.,zul,machine,1
"Kubalulekile ukuba sisebenzisane namaphoyisa ukuze sinciphise ubugebengu ezweni lethu. Uma ubona into engalungile noma ubugebengu benzeka, bicabangele amaphoyisa ngokushesha. Ukunikeza ulwazi olubalulekile kusiza amaphoyisa ukuba ababambe abenzi bobubi. Ngokubambisana, singenza iNingizimu Afrika ibe yindawo ephephile kuye wonke umuntu.",zul,machine,1
"Gqoka isifonyo kahle uhlangothi olufanele lubheke ebusweni ba-kho, futhi uqiniseke ukuthi semboza ikhala nomlomo wakho kahle.4. Bopha izintambo ngemuva kwekhanda lakho, noma uma use-benzisa esinamabhande elastiki, qiniseka ukuthi aboshwe aqina.5. Qiniseka ukuthi sikulingana kahle. Sinyakanyakazise ukuze sime kahle.",zul,human,0
"Isithuthwane siwuhlobo lwesifo sengqondo esibucayi esidinga ukunakekelwa okukhethekile. Ngokushiwo kukaDkt Nhlakanipho Gumede, akukona nje ukungasebenzi kwengqondo, kodwa kuyisifo esidinga ukuqonda nokulawulwa ngabangcweti zezempilo. Kubalulekile ukufunda ngezimpawu zalo ukuze abantu bafune usizo ngokushesha. Lokhu kusiza ekutheni isifo sibhekane ngendlela efanele ukuze kutholakale impilo engcono.",zul,machine,1
"Kamuva nje, kukhona ukuvakashela edolobheni laseThekwini eKwaZulu-Natal lapho kuxoxiswane khona nabasomabhizinisi ngezinhlelo zokuvuselela imisebenzi yabo. Kwathi lapho kugasela lo monakalo wemvelo, kwabonakala ukuthi kudingeka ukusekelwa okukhulu ekubuyiseni impilo emuva. Inhloso enkulu wukusiza umphakathi ukuba wakhe kabusha izimpilo nezindlela zokuphila ezonakele ngenxa yezikhukhula.",zul,machine,1
"UMashego ovela eSebokeng, Gauteng, ulandisa ngokuthi i-NSFAS imsizile kanjani ekufundeni kwakhe. Uthi ubengeke akwazi ukukhokhela imali yokufunda nezinye izindleko zemfundweni ephakeme ngaphandle kwale mfundaze. Ngakho-ke, le nsizakalo imvulele amathuba amaningi futhi ifeze amaphupho akhe okuthola imfundo.",zul,machine,1
"Ukuphuza utshwala kwabantu abasha abasebancane kuyamaniswa nokuphazamiseka ekwenzeni imisebenzi, ukulova ezikhungweni abafunda kuzona, ukulimala okuyamaniswa notshwala, imicabango yokuzibulala kanye nokuzama ukuzibulala, kanye nokuziphatha ngendlela enobungozi. Kumele sibumbane ukuze silwisane nalesi sihlava esiphuca intsha yethu iminyaka emnandi kakhulu empilweni yayo, futhi esibabeka engcupheni yokuba yizigqila zotshwala. Kithina njengemindeni lokhu kusho ukuthi kumele sibe nezingxoxo ezivulelekile sikhulume sigeqe amagula ngotshwala futhi kumiswe nemikhawulo okungamele kweqiwe kuyo. Ukuphuza utshwala kwezingane ezingaphansi kweminyaka eyi-18 kuyinto ephambene nomthetho.",zul,human,0
"Si-zwile ngezenzo eziholele ekuntshontshweni kwezigidigidi zamarandi zemali kahulumeni. Sizwile ukuthi zingakanani izikhungo zikahulumeni kanye nezi-nkampani ezenganyelwe ngumbuso ezicekelwe phansi ngamabomu. Lolu hlobo lokuvezwa obala, ubukhulu nokujula kokuqhwagwa kombuso akwenzekanga nje esithe, kepha kwasakazwa ezweni lonke jikelele. Ngoku -vumela bonke abantu baseNingizimu Afrika ukuthi balandele inqubo yekho mishana, kusizile ukufaka ukuzethemba komphakathi entandweni yethu yeningi labantu ngendlela ekhuthaza ukuvuleleka kanye nokwenza izinto ngendlela esobala.",zul,human,0
Ningizimu Afrika isebenza kanzima ukuze ifezize umbono obhalwe eMthethosisekelweni wayo. Lokhu kuhambisana nokwakha iriphabhuli lapho amandla ephethwe ngabantu kanye nabamele bona abakhethiwe. Lokhu kuwushintsho olukhulu kunesikhathi sasendulo lapho amandla ayengaphathwa ngabantu abambalwa. Inhloso wukuqinisekisa ukuthi ubulungiswa nodemokrasi kufike kubo bonke abazakithi.,zul,machine,1
"Kubalulekile ukubambisana namaphoyisa ukuze silwe nobugebengu nokuqinisekisa ukuthi wonke umuntu uphephile. Uma ubona okuthile okungaqondile, ungakhathazeki ukubika masinyane esiteshini samaphoyisa esiseduze noma usebenzise inombolo yokubika ubugebengu. Masisebenzisane ukuze senze iNingizimu Afrika ibe yindawo ephephile futhi engenazo izinkinga kubantu bonke.",zul,machine,1
"“Ngesikhathi sengiqedile umatikuletsheni, ngaya enyuvesi futhi inkululeko eyeza nokungahlali na bazali yabe ichaza ukuthi ngingaphuza utshwala noma kangaki uma nje ngifuna. Lokhu kwenyusa izinga lami lokubhema ugwayi.” Ngonyaka wezi-2017, uMakhanda wagula futhi wangeniswa esi bhedlela. Wahlonzwa nje ngonenhlobo yesibili yezifo zikashukela futhi kwaphela amaviki ebuthakathaka engakwazi nokuvuka e mbhedeni. “Udokotela wakubeka kwacaca bha ukuthi ukulawulwa kokugula kwami ngeke kwe nzeke uma nje ngisaqhube ka nokubhema.",zul,human,0
"Ngichithe isikhathi eside ngikhathazekile ngokuxhaso lwezimali ngenxa yokuba ngiphuma ekhaya elintulayo. Konke kodwa kwashintsha ngonyaka wezi-2018 lapho ngithola khona umfundaze ophuma ku-MISA, okwakuyisikhala sokukhanya empilweni yami. Le thuba lingivulele iminyango eminingi futhi langinika ithemba lokuphumelela. Lokhu kuqinisekisa ukuthi ngosizo olufanele, noma ngubani angakwazi ukwakha impilo engcono futhi aqhube phambili.",zul,machine,1
"UMukhodiwa, odabuka esigodini saseLuheni kuMasipala Wasekhaya iThulame la eLimpopo, uthole Iziqu ze-Urban and Regional Pla nning eNyuvesi yaseVenda ngowezi-2016. Ungomunye wabahlomule Ohlelweni Lokweseka Ingqa lasizinga Kamasipala Lwa bantu Abasha Abathweswe Iziqu (i-MISA), oluhlose ukuqinisekisa ukuthi abantu abathweswe iziqu ezingeni lemfudo ephakeme bakwazi ukungena emsebenzini babone okwenziwayo futhi bacathuliswe emsebenzini emikhakheni yezobuchwe pheshe ukuze bakwazi uku bhaliswa njengochwepheshe. I-MISA iwuhlaka lukahu lumeni kazwelonke olu ngaphansi koMnyango Wo kwengamela Ngokubambi sana. Yasungulwa kuNhlaba 2012.",zul,human,0
"U-Dkt Gumede uthi izimpawu nezinkomba zesithuthwane ziyahluka, futhi zingaziveza ngezindlela ezahlukene, kubandakanya ukudlikiza kwesikhashana (ipetit mal), uma umuntu kuvele kube mnyama amehlo noma agqolozele esikha leni nje; ukudlikizela okubizwa ngetonic-clonic (igrand mal), okujwayele ukuqala ngokuqina komzimba, ngaphambi ko kuthi umuntu awe phansi bese eqala ukudlikizela; kanye namacomplex partial seizures, wona athinta ingxenye yobuchopho. Ipetit mal seizure ithatha imizuzwana embalwa, futhi umuntu kungenzeka anga boni uma iqeda kumubamba. Ngesikhathi kwenzeka igrand mal seizure, loyo muntu angaba nombala oluhlaza okwe sibhakabhaka ngaphandle komlomo, okuyaye kuye ngokuphela uma eseqala futhi ephefumula ngendlela ejwayelekile. Amagrand mal seizures ajwayele ukuthatha imizuzu embalwa.",zul,human,0
Indawo yokudlela eKapa isiqalile ukubanjwa yizintsha ngenxa yokudla kwesintu kwesiZulu okubeka leyo ndawo ebalazweni. Umnikazi waleyo ndawo uthe ufuna ukukhombisa izivakashi imvelo yangempela yeNingizimu Afrika ngokudla kwesintu. Ugcizelele ukuthi ufuna ukuziveza ngendlela yakhe ngokusetshenziswa kokudla kwesintu ukuze izivakashi zibone isimilo nengqikithi yezwe lethu. Lokhu kusebenza njengesibonelo esihle sokuthuthukisa amasiko eThembu.,zul,machine,1
"Ezinye izinkundla zemidlalo ezise-tshenziswe njengezindawo zokugo-nqa kanye nezibhedlela zesikhasha-na, zibandakanya izinkundla ze-midlalo iCape Town Stadium kanye neFNB Stadium . Uhulumeni waseJalimani kanye nenkampani yezimoto i-Volkswagen yenze isethembiso semali eyizigidi ezingama-R107 nezosiza ukwakha isibhedlela sesikhashana eBhayi. Uma ngabe lesi sibhedlela sesiku-lungele ukwamukela iziguli, sizokwazi ukungena imibhede eyizi-4 000. Imishini yokuphefumula Ngosizo ezingxenyeni ezahlukene zikahulumeni, izinkampani kanye nezinhlangano, iNingizimu Afrika ikwazile ukuqongelela izinsiza zokuzivikela, nezinye izinto zo-kwelapha kanye nemishini yokuphe-fumula.Umshini wokwelapha osiza ngokuphefumula ngumshini osiza amaphaphu ukuthi asebenze ngo-kusezingeni eliyilo.",zul,human,0
"Ukuze lolu hlelo lusebenze kwaba nokusebenza ngo kubambisana phakathi kweNhlangano Yezimpe sheni Nezibonelelo Zikahu lumeni eNingizimu Afrika, uMnyango Wokuqoqwa kweNtela eNingizimu Afri ka, uMnyango Wezasekhaya kanye neminye eminingi. Senza uhlelo lokuzifakela izicelo nokukhokheleka, futhi lwahambisana nemini ningwane eyehlukene, oku bandakanya Uhlu Lwenani Labantu eNingizimu Afrika kanye nemininingwane ye Sikhwama Somshwalense Wabantu Abalahlekelwe Umsebenzi (i-UIF). Sabeka izindlela ezintsha zokufaka izicelo njengakuWhatsApp kanye ne-USSD, sasungula nohlelo lokusebenzisana namabhange ukuze sikwazi ukuqinisekisa imininingwa ne yasebhange. Lena yimpu melelo eyisimanga esikha thini esifushane kangaka.",zul,human,0
"Inkantolo ekhethekile isibonise ukuthi ubugebengu abubuyiseli futhi abunqobi. Kukhonjiswe ukuthi ingalo yomthetho inde, ngakho-ke akekho ozophuma ngenxa. Labo abaphumelele ukweba izimali zombuso bangacabangi ukuthi baphumelele, ngoba ubulungiswa buzobafikelela.",zul,machine,1
"Lendaba ikhuluma ngoTshepo owayephoqeleleka ukuthi alale phansi angabuki ngesikhathi udadewabo edlwengulwa yindoda eyayihlome ngesikhali. Ngemva kwalesi senzo esibi, le ndoda yazama ukumphoqa uTshepo ukuthi athule ngokumtshela ukuthi ""ayibe yindoda"". Lokhu kukhombisa indlela ubudoda obungasetshenziswa ngendlela ephuthawo ukufihla ubugebengu nokuthulisa iziboneleli.",zul,machine,1
"Ukhuluma ngesidingo senqubomgomo yezomnotho eyenza umnotho wentando yeningi labantu futhi udale namathuba omsebenzi akhiqizayo ngamaholo aphilisayo kubo bonke abantu baseNingizimu Afrika. Lo mqulu ubuye ubheke ‘umkhakha ozimele oguquguqukayo, osebenzisa amakhono kanye nekhono labo bonke abantu baseNingizimu Afrika kanye nemisebenzi yamabhizinisi enomthelela omkhulu ekudaleni amathuba omsebenzi, ukuthi ugqugquzelwe ngenkuthalo.’ENkulumweni Echaza Ngesimo Sezwe yakamuva nje, ngibalule ukuthi uhulumeni, amabhizinisi kanye nabasebenzi kufanele basebenze ngokubambisana, umuntu ngamunye asebenzise amakhono akhe ahlukile, ukudala amathuba omsebenzi. Abanye futhi abangabasunguli ababalulekile bokukhula komnotho nemisebenzi ngamabhizinisi kahulumeni (ama-SOE). Aphehla ugesi, alawule amachweba, akha imigwaqo futhi ahlinzeka ngamanzi adingekayo ukuze umnotho usebenze.",zul,human,0
"I-ADHD ne-ADD ziyizimo ezithinta ikhono lokugxilisa umqondo nokuzilawula, okungaba nomthelela omkhulu ekuthuthukeni kwengane. Kubalulekile ukuba abazali baqaphele lezi zimpawu kusasele isikhathi ukuze ingane ithole usizo olufanele. Uma lezi zimo zingalashwa, zingaholela ekutheni ingane ihluleke ezifundweni zayo kanye nokuba nezinkinga zobudlelwano nabanye. Ngakho-ke, ukuthola usizo lwezempilo masinyana kuyisihluthulelo sokuphepha ikusasa lomntwana.",zul,machine,1
Inkohlakalo isengumpi enkulu ehamba phambili kuhulumeni kazwelonke nasezifundazweni. Kuvelile ukuthi abasebenzi abayizi 17 000 bazame ukusebenzisa imali ebekelwe abantulayo ukuze banyuse imiholo yabo. Lokhu kukhombisa ukuthi izinsiza zomphakathi zisetshenziswa ngendlela engalungile. Kubalulekile ukuqedwa kwale nkohlakalo ukuze kuqinisekiswe ukuthi abampofu bathola usizo olubadingayo.,zul,machine,1
"Abafundi bezikolo zasemakhaya manje sebebathola usizo oluhlose ukuphucula imfundo yabo. Umnyango wethemba ukuthi lolu hlelo luzosiza ekukhuliseni izinga lokufunda nokufundisa emfundweni eyisisekelo kulezi zindawo. Okwamanje, lolu hlelo luqala ngokulingwa ezifundeni eziswele kakhulu.",zul,machine,1
"Kodwa okunzima kunakho konke nje, lolu bhubhane seluthathe izimpilo zabantu abondlayo emakhaya amaningi, lwabashiya benga bantulayo futhi baphila ngo kwesaba uma becabanga ngekusasa.Yingakho izinyathelo zosizo esazibeka zazibalulekile futhi zaziphuthuma kakhulu. Futhi, njengamanje njengoba cishe sekusele kancane nje ukuthi kuphele unyaka, singakusho kugcwale umlomo nje ukuthi lezi zinyathelo zibonise ukusebenza kahle kakhulu.Ohlelweni olugcwele lwezinyathelo zosizo lwesibonelelo olwethulwa, mhlawumbe izinyathelo ezimbili ezibe nomthelela omkhulu kube yisibonelelo esikhethekile sikahulumeni se-COVID-19 kanye neSibonelelo Sesikhashana se-CO VID-19 Sokusiza Abaqashi Nabasebenzi Sesikhwama Somshwalense Wabalahlekelwe Ngumsebenzi, ngoku jwayelekile esaziwa njenge-COVID TERS.Besingeke sikwazi uku khipha lezi zinyathelo kulesi sikhashana esifushane uma ngabe besingenayo ingqalasizinda yokuvikelela ko mphakathi ebanzi ebesivele ikhona.Kuze kube sikwazile ukubhekana nalesi sidingo esikhulu futhi esiphuthu mayo emphakathini waki thi sibonga ingqalasizinda kazwelonke ekahle yeNhla ngano Yezimpesheni Nezibo nelelo Zikahulumeni eNingi zimu Afrika (i-SASSA) kanye Nesikhwama Somshwalense Wabalahlekelwe Ngumsebenzi (i-UIF).Noma bebukhona ubuxakaxaka kanye nezinye izi nkinga, kodwa iningi lazo lixazululwe ngokushesha. Lawa ma-ejensi kahulumeni enze umsebenzi oncomekayo ekubhaliseni izigidi zabantu abasha abazohlomula futhi aqinisekisa ukuthi bayakhokhelwa.Ukwesekela okuhlinze kwe yi-UIF kube yiyona ndlela yempilo emabhizinisini adonsa kanzima kanye nabasebenzi. Kwenze umehluko phakathi kokuthi izinkampani ziqhubeke nokuvula nokuthi ziphoqeleke ukuthi zivale, phakathi kwemisebenzi elondolozekile kanye naleyo egcine ilahleka.La mabhizinisi azuzile njenge-Sihle’s Brew, okuyi ndawo yokudlela e-Gauteng, ekwazile ukugcina abasebenzi bayo abayi-18 ngenxa yohlelo lwe-TERS .",zul,human,0
"Ngezidingonqangi zamahhala ezifana namanzi nogesi emakhaya aswele, singaqinisekisa ukuthi awukho umndeni ongazitholi izinsizakalo ezibalulekile. Ukudlula kulesi sikhathi esinzima, yonke imiphakathi kumele ibambe iqhaza. Kolwethu uhlangothi, uhulumeni uzoqhubeka nokuqapha isimo ngeso lokhozi futhi uzokwenza konke okusemandleni ukuvikela abantu baseNingizimu Afrika ekwenyukeni kwezindleko zokuphila. Ezamabhizinisi eNingizimu Afrika kufanele ziqinisekise ukuthi abathengi abakhokheli kakhulu ukudla ukwedlula lokho okufanele.",zul,human,0
"NjengeNingizimu Afrika, sizinikele ukuthi sibe yi ngxenye yemizamo yama zwe omhlaba okuhloswe ngayo ukuvuselela inqu-bo yezepolitiki ezoholela ekwakhiweni kombuso wase-Palestine osebenzayo futhi okhona ezinhla-ngothini zombili ukudala ukuthula ne-Israeli futhi nangaphakathi emingceleni eyaziwa emhlabeni jikelele. Isixazululo semibuso yomibili sisamile njengendlela eyiyo yabantu bakwa-Israeli kanye ne-Palestine futhi kumele kuqhutshekwe nokuthi sesekwe. Ngesikhathi amasosha ezokuphepha akwa-Israeli ehlasela amakhohlwa e Al Aqsa Mosque, nathi eNingizimu Afrika besilu-ngiselela ukugubha ikhulu leminyaka lesibhicongo sokubulawa kwabantu i-Bulhoek Massacre enda weni yenkolo eNtabelanga eMpumalanga Kapa. Mhla zingama-24 ku Nhlaba 1921, amasosha ezokuphepha amakholoni ayehlome ngezibhamu nemishini yezikhali avulela ngenhlamvu kumakholwa, kwashona abantu abanga-phezu kwe-160 kwalimala kabi abacishe bafinyelele kwabayi-130.Lesi sibhicongo sokubulawa kwabantu siveze obala isihluku hhayi kuphela esombutho wamaphoyisa weNyunyana yaseNi-ngizimu Afrika, kodwa futhi nenqubo yokucwasa ngokwebala eyabekwa icala lokusivumela.Njengengxabano endaweni i-Sheik Jarrah, isihluku e-Bulhoek sasingeyona nje ingxabano yendawo; kwakungokuphathelene nokuphucwa umhlaba ngenkani, ngokuqonelwa komhlaba, ngokubandlu lulwa ngokobuhlanga nango kucindezelwa kwabantu abangavumelani nezenzo zangaleso sikhathi.Njengoba sibheka inkinga yase-Middle East futhi ikakhulukazi ngokuhlu pheka kwabantu base-Palestine, kungakuhle sikhumbule amazwi ka-Selby Msimang, ilungu elasungula i-African National Congress.Ngemuva kwesibhicongo sase-Bulhoek wabhala wathi: ""Umlando ukhombisile ukuthi umphefumulo womuntu uvukela ukungabi nabulungiswa"".Imibhikisho kanye nokuvukelana kwabantu base-Ningizimu Afrika ababe cindezelwe belwa nobuqo nela nobandlululo kwa fakazela ubuqiniso balo mbono.Njengabathandi benkululeko nobulungiswa, simi nabantu base-Palestine emzamweni wabo wokuzi busa, kepha futhi ekume laneni kwabo nokuphucwa amalungelo abo kanye nokuphucwa isithunzi sabo.",zul,human,0
Sichitha imali eningi sikhokhela izikweletu kunaleyo esiyibekele ezempi lo; imfundo kuphela kanye nokuthuthukiswa kompha kathi okuthola okuthe xaxa. Lesi simo siyingozi futhi asigcineki. Kumele senze izinguquko ezibalulekile futhi kumele sizenze manje. Ziningi izizathu ezisibeke kule simo esikuso njenga manje.,zul,human,0
"Ukukhangisa nge-B&B yakho – Umkhakha wezokuhlalisa izihambeli ugcwele ukunci ntisana, ngakho-ke kuzodinge ka unikele ngesikhathi sakho nemali ngokuthi ukhangise nge-B&B yakho. Kuzodinge ka ucabange ngezindlela zobuhlakani zokukhangisa ibhizinisi lakho. Ukuze uthole olunye ulwazi ngoMkhandlu i-Tourism Grading Council of South Africa shayela ku: 011 895 3000.",zul,human,0
"Uhlelo lokudla esikoleni luqinisekisa ukuthi abantwana abalambi, okusiza ekuthuthukiseni ikhono labo lokufunda. Lolu hlelo luhlose ukunciphisa ukungondleki kahle nendlala kanye nokuthuthukisa ukuya kwabantwana esikoleni, ikakhulukazi ezikoleni ezincishwe amathuba. “Lolu hlelo luyisisekelo sempilo nempumelelo yomfundi,” kusho abaphathi bohlelo.",zul,machine,1
"Ukubhalisela ukuvota kuzoba ngoNdasa wezi-2018. Isikhulu Sokhetho Esiyinhloko, uSy Mamabolo, usho ukuthi izikhungo zokuvota eziyizi-22 612 zizovuleka ngempe-lasonto yamhla ziyi-10 kanye namhla ziyi-11 kuNdasa, kusukela ngele-8 ekuseni. Kubalulekile ukuthi zonke izakhamuzi ezifanele zibhalise ukuze ziqinisekise ukuthi izwi lazo liyizwakala ezikhethweni.",zul,machine,1
"Izibalo zemisebenzi ezisanda kukhishwa zibonisa ukuthi umnotho wezwe uqala ukuvuka kancane. Lokhu kuza ngemuva kwesikhathi esinzima kakhulu esibhekane naso ngenxa yobhubhane, ukuvukela uhulumu ngo-2021, kanye nezikhukhula ezibhubhise eKwaZulu-Natali, eMpumalanga, naseNyakatho Ntshonalanga. Nakuba lezi zinselelo zibangele ukuhlukanthekela kwezomnotho, ukukhula okubonwayo kulezi zibalo kuletha ithemba elisha.",zul,machine,1
"Kubalulekile ukuba abazali nabagadi baqaphele izimpawu zokuqala zomdlavuza ebantwaneni ukuze usizo lutholakale masinyane. U-Taryn Seegers, uMxhumanisi weNhlangano Yomdlavuza Wabantwana eNingizimu Afrika (i-CHOC), ugcizelela ukuthi ukwazi lezi zimpawu kuyisihluthulelo sokuthola isifo kusenesikhathi. Lokhu kubalulekile ngoba uma umdlavuza uhlo nzwe masinyane futhi welashwe, kuba namathuba amaningi okuthi ingane ilulame ngokugcwele.",zul,machine,1
"I-ADHD yisimo lapho ingane ihluleka ukugxilisa umqondo futhi ibonakalise ukungakwazi ukuzilawula, kanti i-ADD igxile ekuhlulekeni ukugxila. Kubalulekile ukuthi lezi zimo zilashwe ngokushesha ngoba zingaba nomthelela omubi ekuthuthukeni kwengane empilweni. Ukuthola usizo olufanele kusiza ingane ukuba ikwazi ukulawula imizwa yayo futhi iphumelele ezifundweni nasemiphakathini. Ukwazi kabanzi ngalezi zimo kuvula indlela yokusekela ingane ukuze ibe nekusasa eliqhakazile.",zul,machine,1
I-National Health Insurance (NHI) iwuhlelo oluhlose ukuphucula izinsizakalo zezempilo kubo bonke izakhamuzi. UNgqongqoshe uMotsoaledi ubevele enkundleni yezindaba kamuva nje lapho ambule khona uMthethosivivinywa wokuchibiyelwa kwe-NHI kanye noMthethosivivinywa Wokuchibiyelwa Kwezikimu Zezokwelapha. Le mithethosivivinywa ibukelwe ukuqinisekisa ukuthi izinsizakalo zezempilo zidingeka futhi zifikeleleka kalula kubo bonke.,zul,machine,1
"Zincane kakhulu izi-nyanga ezisele manje ngapha-mbi kokuba kuphele lo nyaka futhi i-Woza Matrics izonika abafundi ukwesekwa abakudi-ngayo ukuze balungiselele ukuvivinywa kwabo kokuphela konyaka,” kusho yena.Lolu hlelo lwehlukile ngokuthi lubheke ikakhulu iningi lalabo bafundi beBanga lesi-12 ezweni abangakwazi ukungena ku-inthanethi manje namanje kanye nemishini yokuxhumana ngezobuchwepheshe bedijithali. Izi-nhlelo zokusakaza zizotholakala ukuze zibukelwe yizigidi eziyi-1.2 zabafundi ababhalela izivivinyo zabo zikaMatikule-tsheni ngoLwezi. UMkhandlu woNgqongqoshe Bezemfundo unxenxa bonke abafundi kanye nabazali ukuba basisebenzise lesi sizinda-lwazi. UMphathi Oyinhloko kwa-SABC uMadoda Mxakwe uthi umsakazo uyaziqhenya ngokuba yingxenye yalolu hlelo.",zul,human,0
"Amabhizinisi amancane anxushelwe kakhulu ukuba afake izicelo zokuthola usizo ukuze akwazi ukuphumelela. Lolu hlelo luhlose ukulwa nobubha kanye nokunciphisa ukuswelakala kwemisebenzi emphakathini. Lokhu kushiwo uNgqongqoshe uNdabeni-Abrahams enhlanganweni ye-SheTradesZA Youth Conference, lapho egcizelele khona ukubaluleka kokukhulisa umnotho wezwe.",zul,machine,1
"Kukhona ukukhula okukhulu kwezingozi ze-COVID-19 njengoba ubusika sesisondela, lapho izigameko ezintsha sezikhule ngama-137%. Ukuze uzivikele, kubalulekile ukuhlala ugeza izandla njalo, ugqoke imaski, futhi ulandele imiyalelo yezempilo. Qinisekisa futhi ukuthi ugonywe ukuze uvikele uqobo lwakho nabantu obathandayo kuleli sezikhathi ezinobukhali.",zul,machine,1
I-National Health Laboratory Services (i-NHLS) isiqinisekisile ukuthi isifo se-Monkeypox sesitholakele lapha eNingizimu Afrika. Lokhu kuza emva kokwenziwa kokuhlola okwenziwe elabhorethri okukhombise ukuthi igciwane sebingene ezweni. Izikhulu zezempilo manje zisebenza ngokuzikhandla ukuze kuvikeleke ukubhebhetheka kwalesi sifo phakathi komphakathi.,zul,machine,1
"Uphenyo luvimbe ukulahlekelwa izigidi ezingama-R114.2, futhi lwa bekela eceleni izinkontileka zenani lezigidi ezingamaR170.4. I-SIU ilindele ukuthi la macala aphothulwe phakathi kukaNdasa noMbasa wezi-2022, ngaphambi kokuhanjiswa kombiko owengeziwe kuMongameli ekupheleni kukaNhlangulana. Umbiko awufaki phakathi imininingwane yophenyo olusaqhubeka lwezinsolo ezitholwe i-SIU emva ko mnqamulajuqu owawubekelwe umbiko wokugcina. Lokhu kubandakanya uphenyo lwabahlinzeki nsiza abangama-476, abeyaniswa nezinkontileka ezingama-964, zenani elingaphezu kwezigidi ezingama-R961.6.",zul,human,0
"Umtholampilo wangakini uzokusiza ngonakekelo lokhulelwe futhi umse-benzi wezempilo uzokusiza ukuthi uthuthukise uhlelo olulungele wena kanye nomntwana wakho.Uma ukhulelwe, kubalulekile ukuthi udle uku-dla okunempilo kanye nomsoco, uzivocavoce, ulale ngokwanele kanye nokugwema izidakamizwa kanye notshwala. *Lolu lwazi niluhlinzekwa nguMnyango Wezempilo KwaZulu-Natal. UKUKHULELWA USEMNCANE kuzomosha impilo yakho yonke, kodwa-ke zikhona izindlela zokuzigcina uphephile ekukhulelweni okungahlelelwe.",zul,human,0
"Ukuqeqesheka emsebenzi ni kuyadingeka ukuze ku zoba nozinzo emisebenzi ni kahulumeni, ikakhuluka zi ezikhundleni eziphezulu. Abasebenzi bakahulumeni kumele bakwazi ukuqhu beka benze umsebenzi wabo “noma ngabe kunaluphi na ushintsho loNgqongqoshe, Amalungu oMkhandlu We ziphathimandla noma Ama khansela aseqenjini elibusayo eliphethe ukuphathwa, noma izinguquko zamaqembu epo litiki emva kokhetho”. Siphakamisa izinguquko ezifinyelela kude ezimbalwa, ezifana nokwelula isikhathi saBaphathi Beminyango ngokubheka ukufaneleka kanye nokusebenza kahle, ngokwenza ukuhlolwa oku hambisana nomsebenzi no kubandakanya iKhomishana Yemisebenzi Kahulumeni kwinhlolokhono yaBaqondi si-Jikelele kanye namaPhini aBaqondisi-Jikelele. Ukwethulwa kokuhlolwa ubuqotho kubo bonke abakhe thiwe kuzosiza ukuthi siqa she abasebenzi bakahulumeni abazosebenza ngeqiniso.",zul,human,0
"Ngivakashele eThekwini, KwaZulu-Natal, lapho ngihlangane nosomabhizinisi basendaweni ukuze ngibasize ezinhlelweni zabo zokuvuselela imisebenzi yabo. Lokhu kwenzeke emva komonakalo omkhulu owashiywa izikhukhula ezishaye leli dolobha, ezichitha izakhiwo nemisebenzi eminingi. Inhloso enkulu kulokhu ukwakha kabusha impilo nendlela yokuphila yomphakathi ukuze kubuyiswe ukuzinza nokuthuthuka. Lezi zinyathelo zibalulekile ekutheni umnotho waseThekwini uvuselelelwe futhi ube namandla futhi.",zul,machine,1
"Abafundi bezikolo zasemakhaya sebaqale ukuthola usizo olubalulekile ukuze bathuthuke ezifundweni zabo. Umnyango uyethemba ukuthi lokhu kuzolekelela ekuphuculeni izinga lokufunda nokufundisa ohlelweni lwemfundo eyisisekelo ezindaweni zasemakhaya. Okwamanje, lolu hlelo lusalingwa ezifundeni ezimbi kakhulu ukuze kubukwe ukuhamba kwalo.",zul,machine,1
Umphakathi akumele usebenzise isifonyo sodo-kotela (sezokwelapha) noma isifonyo i-N-95 ngo-ba lezo zigcinelwe abase-benzi bezempilo nabanye ababizwa kuqala ezimweni zezempilo. vNhlaba 2020 Ushicilelo 2 Indlela yokunakekela isifonyo sakho sendwangu 1. Sebenzisa isifonyo esiwashiwe sa-ayinwa kuphela.2. Geza izandla zakho ngaphambi kokufaka isifonyo.3.,zul,human,0
"• Abavoti bangashayela Isikhungo Sokuxhumana ucingo (0800 11 8000), kusukela ngoMsombuluko ukuya ngoLwesihlanu ngezikhathi zomsebenzi, ukuze bathole ukulekelelwa ngezindawo okutholakala kuzo izikhungo zabo zokuvota kanye nanganoma yini enye abafisa ukuyibuza. • Abavoti ababhalisiwe bangathumela futhi nge-SMS inombolo yabo kamazisi ku-32810 ukuze bathole i-SMS enekheli lesikhungo sabo sokuvota (i-SMS Ibiza u-R1). Yini okumele uze nayoUma uvakashela isikhungo sakho sokuvota hamba nomazisi wakho onamagabelo noma umazisi we-smart card noma isitifiketi sesikhashana sikamazisi. Uzolekelelwa ukuze ugcwalise ifomu lokubhalisa elinika imininingwane yekheli lakho lendawo.",zul,human,0
"Ukwesekwa kwabafundela imisebenzi yezandla (Isikhungo Sokweseka Ukuthuthukiswa Kwemisebenzi Yezandla Kuzwelonke). Imisebenzi ye-CACH iqala ngomhla ka 3 kuMasingana 2018, ezinsukwini ezimbalwa kusanda kuphuma imiphumela yokuhlolwa ye-NSC futhi izosebenza kuze kube sekupheleni kukaNhlolanja 2018. I-CACH isebenza kanjani? Isigaba 1: Abafundi abangasitholi isikhala ezikhungweni abafake izicelo kuzo, noma abafuna amathuba okufunda e-PSET, bangaxhumana ne-CACH kunombolo yamahhala (0800 356 635), iwebhusayithi (www.dhet.gov.za) noma ngomyalezo we-SMS ojwayelekile (thumela igama nge-SMS ku 49200) noma bangabhalisa online.",zul,human,0
"Imenenja yomnyango we zokuthuthukiswa kweze midlalo nezokungcebeleka kumasipala u-Teddi Adams uthe amabhodi lawa azosi za abahuhuluzi abasafu fusa. “Umnikelo lo uyingxenye yecebo likamasipala lo kuthuthukisa ezemidlalo kanye nokuqinisekisa uku thi yonke intsha, kunga khathalekile ubuhlanga ne zinga, iyakwazi ukufinye lela izinsiza ezizoyileke lela ibe yimiqabavu emi dlalweni eyikhethile.”ULangelihle Nkosi (one minyaka yobudala eyi16) naye ongumhuhuluzi ubonge umasipala ngalo mnikelo. “Ngiyakuthokozela ka khulu ukuhambela izifu ndo zokuhuhuluza emgaga sini ngoba zingisiza ngiqine emzimbeni futhi ngiyaku thanda kakhulu ukuhuhu luza emagagasini.” UNkosi ukhuthaze abanye abahu huluzi abasafufusa ukuba beze bazoba yingxenye yalo mkhankaso futhi bafunde kabanzi ngokuhuhuluza emagagasini. USandile Mqadi ongumqe qeshi wokuhuhuluza ema gagasini we-Surfers Not Street Children Club, uthe inhlangano yayisophe uku fundisa izingane amakhono okuhuhuluza emagagasini njengendlela yokuzikhipha emgaqweni.",zul,human,0
"Lokhu kungenziwa ngeSMS noma nge-inthanethi. Ukubuza ngeLayisensi yokushayela nge-SMS Ukubuza ngelayisensi yokushayela, abafakizicelo bangathumela izinombolo zikamazisi zabo nge-SMS ku-33214. Bazothola enye yama-SMS alandelayo: • Application received: The application was received, but has not yet been processed. • Production queue: The card is still being processed and manufactured.",zul,human,0
"Wengeza nangokuthi umpha kathi wawuthola ukuqeqeshwa yi-ECPTA ukuze uqhube isiqiwi. “Sihlele ukwakha izindawo zokuhlala izivakashi (ama-lodge) ezimbili futhi sisakha izizinda zabaqaphi basesiqiwini kanye nesibaya okuzothululwa kuso izilwane,” kusho uNgesi. Ngokufakwa kocingo olu ngamakhilomitha ayi-10 kanye nesango, kudalwe amathuba omsebenzi angama-61 emphakathini,” kusho Ungqongqoshe Wezemvelo u-Edna Molewa ngesikhathi sokudlulisela isiqiwi ngokusemthethweni.",zul,human,0
"■ Abantu abashade umshado wesilungu abanakungena emshadweni wesintu. UMthetho Wokwaziswa Kwemishado Yesintu uthi bobabili abathintekayo e mshadweni banamalungelo alinganayo njengendoda ne nkosikazi. Vuk: Ngeziphi izinkinga ezi ngase zivele emshadweni wesintu?MvN: Ukungabhaliswa ko mshado kudala izinkinga ezi nkulu. Ukubhalisa kuhli nzeka ngobufakazi bokuthi impela umshado ukhona, ngakho kuba nzima ukufa kazela ubukhona bomshado ongabhalisiwe.",zul,human,0
"Emhlangweni we-SoNA yangowezi-2022, uMongameli uCyril Ramaphosa ugcizelele ukubaluleka kokuthuthukisa izimpilo kanye nendlela yabantu yokuziphilisa. Lo msebenzi uzobhekisela ekwakheni phezu kwesisekelo soHlelo Lokwakhiwa Kabusha kanye Nokuvuselelwa Komnotho. Inhloso enkulu wukudala amathuba emisebenzi nokukhulisa umnotho ukuze wonke umuntu athole indlela engcono yokuziphilisa.",zul,machine,1
"Ezolimo ziyinsika yesisekelo emvelweni nasenqubheni yezomnotho. Ukuze kunqobwe, kubalulekile ukusetshenziswa kwendawo yokulima izitshalo nokufuya izilwane ngendlela esimeme. INingizimu Afrika inomhlaba omuningi ongaguqulwa ukuze kuthuthukiswe imikhiqizo yezolimo. Lokhu kuzosiza ekwenzeni ukuba kube nokuthuthuka nokuzinza ekudleni ezweni lonke.",zul,machine,1
"Amagumbi okugeza • Ngena eshaweni esikhundleni sikabhavu • Sebenzisa amanzi amancane kubhavu • Geza izingane ezincane ndawonye • Fulasha indlu yangasese kuphela uma kunephunga • Beka isitini endishini yamanzi okufulasha ukunciphisa ukusetshenziswa kwamanzi. Ekhishini • Sebenzisa usinki ovalwayo uma ugeza izitsha, esikhundleni sikampompi • Sebenzisa insipho yokugeza izitsha encane, ukugwema isidingo sokuhlambulula • Sebenzisa usinki ovaliwe uma uhlambulula imifino, esikhundleni sikampompi • Sebenzisa amanzi owasebenzise ukuhlambulula izithelo nemifino uma unisela izitshalo. Izimbali nesivande • Nisela izimbali uma sekupholile • Nisela izimbali ngamanzi owasebenzise ekhishini ukuhlambulula izithelo nemifino • Sebenzisa umanyolo wemvelo nongenamakhemikhali esivandeni. Amalungu omphakathi ayacelwa ukuba asebenzise amamitha amanzi ukuhlola ukuconsa kwamanzi okungabikiwe.",zul,human,0
"Abanikazi bamabhizinisi amancane nabathengisa emgwaqeni baseNingizimu Afrika babe yingxenye yabantu abashayeke kakhulu ngenxa yokuvalwa kwezwe ngesikhathi se-COVID-19. Lesi simo sabenza ukuthi amabhizinisi amaningi alahlekelwe yimali futhi alwe kakhulu ukuze asale ephila. Ukuze badlule kulesi sikhathi esinzima, kube nokunikezwa kwezibonelelo kanye nokusekelwa nguhulumeni ukuze bakwazi ukuvuselela imisebenzi yabo. Lezi zinhlelo zibe nendima enkulu ekuncedeni laba abathengisa ukubuyela emisebenzini yabo yansuku zonke.",zul,machine,1
"Sekuqala ukuntwela ezansi eNingizimu Afrika, okuletha izimo zezulu ezibucayi nezikhukhula. Kumenyelelwe iSimo Senhlekelele Kazwelonke ukuze kunqandwe ukubhebhetheka kwezinye izinkinga nokuvikela imiphakathi. Lokhu kwenzelwa ukuhlinzeka ngosizo oluphuthumayo kwabakhi bamizi kanye nemiphakathi ethinteke kakhulu. Ngale ndlela, uhulumeni uqinisekisa ukuthi usizo lufika ngokushesha kubantu abaswele ngalesi sikhathi senhlekelele.",zul,machine,1
"Usuku Lomhlaba Lwabahlengikazi, oluzoba mhla ziyi-12 kuNhlaba, luyithuba elihle kakhulu lokuthi sibungaze abahlengikazi ngokusebenza ngokuzikhandla ukusiza abanye abantu bakithi. Laba bongcweti badlala indima ebalulekile ekuxazululeni izinkinga zomphakathi nokusekela abantu abasidingayo. Siyabonga kakhulu ngokuzinikela kwenu nangothando enilukhombisa ekukhonzeni isizwe.",zul,machine,1
"Ngokusho kweNhlangano Yomdlavuza eNingi zimu Afrika (i-CANSA), abantwana abaphakathi kwama-800 kuya kwa bayi-1 000 eNingizimu Afrika bahlonzwa ngo mdlavuza unyaka no nyaka. Kodwa-ke, inhlangano le ingathekisa ukuthi isigamu sabantwana abanomdla vuza eNingizimu Afrika abahlonzwa nhlobo. Ukusiza ukuqinisekisa ukuthi umdlavuza ubo nakala kusenesikhathi, i-CHOC iqhuba izinhlelo zokuqwashisa ngalesi sifo emiphakathini, ifundisa abazali nabantwana ngezimpawu zokuqala okumele baziqaphele. Inhlangano yeseka abantwana kanye nentsha enomdlavuza noma isifo esiyingozi segazi kanye nemindeni yabo.",zul,human,0
"Izizinda zokwakha zibonwa njengekilasi elingcono kakhulu labanjiniyela abasaqeqeshwa. Kulawa mazinda, abafundi bafunda ngokuzibandakanya emsebenzini ongempela ophakathi kokuduma kwemishini nokuphuthuma kwabasebenzi. Lokhu kubasiza ukuba baqonde ukuthi ukwakha kusebenza kanjani ngokubona amakhono okusebenza ngqo. Ngakho-ke, ukufunda ngokuzibandakanya kubaluleke kakhulu ekuthuthukiseni amakhono abo obunjiniyela.",zul,machine,1
"Ngiyazi ukuthi kunzima kanjani lokhu futhi ngiyakuqo-nda ukukhathazeka abantu ba-kithi abaningi abanako ngokuthi le mithethonqubo igxambukela futhi ibeka imikhawulo ku-malungelo abo. Inhlosongqangi yethu ngukugcina impilo.Ukuqhelelana nabantu noku-hlanzeka kuseyizona zikhali zethu ezihamba phambi-li kulo mzabalazo. Ilokhu okulawula imithethonqubo esiyibekile esigabeni sesine sokubhekana negciwane. Ukucabangela kwethu kususe-lwa ebufakazini obuqanda ikha-nda, ulwazi lwesayensi no-mnotho kanye nokusebenza okuhamba phambili kwamazwe ngamazwe.",zul,human,0
UPhiko Lohlelo lukaHulumeni Lwezokuxhumana Nokudluliswa Kolwazi (i-GCIS) kanye ne-Digify Africa kusebenzisane ne-Media Monitoring Africa (i-MMA) kanye ne-Film and Publication Board (FPB) ukubamba isithangami ku-inthanethi. Isithangami sibhekiswe ekugcineni abantwana bephephile emhlabeni wezokuxhumana naku-inthanethi. Lolu hlelo luhlose ukunika abazali nabaphathi ulwazi mayelana nezingozi nezinselelo ezibhekene nezingane ezisebenzisa imishini yezobuchwepheshe.,zul,machine,1
"UNgqongqoshe uchaze lezi zi ngqinamba ezingeke zisonjululwe ngokungenelela okusheshayo futhi wacela umphakathi ukuthi ube nesineke ngesikhathi umnya ngo wethula lokhu. “Simile sizibophezela ekwenzeni okusemandleni ethu ukuze si nqobe ukulwisana nemigqa, nangaphandle kwezingqina mba kanye nezinye izi nselele,” kusho uNgqongqoshe uGigaba. Ngaphambi kokuthi umemezele izinhlelo zozokwenza umnyango wenza umbiko wokuhlola ukuze uthole ukuthi ungakwazi kanjani ukulwisana nemigqa futhi wenze ngcono izinsiza zawo. Umbiko wabeka uhleloxhumano lwamakhompyutha olungahlale lusebenza njengalo kho kulindelekile, uhlelo lokwe nziwa komsebenzi olungasebenzi ngendlela efanele kanye nezindlela zokuxhumana ezingahlanga nisiwe ngendlela efanele eziholela kwizakhamuzi ezingenelisekile kanye nemigqa emide.",zul,human,0
"Sisalokhu singaphansi kwama-50% wabantu abadala asebethole okungenani umjovo owodwa kanti lokho akukuhle neze. Sinxusa intsha esikhulile ukuthi isondele. Ukuqina kwamasotsha omzimba ngokwemvelo kuyafadalala ngokuhamba kwesikhathi futhi akufani nokugoma, ngeke ukubekele isikhathi. Sinxusa bonke labo abafanelekile ukuthola umjovo wokuvuselela ukuthi basebenzise leli thuba kungakafiki ubusika,"" kwengeza yena.",zul,human,0
"USithibe uphila impilo emnandi kakhulu naphezu kokuba nebala elimhlophe. Ugcizelela ukuthi abantu abanebala elimhlophe akubona izilwane noma imithi njengoba abaningi becabanga, kodwa bangabantu njengabo bonke abanye. USithibe utholakala emikhakheni eminingi ehlukahlukene, ekhombisa ukuthi ukukhanya kwesikhumba akusimeli isithiyo ekufikeleleni empumelelweni.",zul,machine,1
"Ngahlabeka umxhwele kakhulu lapho ngihla ngana no-Michelle Nkamankeng, oneminyaka eyi-11, ongumbhali omncane kunabo bonke wase-Afrika futhi okleliswe ohlwini lwababhali abancane abayi-10 abahamba phambili emhlabeni wonke jikelele. Ungumbhali wezincwadi eziyisi khombisa futhi wabhala incwadi yakhe yokuqala eseneminyaka yobudala eyisithupha nje kuphela. Njengokusho kukaSolwazi Jonathan Jansen: “Unokuzethemba, uyiciko negagu lokukhuluma, unengqondo ehluzekile futhi unomdlandla ne ntshisekelo.” Yilaba bantu abasha abangamagugu oqobo angomuso ezweni lethu futhi abasikhumbuzayo ukuthi inkululeko yethu yazuzwa ngokuzidela nokuzinikela okukhulu kwabantu abasha besilisa nabesifazane ababelokhu bephikelele njalo ekutheni kungabi yibona nje kuphela abayophila ekukhanyeni kwenkululeko, kodwa lokho kwe nzeke nakulabo abayolandela emva kwabo. Kumele siqhubeke nokusebenza ngokubambisana njengohulumeni, abamabhizinisi, abasebenzi kanye nezinhlangano zomphakathi wonkana ukuze siqinisekise ukuthi umthwalo wobunzima bokuntu leka kwemisebenzi awuqhubeki nokubacindezela abantu abasha bakuleli, ubadikibalise futhi ubenze baphelelwe nayithemba.",zul,human,0
UMnyango Wemfundo Ephakeme Nokuqeqesha usungule uhlelo olubizwa ngokuthi yi-Central Application Clearing House (i-CACH) lwezi-2018. Lolu hlelo lwenzelwe ukusiza abafundi abafuna ukungenisa ezikhungweni zemfundo ephakeme kodwa abangakayithola indawo. I-CACH iyisinyathelo sesikhashana esihlose ukuqinisekisa ukuthi abafundi bathola amathuba emfundo ngendlela esheshayo neyisizungezu.,zul,machine,1
"UNomagcinandile Suduka, oneminyaka engu-27, uyisibonelo somlimi omncane okhulisa ifa lomndeni wakhe ngokutshala izimali kwezolimo. Ungumnikazi we-4 U and 4 Me Primary Cooperative esigodini sase-Mooiplaas. Ngaphansi kokuxhaswa lwezinhlelo ze-COVID-19, ukwazile ukuqinisa ibhizinisi lakhe nokubhekana nezinselelo zezomnotho. Lokhu kukhombisa ukuthi ukusekela abalimi abasha kubaluleke kakhulu ekuthuthukiseni ukudla nokwakha imisebenzi emiphakathini yethu.",zul,machine,1
"“Umndeni wami usuno phahla olungavuzi, ngoba ngiyasebenza. Kuyangithoko zisa ukuthi ngathola leli thu ba,” kusho uNyawo. UNgqongqoshe Wezemvelo u-Dkt. Edna Molewa uhloniphe abaqaphi bezemvelo wababiza ‘ngabaqaphi beziqiwu’ ngo ba ngegalelo elikhulu aba nalo ukulwisana nobuge bengu kwezemvelo, obufana nokubulala obhejane.",zul,human,0
"UNgqongqoshe Wezempilo, uDkt. Joe Phaahla, uyaxwayisa umphakathi ukuba uzivikele ekugulweni yi-COVID-19 ngaphambi kobusika. NgokukaNgqongqoshe, iNingizimu Afrika yaqopha ukukhula kwezigameko ezintsha ze-COVID-19 ngama-137% ngomhlaka 25 kuMbasa. Lokhu kukhula kukhona uma kuqhathaniswa nezinsuku eziyisikhombisa ezedlule. Ngakho-ke, izakhamizi zigqugquzelwa ukuba zithathe izinyathelo ezidingekayo ukuze kuvinjwe ukusabalala kwalesi sifo.",zul,machine,1
"Ama-SOE adlala indima ebalulekile ekuthuthukisweni kwezwe lethu. Kubalulekile ukuthi lezi zinhlangano ziphathwe ngendlela ecacile nenempumelelo ukuze kuthuthukiswe ukukhula komnotho. Ngokuletha izinguquko nemibono emisha, zingakwazi ukudala amathuba emisebenzi amaningi entsheni. Kuphela ngokuzibophezela okungaphezulu lapha okuzokwenza lezi zinhlangano zikhonze abantu ngempela ziphinde ziqhubeze isizwe empumelelweni.",zul,machine,1
"Umnyango uzibophezele ekutheni izisulu zokunukubezwa ngokocansi ziphathwe ngesizotha nangokunakekela okusezingeni eliphezulu. Ngakho-ke, kuqeqeshwa odokotela babe namakhono akhethekile okukwazi ukunikeza lusizo lwezempilo oluphelele nalolo lwesomqondo. Lolu hlelo luhlose ukunciphisa ubuhlungu nemizwa yokwesaba ezisulwini, ukuze bazizwe baphephile futhi bahlonishwa lapho befuna usizo. Eminyakeni emithathu edlule, kube nokukhula okubonakalayo kwezinani lodokotela abaqeqeshelwe ukubhekana nalo lolu hlobo lobugebengu ngendlela efanele.",zul,machine,1
"Sesenze ukuhlolwa kwegciwane le-corona okungaphezu kwezigidi ezimbili kanti abasebenzi bezempilo bomphakathi sebenze ukuhlungwa kweziguli okungaphezu kwezigidi ezingama-20.Sithole imibhede yezibhedlela ebalelwa kweziyi-28,000 yeziguli ze-COVID-19 futhi sesakhe ngempumelelo izibhedlela zesikhashana ezweni lonkana. Njengamanje sinemibhede engaphezu kweziyi-37,000 ezikhungweni zokugonqisa abantu embonini yezempilo ezimele neyomphakathi, elungele ukwamukela abantu abangakwazi ukuhlala ngabodwana emakhaya. Sithole futhi sathumela izimpahla eziyizigidi eziyizinsiza zokuzivikela ezibhedlela, emitholampilo nasezikoleni ezweni lonke ukuze sivikele abasebenzi bethu abangamabutho ayibambe ophondweni. Siqashe futhi siyaqhubeka nokuqasha abahlengikazi abengeziwe, odokotela nabasebenzi abasebenza ophikweni lwezimo eziphuthumayo.",zul,human,0
"Namuhla kugubha Usuku Lomhlaba LweDown Syndrome ngenhloso yokukhulisa ukuqonda ngalesi simo emphakathini. I-Down Syndrome (i-DS) iyingxenye yokuphazamiseka kumachromosome okuqubuka ngesikhathi ukhulelwa. UDkt Midah Maluleka, osebenza njengodokotela eMpu, uchaza ukuthi lokhu kwenzeka lapho kuba khona ukwengezeka kwe-chromosome. Lolu suku lugqugquzela ukwamukelwa nokwesekwa kwabo bonke abaphila ngalesi simo.",zul,machine,1
"Uma umdlavuza uhlo nzwe kusenesikhathi futhi welashwa, maningi amathuba okwelulama ngokugcwele. UMxhumanisi weNhlangano Yomdlavuza Wabantwana eNingizimu Afrika (i-CHOC) u-Taryn Seegers uthi ukwazi izimpawu ezejwayelekile zomdlavuza kubantu abasebasha, kungasindisa impilo. “Izimpawu nezinkomba kungaba nzima uku zihlukanisa kumaqhubu ajwayelekile, imihuzuko, ukukhula ngesivinini kanye nokuguquguquka kwemizwa. Kodwa-ke, ukuhlonzwa kusenesikha thi kungumongo,” kusho yena.",zul,human,0
"“Aninodwa kulokho,” kusho ungcweti we-zokusebenza kwengqondo emphakathini uZanele Ludziya waseSibhedlela i-Stikland esiseNtshonalanga Kapa.Ukushonelwa ngomthandayo akukaze kwaba yinto elula futhi kungavusa imiz-wa ehlukahlukene.“Ziningi izimpawu ongazibheka nje uma othandi-weyo ezilile, kodwa futhi nokungabonisi zinkomba kakuchazi ukuthi umuntu akazilile.“Abantu bengatshengisa izimpawu zokuthukuthela, ukucasuka, ukudabukisa noma ukungabi nandaba. Indlela yokusebenza komqondo yabo nayo ingaphazamiseka, njengoba umqondo wabo kungenzeka ukuthi usaphuphuma imicabango kanye nenkumbulo yalowo oshonile. Bangaphinde futhi babe nenkinga yokungakwazi ukugxila kulokho abakwenzayo noma babukeke njengabadidekile,” kusho u-Ludziya.U-Ludziya weluleka abantu ukuthi bakuqaphele ukushintsha kwendlela yokuziphatha, njengokuhlala sengathi ungakhala noma ukwenyusa izinga lokuphuza utshwala kanye nokusebenzisa izidakami-zwa. “Bangazithola bebhema ngokwedlulele ukunalokho abakujwayele, bangahoxa noma bazivalele ngabodwana noma baqoke ukugwema ezinye izindawo kanye nokuhlangana nabanye abantu.",zul,human,0
"Sekuphele iminyaka engamashumi amathathu izwe lethu lishayisana nengculazi ye-HIV ne-AIDS, osizi oluthatha imiphefumulo eminingi futhi lwahlukanisa imindeni. Kodwa-ke, ngenxa yokubambisana okuqinile phakathi nohulumeni nomphakathi kanye nokutholakala kwemithi yokwelapha, iNingizimu Afrika isinyathela izinyathelo ezinkulu ekunqobeni lolu bhubesi. Lokhu kuletha ithemba elisha lokuthi izizukulwane ezizayo zingakhula zigcinele impilo, kanti ukubambisana kuqhubeka kokuba yisikhali esinamandla sokunqoba lolu sifo.",zul,machine,1
"Ihlandla lesihlanu Yize izigameko ze-COVID-19 zikhula futhi izwe lilindele ukuthi maduze lingene ehlandleni lesihlanu, akukaziwa ukuthi lizoba libi kangakanani. “Okungakaqinisekiswa yilokho esikutshelwa ngososayensi bethu ukuthi umxhantela wegciwane omusha uzofika ngomxha ntela omusha oteketiswa ngelikaPi, ozofuna ukusabalala ngesivinini futhi wehlule namasotsha omzimba aqinile. Kodwa kulesi sigaba, osekuqinisekisiwe ukuthi yikhona okudlangile yimixhantela yegciwane iOmicron ebizwa nge-B.4 ne-B.5,"" kusho uPhaahla. Gwema ukusulelana Ungasiza ukugwema ukusulelana nge-COVID-19 ngokuqinisekisa: • Ukuthi awushiywa isikhathi ekuthatheni imigomo yakho ye-COVID-19 kanye nemijovo yokuvuselela.",zul,human,0
"Ungashayela Umkhandlu Olwisana Nokubhema Ku-zwelonke (i-National Council Against Smoking) kule nombolo: 011 720 3145 ukuze uthole usizo lokuyeka ukubhema. INhlangano Yomdla-vuza yaseNingizimu Afrika (i-Cancer Association of South Africa) yenza izinhlelo ezenziwa ngobuchwepheshe, nezinikeza ukweseka kanye nolwazi kulabo abafuna ukuyeka ukubhema kanti lezi zinhlelo ziyatholakala ku: http://www.ekickbutt.org.za.",zul,human,0
"Uhulumeni usimamele ukuletha usizo olubanzi kubahlali baseKwaZulu-Natali naseMpumalanga abahlaselwe yizikhukhula ezidambisile ezishiye umthwalo onzima emindenini. Lezi zikhukhula ezimbi zibubhathele amakhaya amaningi futhi zibulela abantu abaningi, okudale isimo esibuhlungu kulezi zifundazwe. Manje, amandla kahulumeni azogxila ekwakheni kabusha izimpilo kanye namakhaya abulawa yilesi sifo semvelo ukuze abahlali babuyelwe empilweni evamile.",zul,machine,1
"I-Mosamaria ese FreyistataEtholakala eMangaung, i-Mosamaria ingenye yamaNGO asethole ukwesekwa ngezimali yile phrojekthi. Le nhlangano inethimba labasebenzi bezempilo bomphakathi, umphathi wephrojekthi kanye nogcina imininingwane bonke laba basebenzela ukuqinisekisa ukuthi iziguli ziyaqhubeka nohlelo lokwelashwa ukuze zelapheke esikhathini sezinyanga eziyisithupha. “Siqashe abanakekeli abangama-74 abasiza kule phrojekthi. Ekuqaleni sa sisebenza neziguli ezinga ma-200, sabuye saba neziguli ezingama-400, kanti njenga manje enkontilekeni yethu sineziguli ezingama-500, esisebenza nazo nsuku zonke .",zul,human,0
"Ukuhlukumeza ngoko mphefumulo, ngamazwi kanye nangokomqondo: Lokhu kwenzeka uma umu ntu ehlale ethukwa, ejivazwa noma ebizwa ngamagama ajivazayo. Ukuhlukumeza ngokupha thelene nomnotho: Lokhu kungenzeka uma isisulu sivi njelwa ukuthi sithole iholo. Ukwesabisa: Isibonelo sokwesabisa yilapho isisu lu sithola imilayezo noma ama-SMS asesabisayo futhi ethusayo. Ukukhathazwa: Kungaba isibonelo ngokuthi uhlale ushayelwa ucingo noma uma uhlale ugadiwe futhi lokhu kukwenza ukuthi wesabe.",zul,human,0
"Sizoqhubeka sithembeke ezimfundisweni zokubekezelelana nokuhlonipha ezichaza thina njengabantu. Egameni labo bonke abantu baseNingizimu Afrika ngibonga iqembu ebelilande abantu bakithi e-Wuhan, e-China, kanjalo nobuholi kanye nabantu baseLimpopo abasiza ngohlelo lendawo yokuhlalisa ngabodwana labo abathelelekile. Lesi isikhathi esinzima. Futhi ezikhathini zobunzima lapho kwambulwa khona amandla ethu.",zul,human,0
"“Uma usizo lukahulumeni lufika kuwena, luzobe selengeza. Uma udinga ukukhiqiza izinkukhu zenyama eziyizi-3 000, akukho okukunqanda ukuthi uqale ngezinkukhu ezingama-20. Iya ezitolo ezinkulu endaweni uyothola ukuthi bona bafuna ukuthi izinkukhu abazozidayisa zibe njani bese nisebenza ngokwamaqembu ukuze nizokwazi ukuhlangabezana nezi mfuno zabo zezinga kanye nenani lezinkukhu abazifunayo,” ongeza. Ukuhlomisa abesi fazane ngezolimoU-Dkt Zulu ukholwa ukuthi ezolimo zingaba negalelo ekuhlomiseni abesifazane ngokomnotho nasekusunguleni imisebenzi eminingi yabantu besifazane.",zul,human,0
"Kubaluleke kakhulu ukuthi uqinisekise ukuthi unencwadi yefa ebhaliwe ukuze ulawule ukuthi impahla yakho izoya kubani. Uma ushona ungayibhalanga le ncwadi, izimpahla zakho zizokwabiwa ngokomthetho we-Intestate Succession Act kulabo abanelungelo lokuzithola. Ukubhala incwadi yefa kusiza ekutheni izifiso zakho zihlonishwe futhi kuvikele abathandwa bakho. Yenza lokhu namuhla ukuze ugwembe imibango nokungezwani emndenini wakho.",zul,machine,1
"Ukusungulwa kwama bhizinisi akulona neze ikhambi eli nguzifozonke ozoqeda zonke izinkinga ezikhona, kodwa-ke ngiqinisekile ukuthi kungenye yezindlela ezinhle futhi eziphumelelayo ezizokwenza abantu abasha bazazi kahle ukuthi empeleni bona bangobani, futhi babe nezifiso nezi nhloso empilweni, bazizwe beyi ngxenye yabantu bakuleli, futhi babe nethemba mayelana nengomuso.Uhlelo LukaMongameli Losizo Lwentsha luhlinzeka abantu abasha ngamathuba okulekelela no kufaka isandla emiphakathini yabo. Lolu hlelo lwenzelwe ukuletha uguquko futhi lwenze nomthelela omkhulu, ngokungafani nezinhlelo eziyinhlakanhlaka ezinomthelela omncane.Ngamemezela futhi eNkulumweni Echaza Isimo Sezwe ukuthi sizobeka eceleni isamba esiyi-1% lesabelomali sezwe ukuze sisetshenziswe ohlelweni lwamathuba omsebenzi aqondiswe entsheni. Kunezinhlelo nemiklamo eminingana eyenziwayo ukuze kubhekwane nale nselele kazwelonke.Ngokucacileyo, intsha yezwe lethu ibona leli lizwe njengezwe elinamathuba futhi elithembisayo, nakuba kunezithiyo nezingqinamba ehlangabezana nazo. Evikini ele dlule nje lilodwa, ngihlangane na bantu abasha baseNingizimu Afrika abangenza ngiziqhenye ngobude bebanga esesilihambile kuleli kanye nalokho esesikufezekisile.Kunabadlali abasebasha abanje ngomdlali wegalofu onethalente elimangalisayo u-Sim ‘Tiger’ Tshabalala olokhu eqhubeke njalo nokuqokelela izindondo zegalofu zamazwe ngamazwe eseneminyaka yobudala eyisishiyagalombili nje kuphela.",zul,human,0
"Ukuze kuvuselwe kabusha umnotho emva kokulahlekelwa, kubalulekile ukuba kube nohlelo olusiza amabhizinisi ukuba akhule futhi. Ukusekela amabhizinisi amancane asemakhaya kusiza ekudaleni amathuba emisebenzi entsha kulabo aba lahlekelwe imisebenzi yabo. Ngaphezu kwalokho, uhulumeni kanye nezinkampani kumele kunikeze ukuqeqeshwa kwabasebenzi ukuze kube nokusebenza ngendlela efanele nokukhiqiza kakhulu. Lezi zinyathelo zizobuyisa isimo sezinto futhi ziqinisekise ukuthi abantu bayakwazi ukuphila futhi bathole imalingeniso.",zul,machine,1
"UMari ssa van Niekerk, uMqondisi wezomthetho weKhomishana Yezokulungelu ngokobulili, ugcizelela ukubaluleka kokubhalisa imishado yesintu. Ukubhalisa lo mshado kuvikela imindeni ngokomthetho, okusiza ekuphepheni kwamalungelo abo. Lokhu kuqinisekisa ukuthi abashadi, ikakhulukazi abafazi nezingane, bathola ukuvikelwa emthethweni lapho kuvela izinkinga. Ngakho-ke, kubalulekile ukuthi abantu baqonde ukuthi imishado yesintu iyavumeleka futhi inamandla lapho ibhalisiwe.",zul,machine,1
"Lezi zinhlelo zokuzimisela zizodinga ukubanjwa kakhu lu kweqhaza wumkhakha ozimele kanye notshaloma li. ITransnet , kubandakanya Ichweba laseThekwini, kunge nye yengcebo kazwelonke ebaluleke kakhulu yabantu baseNingizimu Afrika. Ukusebenzisana nomkhakha ozimele kubalulekile ukuze kuhehe utshalomali olusha, ezobuchwepheshe kanye nongcweti kwezokusebe nza kwechweba futhi noku thuthukisa izinsizakusebenza kanye nengqalasizinda uku thi kuhambisane nesimanje manje. Isibonelo, iTransnet ihlela, ukukhangisa isivumelwano somhlaba ngasekupheleni kwalo nyaka ukuze yakhe fu thi isebenzise isiteshi iPoint Terminal .",zul,human,0
"Kugcizelelwa ukuthi asikho isizathu se-GBV emiphakathini yethu. Phakathi kukaNtulikazi noMandulo kowezi-2021, kunesibalo esibuhlungu sabantu abayizi-9 556 abadlwengulwe, lapho iningi labo kwakungabesifazane. Lesi sibalo sikhombisa ukukhula okungaphezulu ngo-7% uma kuqhathaniswa nombiko owedlule.",zul,machine,1
"Amabhizinisi amancane anxushelwe ukuba afake izicelo zokuthola usizo ukuze kuthuthukiswe umnotho wezwe. Lokhu kushiwo nguNgqongqoshe uNdabeni-Abrahams ngenkathi ethula inkulumo kwiNgqungquthela Yentsha ye-SheTradesZA. UNgqongqoshe uthe, “Sihlose ukubhekana nokuswelakala kwemisebenzi nobubha, kodwa sinomsebenzi wokukhulisa umnotho.”",zul,machine,1
"Yonke imibono ilusizo futhi iyasisiza ukusebenza kangco-no nangobuchule.Ukusetshenziswa kwesise-kelo senkululeko yokudlulisa lokhu ofisa ukukusho, ukuzi-bandakanya kanye nokukhu-luma kuyisilinganiso sempilo enhle yentando yeningi yethu. Kodwa ngaphezu kwalokho, la malungelo abaluleke kakhulu empumelelweni yomzabalazo wezwe wethu sonke ukuze sinqobe igciwane le-corona.",zul,human,0
"Ukuguqula umkhakha wezolimo kubalulekile ukuqinisekisa ukuthi kukhona ukudla okwanele nokukhula komnotho. Ukusebenzisa izindlela zokulima ezisimeme kusiza ekugcineni umhlaba uvuthafutha futhi kuvikelwa imvelo. Ukunika amathuba abalimi abancane kwenza ukuba umhlaba waseNingizimu Afrika usebenze kangcono. Ngokusebenzisa ubuchwepheshe obusha, ezolimo zingaba yinsika yokuphumelela kubo bonke abantu.",zul,machine,1
"Wengeze ngokuthi kuno mhlaba owanele ongalimeka ukusekela izigidi zabalimi abancane abafuya izinkukhu, imfuyo, izithelo kanye nezitshalo. Kwamanje, abalimi abangaphezulu kwezi-100 000 bathole amavawusha okwandisa imikhiqizo yabo futhi lolu hlelo luzonwetshwa ukuze lufinyelele kubalimi abaningi. Inkohlakalo kanye nobugebengu Kusukela ekusungulweni kweKhomishana Ephenya ngokuQhwagwa Kwamandla oMbuso, ukuya ekuphenyweni mayelana nezinkontileka zokuthengwa kwezimpahla ezihambisana neCOVID-19, uMongameli uRamaphosa wenza konke okusemandleni ukuvundulula aqede inkohlakalo. “Awukho namunye umzamo wethu oyakuphumelela ekufukuleni umnotho wethu uma singasisusi lesi sihlava esibi senkohlakalo manje futhi unomphela,” kusho uMongameli.",zul,human,0
"Njengoba sisondele ezikhathini zamaholide kaKhisimusi, kubalulekile ukubeka ukuphepha kuqala emafutheni omgwaqo. Abashayeli bakhuthazwa ukuba bahlole izimoto zabo ngaphambi kokuhamba ukuze baqinisekise ukuthi zisemweni esigculisayo. Ngaphezu kwalokho, kubalulekile ukuthi umshayeli kanye nabagibeli bafase amabhande abo ngaso sonke isikhathi. Lawa masu alula angasiza ekunqandeni izingozi nokonga izimpilo ngalesi sikhathi somcimbi.",zul,machine,1
"Isifo se-COVID-19 sesishaye emhlabeni wonke, sishiya imiphumela ebuhlungu kubantu abaningi. Lolu bhubhane alukhethi ukuthi ungubani noma uvela kuphi, ngakho-ke sonke simele siqaphele futhi sizivikele. Ngokulandela imithetho yoKuzivikela nokubambisana njengomphakathi, singakwazi ukunciphisa ukusabalala kwalo gciwane. Kubalulekile ukukhumbula ukuthi ngokubambisana kuphela singanqoba lolu bhubhane siphilele ngokuphepha.",zul,machine,1
"• Ukuqhubeka nokukhulelwa kuzokhinyabeza izimo zenhlalo noma zomnotho zowesifazane. Ukukhipha isisu kungenzeka futhi emva kwesonto lama-20 uma udokotela, emva kokuxoxisana nombelethisi osemthethweni, ukholelwa ukuthi ukuqhubeka nokukhulelwa kuzobeka engozini impilo yowesifazane, kungaholela ekonakaleni kombungu noma kunobungozi bokulimala kombungu. Ngokusho koMthetho, bonke abesifazane, ngisho ngabe yizingane ezingaphansi kweminyaka eyi-18 ubudala, banelungelo lokukhipha isisu. Abayidingi imvume yomzali noma yomnakekeli wabo.",zul,human,0
"Kwenzeke isigameko esibuhlungu esithuthumela izwe esethaveni yaseNyobeni lapho intsha esencane isishone esibhicongweni. Kutshelwe ukuthi izingane ezingama-21 zitholakale sezishonile kuleli lwandle. Phakathi kulezi zingane, ingane encane kakhulu yayineminyaka eyi-13 kuphela. Isizwe sisondele ngezinhliziyo ezibuhlungu ngenxa yalesi sifo esishiye imindeni eminingi idabukile.",zul,machine,1
"I-BRICS ibonakala njengumongo obalulekile wokukhula nentuthuko yezomnotho eNingizimu Afrika. Lokhu kuhambisana nezinguquko zemifelandawonye emhlabeni jikelele ezilethwe ngukuphela kwempi iCold War. Kubonakale ukuthi amazwe kumele ""aphinde aphose udobo lawo"" ukuze akwazi ukuzuza kabanzi ezindabeni zamazwe ngamazwe. Le nyathelo lihlose ukuqinisa isikhundla seNingizimu Afrika emhlabeni jikelele.",zul,machine,1
"IMithetho-sivivinywa emithathu ebalulekile ehlobene neGBVF yethulwe ePhalamende muva nje. Ngokwethulwa kwale Mithetho-sivivinywa, sigcina isethembiso esasenza kubabhikishi ngonyaka odlule nakubobonke abesifazane bakuleli lizwe. IMithetho-sivivinywa echitshiyelwe emithathu yenzelwe ukuvala igebe elivumela izaphula-mthetho ukubalekela ubulungiswa futhi inika ngokugcwele abesifazane nabantwana bezwe lethu amalungelo. Le Mithetho-sivivinywa, uma isiphasisiwe yaba imithetho, izosiza ukubuyisa ukuzethemba kwabesifazane bezwe lethu njengoba umthetho ukhona ukuze ubavikele.",zul,human,0
"Ukuxoxisana nabantwana kubaluleke kakhulu ukuze abazali bakwazi ukuqonda imizwa nezinselelo ezibhekene nezingane zabo. Lokhu kwenza ukuba ingane izizwe ithembeke futhi iphephile, okuyikho okuyisisekelo sokwakha ubudlelwano obuqinile. Uma abazali bexoxisana nezingane, kuba lula ukubona izimpawu zodlame noma ukuhlupheka, okusiza ekutheni zingane zivikelwe masinyane. Ngakho-ke, kubalulekile ukudala isikhala sokukhuluma ngokuvuleka ukuze amalungelo ezingane ahlonishwe futhi avikelwe.",zul,machine,1
"Ukwakha isisekelo esiqinile sotshalomali kubalulekile ekukhuliseni umnotho nasekuqinisekiseni ukuthi izimali zisebenza ngendlela efanele. Ngokubamba inkqungquthela yotshalomali yokuqala ngo-2018, saqala uhambo lokunqamulela imali engama-R1.2 billion ekuvuseleleni imikhakha emisha yokutshala imali. Lokhu kuzosiza ekudaleni amathuba emisebenzi nasekuqinisekiseni ukuthi isisekelo sezomnotho siba namandla kakhulu eminyakeni ezayo.",zul,machine,1
"Ngiﬁ sa ukubonga Izinhlangano Ezizimele (NGOs) eziningi, amaqembu ezenkolo kanye nezakhamuzi zakithi ezinikele imali nokuvolontiya ukusiza ngokudla kwabalambile na-baphofu. Ukuqeda indlala akusona isenzo sokupha. Kubalulekile kunoma umuphi umphakathi ophila ngokuhlonipha amalu-ngelo abantu. Sisesikhathini empini yethu nalolu bhubhane lapho uku-thatha izinto kalula kungaba yingozi enkulu.",zul,human,0
"INingizimu Afrika isondele ekupheleni kwesimo senhlekelele kuzwelonke. Uhulumeni ukwazise ukuthi kuyinhloso yakhe ukuqeda lolu simo ngokushesha, kodwa lokhu kuncike ekwenzeni izinyathelo ezithile ngaphansi koMthetho Wezempilo Kuzwelonke. Kumele kuqinisekiswe ukuthi zonke izidingo nemithetho yokunqanda lolu bhubhane seziqedile ngaphambi kokuba kuthathwe lolu nyathelo.",zul,machine,1
"Ukuze kuqinisekiswe ukuthi amalungu e-GEPF kanye nemindeni yabo ba phatheka ngendlela efanele, ibhodi lisanda kusungula ihhovisi elizosingatha izi khalazo. Ihhovisi Elilamula Ezezimpesheni Zabasebenzi bakaHulumeni (i-GEPO) iyi hhovisi langaphakathi kodwa elizimele le-GEPF. I-GEPF ibalwa kanye nezinye izikhwama ezinkulu zempe sheni emhlabeni, inamalungu angaphezulu kwesigidi esi1.2 futhi inabantu abahola impesheni nalabo abahlo mulayo abangaphezulu kwezi-450 000. Lesi sikhwama sasungulwa futhi silawulwa ngokoMthetho Wezimpesheni Zabasebenzi bakaHulumeni.",zul,human,0
"“Kuzoba bucayi kakhulu, njengoba siqalisa lo msebenzi, ukuthi zonke izinsiza esizitholayo zisetshenzi-selwe lokho okuhlosiwe ngazo futhi zifinyelele kulabo ezibafanele. Angeke siyivumele inkohlakalo, ukungaphathi kahle noma ukukhwabanisa kwanoma iluphi uhlobo,"" kugcizelela uMongameli. Usizo oluzigaba zintathu UMongameli u-Ramaphosa uthe uhulumeni uzobhekana nale nhlekelele ngezigaba ezintathu. Uzoqale agxile ekusizeni abantu ngokushesha, kuqinisekiswe ukuthi wonke umuntu othintekile uphephile futhi izidingonqangi zabo zikhona.",zul,human,0
"Intsha iyigugu elibalulekile elithwala ikusasa lesizwe sethu. Kukhumbuleka ngobuhlungu ukuthi abasha abaningi balahlekelwa izimpilo zabo ngenxa yombuso onesihluku owawungabi nandaba nezimpilo zabantu abamnyama. Lokhu kusifundisa ukuthi inkululeko yanamuhla ithengwe ngegazi lezi zigugu zethu. Ngakho-ke, kufanele sibahloniphe futhi sibaqondise ukuze baqhubeke nokwakha ikusasa elingcono.",zul,machine,1
"Kodwa-ke ukuze siqinisekise impumelelo kulokhu, kuzo fanele kube nesivumelwano phakathi kwamabhizinisi, ezabasebenzi kanye no mphakathi hhayi nje kuphela ezinguqukweni ezidingekayo, kodwa ekuhwebelananeni okudingekayo ukufeza izinjongo zethu. Ngesikhathi umnotho wethu uthatha isikhathi ukuvuka futhi nohlelo lwethu lwezi nguquko luqala ukusebenza, sizoqhubeka nokubheka uchungechunge lwezi ngenelelo ezizohambisana nokuseka ukusungulwa kwe misebenzi. Ngokuhambisana nezinyathelo ezeseka uku khula komkhakha ozimele, sizokwandisa amathuba emi sebenzi emphakathini futhi siqinisekise ukuvikeleka ngokwezenhlalo kulabo aba-buthakathaka kakhulu. Ukukhula kwamathuba emisebenzi, kanjalo nezi nye izimpawu ezibuyisa ithemba zokuvuka komno tho, kufanele zisigqugquzele ukuphokophelela pha mbili nezinguquko futhi siqalise ukusebenza koHlelo Lokwakha Kabusha Noku vuselela Umnotho ukuze sizovula indlela yotshalomali nokukhula komnotho.",zul,human,0
"Lolu hlelo lunikeza abantu ithuba lesibili lokuthi bakwazi ukuthola isitifiketi sabo somatikuletsheni. UDkt u-Sandy Malapile ugcizelela ukuthi lolu sitifiketi lubaluleke kakhulu ngoba luvula iminyango yamathuba eminingi. Ngaphandle kwaso, amathuba emisebenzi nezemfundo ayihlala avalekile kubantu abaningi. Ngakho-ke, lolu hlelo lunikeza abantu ithemba lokwakha ikusasa elingcono.",zul,machine,1
"Ucwaningo oluqhutshiwe ngababambiqhaza luveza ukuthi unyaka nje owodwa wesipiliyoni somsebenzi kuCV , nencwadi ewubufakazi ngamakhono nolwazi lomu ntu (i-reference letter), kwenyu sa amathuba okuthola komu ntu umsebenzi ngokuphindwe kathathu. UTemane wengeze ngoku thi uyawuthanda umsebenzi wakhe, ikakhulukazi ngoba uphinde athole ithuba loku siza abantu abasha ukuze bathole imisebenzi njengo -ba phela enza umsebenzi njengemfundamakhwela eqa sha abantu. Ekwethulweni kohlelo lweYES uMongameli Ramapho sa waboniswa abantu abasha bokuqala abayi-100 abazoqa shwa ngalolu hlelo ngaba kwa-ABSA, Investec, Netcare, Sasol nabakwa-Unilever. “Sibona leli cebo njenge nsika eyodwa ewumzamo ka zwelonke obanzi nodidiyelwe ukuze kudalwe amathuba kubantu abasha.",zul,human,0
"Isichotho se-corona sinamandla amakhulu futhi senza umonakalo ongaphezu kweminye esake sayibona ngaphambilini. Lokhu kuyaziqeda izinsizakalo zethu kanjalo namandla ethu oku-phikelela aya ngokuya esiphelela.Ukudlondlobala kwamanani abantu abatheleleke ngegciwane ososayensi ababesixwayise ngako esikhathini sezinyanga ezingaphezu kwezi-3 ezidlule sekusificile. Kwaqala eNtshonalanga Kapa kanti kuyaqhubeka eMpumalanga Kapa nase-Gauteng.Yize noma, izibalo zabantu abatheleleke ngegciwane zikhula ngamandla, kusemqoka ukuqaphela ukuthi izinga lokudlula kwabantu emhlabeni eliyi-phesenti eyi-1.5 lingelinye laphansi kakhulu emhlabeni. Lokhu kuqhathaniswa nezinga lokudlula kwabantu emhlabeni elingamaphesenti ayi-4.4.",zul,human,0
"I-PrEP iyisikhali esibalulekile sokuvikela ukugubha kwesifo se-HIV emzimbeni. Lokhu kubaluleke kakhulu kubantu abahlushwa udlame olubhekiswe kwabesifazane nokubulawa kwabesifazane (i-GBVF), njengoba lolu dlame luvame ukuhambisana nokugubha kwesifo. ISikhwama Esibhekele uDlame Olubhekiswe Kwobulili (GBVF) sihlose ukuqinisekisa ukuthi iNingizimu Afrika iyaqeda nya lolu dlame olubhekiswe kwabesifazane nabantwana. Ngakho-ke, ukufinyeleleka kwe-PrEP kuyingxenye ebalulekile yokuvikela impilo yabantu abasedukweni ngesikhathi kuthathwa izinyathelo zokunqanda udlame.",zul,machine,1
"UHlelo Loxhaso Lwezemisebenzi LukaMongameli luqhubeka nokudala amathuba omsebenzi emiphakathini. Lolu hlelo luqale ngonyaka odlule ngenhloso yokudala inqwaba yemisebenzi ngesikhathi esifushane. Ukuze lokhu kwenzeke, kusebenzisa izindlela ezintsha namasu ahlukile okusebenza. Lokhu kusiza kakhulu ekunciphiseni izinga lokungasebenzi ezweni.",zul,machine,1
"Onyakeni owedlule, u-SARS uphothule ucwaningo lwezindlela zokuphila okuholele ekuqoqweni kwezinye izigidi ezingamaR474. Njengoba siphokophelele phambili nemizamo yokuqinisa amandla ombuso nokwakha kabusha izikhungo ebeziqedwe amandla ukuqhwagwa kwamandla ombuso, kuningi okusafanele sikufunde kulokho okuzuzwe ngu-SARS esikhathini esifushane. Uma izikhungo zikahulumeni zilawulwa kahle futhi ngempumelelo, uma zibonisa ukuthembeka nokuba neqiniso ekusebenzeni kwazo, lokhu kufaka isandla ekwenyuseni ukuthembeka kuhulumeni. Ukuzithemba kumabhizinisi nakubatshalizimali nakho kuba ngcono, kugqugquzeleka utshalomali olukhulu kanye nokukhula komnotho.",zul,human,0
"Ubhejane busengozini enkulu ngenxa yokuzingela ukuze kutholwe izimpondo zawo. Umbiko wekota yokugcina ka-2017 ukhombisa inqubekela phambili ekuboshweni nasekugetshweni kwabazingela, okuyinto eyethisayo. Kubalulekile ukuthi sonke sibambisane ukuze sivikele lezi zilwane azinyamalali. Masisebenze ngokuzikhandla ukusindisa obhejane bakithi ukuze zigcinele izizukulwane ezizayo.",zul,machine,1
"Kusekuningi kakhu-lu okumayelana nalolu bhu-bhane lwegciwane okungazi-wa. Kungcono ukuphambukela ohlangothini lokucophelela kunokuthi kusasa silahlekelwe ngokwahlulelwa. Ngesikhathi kusenokwehluka kwemibono kwezinye zezi-nqumo esizithathile – kwesinye isikhathi lokhu kunombono owehlukanisa abantu – uhu-lumeni wenza yonke imizamo ukukwenza ngendlela ezokwe-nza ngcono amalungelo empilo nesithunzi sabobonke abantu bakithi.Ekulaleleni abantu bakithi nokukhathazeka kwabo ngalesi sikhathi kube ngeye yezinto ezehlukile esinazo zokuthi uhu-lumeni ululawule kanjani lolu bhubhane. Siyaqhubeka uku-lalela ukukhathazeka kwabantu bakithi futhi sizimisele ukwenza izinguquko ezizohambisana nokukhathazeka kwabantu ngezingqinamba abahlangabe-zana nazo nesidingo sokuphe-phisa izimpilo.Kulesi sikhathi esinzima, ama-ndla ethu sonke kumele siwa-bhekise ekuqinisekiseni ukuthi ezempilo nempilo kuyagcinwa, ukuthi ukuthuthwa kokudla, amanzi, usizo lwezempilo, ukuphepha komphakathi no-kwesekwa komphakathi aku-phazamiseki.",zul,human,0
"Ama-Enterprise okuhleliwe uhulumeni (Ama-SOE) adlalela indima ebalulekile ekuthuthukiseni umnotho wezwe. Ngokuhlinzeka ngezinsiza ezibalulekile njengezombane namanzi, la mabhizinisi aqhuba ukukhula kwezomkhizana kanye namabhizinisi amancane. Ngaphezu kwalokho, ama-SOE kumele aqinisekise ukuthi kukhona izinguquko ezibambekayo ngokudala amathuba emisebenzi nokulwa nobumpofu emiphakathini. Ukuze lokhu kwenzeke, kubalulekile ukuba abe nokuphathwa okuphumelelayo nokuziphatha ngokuqotho.",zul,machine,1
Ukuqedwa komshado ngokomthetho kusho ukuphela kobudlelwane phakathi kwabantu abashadile ngokusemthethweni. Lokhu kwenzeka lapho kutholakala ukuthi ayisekho nhlobo indlela efanelekile engasetshenziswa ngayo ukuze kuvuselelwe ubudlelwane. Le nqubo ihlinzekela ngokwahlukaniswa kwempahla ehlanganyelwe noma ukuqinisekisa ukuthi imigomo abavunyelwane ngayo iyalandelwa.,zul,machine,1
UPhiko Lohlelo lukaHulumeni Lwezokuxhumana Nokudluliswa Kolwazi (i-GCIS) kanye ne-Digify Africa sebebambe isithangami ku-inthanethi kanye ne-Media Monitoring Africa (i-MMA) kanye ne-Film and Publication Board. Lolu hlelo luhlose ukuqwashisa nokufundisa ngendlela yokugcina abantwana bephephile lapho besebenzisa inthanethi. Lezi zinhlangano zigcizelele ukubaluleka kokuthi abazali baqaphele imisebenzi yabantwana abo ku-inthanethi ukuze bavikeleke ezingozini ezahlukahlukene.,zul,machine,1
"Lapho kudingeka khona, ilawula ukwesekwa kweminyango ngokobuchwepheshe. Umbiko wekota wakamuva ucacisa inqubekelaphambili eyenziwe iOperation Vulindlela kanye neminyango ebhekene nalezi zinguquko. Kuwona wonke uhulumeni, sigxile kwizinguquko eziyisisekelo futhi eziguqukayo; ezakha kabusha indlela umnotho wethu osebenza ngayo. Lokhu kubandakanya ukufakwa endalini kobuxhakaxhaka bezokuxhumana ngamagagasi omoya okudingeka kakhulu, obekumiswe iminyaka engaphezu lwelishumi nokuze kwagcina sekuphothuliwe ngoNdasa.",zul,human,0
"Sifuna ukuqhubeka nezimpilo zethu. Sifuna abangani bethu nabathandiweyo bethu bahlale benempilo futhi be phephile. Njengesizwe, asiqhubeke sisebenze ngokubambisana ukuqinisekisa ukuthi siqhubekela phambili. Ukwehlela esigabeni sesi2 sokuvalwa kwezwe akuyona nje ‘inkululeko kawonkewonke.’ Imithetho yokuqhelelana, ukugqokwa kwezifonyo, imibuthano yomphakathi kanye noku vakashela amanye amazwe isamile.",zul,human,0
"Bekumele sicabange ukuthi ukuvaleleka emakhaya amavi-ki kuzosho ukuthini kubantu abasebenzayo abangezukukhokhelwa amaholo ajwayele-kile, kubantu abangasebenzi nakulabo abasafuna umsebe-nzi, kulabo abatohozayo, ku-labo abathengisa emgwaqeni, kulabo abaphofu nalabo ababuthaka. IKhabhinethi izoqedela iqoqo lamaqhingasu azosetshenziswa ukubhekana nomthelela woku-valwa kwezwe ezimpilweni zabantu bakithi. Lokhu kwa-ndulelwe imihlangano ehlukahlukene nalabo abathinteka-yo kubandakanya amabhizini-si, abasebenzi, izinhlangano zezenkolo, umphakathi kanye noMkhandlu Oyala uMonga-meli Kwezomnotho. Esisebenzisana nabo empha kathini sebelethe izicelo eziningana zokungenelela ezi ngasiza ebuthakathakeni kwalabo abadla imbuya ngothi, iningi labo abaphila ngokusi-zwa ngumphakathi.",zul,human,0
"Ngesikhathi imikhakha ye-zomnotho eminingi ikwazile ukusebenza futhi izinyanga eziningana, kuzothatha isikhathi ukuthi umnotho uphinde usimame nokubuyiselwa kwemisebenzi elahlekile. Njengoba unyaka omusha uqala, imindeni eminingi isakhahlamezekile ngenxa yobhubhane ezimpilweni zabo nasendleleni yabo yo-kuphila.Umhlaba usungena onya-keni wesibili wobhubhane lwegciwane le-corona. INingizimu Afrika, njengamanye amazwe amaningi emhlabeni jikelele, unyaka wezi-2021 uzoba nenselele kakhulu. Ihlandla lesibili lokusu-leleka nge-COVID-19 linga-landelwa ngezinye izigaba zokwesuleleka, okuzobeka engcupheni impilo yabantu bakithi kanye nokuvuselelwa komnotho wethu.Noma ngabe lo nyaka uzoba nzima kangakanani, ngiqini-sekile ukuthi sizolunqoba lolu bhubhane sibeke izwe lethu endleleni eya ekulula-meni.Ukuzithemba kwami ku-vela kubantu baseNingizimu Afrika.",zul,human,0
"Ngempelasonto eyodwa nje, abantu abayisikho mbisa babulawa, okwaholela emibhikishweni. Lokhu kulahleka kwempilo kuyadabukisa, njengoba kungukubulawa komuntu wase-Afrika ophuma e-Zimbabwe ezandleni zezingqapheli ezizibeke zona. Ubugebengu buyinkinga enkulu kuleli lizwe. Buthinta yonke imiphakathi futhi nabantu kuyezwakala ukuthi sebekhathele ukuphila ngokusaba izigebengu.",zul,human,0
"Njengomqashi wesikhungo sokuthuthuka kwabantwana, kunemisebenzi yomthetho okumele uyenze ukuze uqinisekise ukuphepha kwezingane. Kubalulekile ukuhlola ukuthi abasebenzi bakho abakhona yini kwiRejista Likazwelonke Lezephulamthetho Zocansi. Lokhu kusiza ekunqandeni ukuthi abantu abake baphambana nomthetho ngokocansi bangasebenzi nabantwana. Ukulandela lo mthetho kuvikela izingane futhi kuqinisekisa ukuthi zikhula endaweni ephephile.",zul,machine,1
"Uhlelo Lokwesekwa No kuthuthukiswa Kwabalimi selusize abantu abasha aban jengoWayne Mansfield (one minyaka engama-33 ubuda la) wasePaarl, osuke ekubeni asebenze njengomdayisi kamalume wakhe eMakethe yaseKapa ngesikhathi esa funda isikole njengoba ma nje esedayisa olamula bakhe abatshale esiqeshini somhla ba asiqashile. Eminyakeni eyishumi eye dlule, ngesikhathi engusoma bhizinisi oneminyaka enga ma-23 ubudala, uMansfield walahla ithuba lokusebenza epulazini ayebheka kulona olamula ukuze athengise kabusha. Ngaleso sikhathi wayengenandaba nokulima. Kodwa-ke, iminyaka emba lwa eyalandela, wawushi ntsha umqondo lapho ebona ukukhula kwesidingo sola mula.",zul,human,0
"Usuku Lomhlaba Lokunqanda UkuzibulalaUsuku Lomhlaba Loku-nqanda Ukuzibulala lwabekwa ngokuse-mthethweni yiNhlangano Yomhlaba Jikelele Yoku-nqanda Ukuzibulala mhla ziyi-10 kuMandulo 2003. Izinhloso zayo kwakungu kunqanda ukuzibulala kanye nendlela yokuziphatha enga holela ekuzibulaleni, isiza ngokunciphisa umthelela wakho futhi ihlinzeka ngenkundla yezifundiswa, ochwepheshe bezempilo abelapha ngokwengqondo, abasebenzi bezimo ezibucayi, amavolontiya nabasinde ekuzibulaleni. Ngokusho kweThimba laseNingizimu Afrika Lokukhathazeka kanye Nexhala (i-SADAG), zingama-23 izi gameko zokuzibulala kanti futhi zingama-230 izigameko ezinzima zokuzama ukuzi bulala eziqoshwa nsuku zonke eNingizimu Afrika. “Ukuzibulala kusalokhu kuyisihloko esingumhlola ongamukelekile emphakathini wakithi – akekho namunye ofuna ukukhuluma ngakho; akekho owaziyo ukuthi kukhulunywa kanjani ngakho futhi abazali abafuni ukukhuluma ngakho kubantwana babo besabela ukuthi kungahle ‘kutshale umqondo othile wokuzibulala’.",zul,human,0
"Izakungelele zikhumbuza abantu ukuthi baqaphele kakhulu ukuze bangabi izisulu zokushushumbiswa kwabantu. Kunconywa ukuba ugweme ukuhamba wedwa, ikakhulukazi ebusuku noma emigwaqeni engenabantu. Futhi, kubalulekile ukuthi uhlale uqapile futhi wazi ukuthi kwenzakalani endaweni okuyo ngazo zonke izikha ukuze uqinisekise ukuphepha kwakho.",zul,machine,1
Abafundi babhekene nezinselele eziningi ngenxa yesifo se-COVID-19 kanye nemikhawulo yokuvalwa kwezwe. Lokhu kuholele ekutheni kube nokuguquka okukhulu endimeni yezokufunda nokufundisa. Kubalulekile ukuba abafundi basizwe ukuze bakwazi ukubhekana nalezi zinselele futhi baqhubekele phambili empumelelweni yabo.,zul,machine,1
IPhiko likaHulumeni lwezokuxhumana nokudluliswa kolwazi (i-GCIS) lihlinzeka ngolwazi olubalulekile kubikashise kubantu bakithi. Lolu lwazi lutholakala ngezilimi zesiNgisi nesiZulu ukuze kuqinisekiswe ukuthi wonke umuntu uyaluqonda kalula. Inhloso yalesi senzo ukuthuthukisa ukuxhumana phakathi kohulumeni nomphakathi. Izakhamuzi zikhuthazwa ukuthi zisebenzise lezi zinsiza ukuze zithole imininingwane ezisemthethweni.,zul,machine,1
"Kubalulekile ukuba abazali nabagadi babone izimpawu zomdlavuza ezinganeni kusasele isikhathi ukuze kutholakale usizo olusheshayo. Bhekani izimpawu ezifana nokulahlekelwa isisindo ngaphandle kwesizathu, imishishi noma amabala angajwayelekile emzimbeni, kanye nomkhuhlane ongapheli. Ukukhathala ngokweqile kanye nobuhlungu obungaqondakali emizimba yabo kungaba wuphawu olubalulekile. Uma ubona lezi zimpawu, shesha ukuyisa ingane ekliniki noma esibhedlela ukuze ihlolwe odokotela.",zul,machine,1
"Kubalulekile ukuthi wonke umuntu abambisane namaphoyisa ukuze kulwe nobugebengu obubhekene nethu. Ngokubika izinto ezibonakala zingekho emthethweni, sisiza ekugcineni ukuphepha kwezindawo esihlala kuzo. Uma sisebenzisana, kuba lula ukubamba abenzi bobugebengu nokuvimbela izenzo eziyingozi. Ngokubambisana, singakha iNingizimu Afrika ephephile nenokuthula kuwo wonke umuntu.",zul,machine,1
"Imisebenzi yomnotho enobungozi obuphezulu ayivumelekileImisebenzi enobungozi obuphezulu izoqhubeka nokungavumeleki. Le mi sebenzi ibandakanya: • Izindawo zokuhlala phansi udle, izindawo ezithengisa nezokuphuzela utshwala, ngapha ndle uma kuhanjiswa noma kulandwe ukudla.• Izindawo zokuhlala kanye nezindawo zokuhamba ngezindiza zalapha ekhaya, ngaphandle uma uhamba ngomsebenzi, okuzo vunyelwa ngezinsuku ezisazomenyezelwa ngokusemthethweni.• Izingqungquthela, imi cimbi, ukuzijabulisa kanye nemidlalo.• Ukuzicwala, okubandakanya ukulungiswa kwezinwele kanye nemisebenzi nokuziphaqu la. Ukuhamba kwabantu kanye nokuthengiswa kotshwalaAbantu bazovunyelwa ukuba bakwazi ukuzivocavoca noma nini ngezikhathi zasemini, kuye ngokuthi lokho abakwenzi ngamaqembu. Umthetho we washi ovimbela ukuhamba kwabantu uzosuswa.“Utshwala bungathengi swa ukuphuzelwa ekhaya ngaphansi kwemigomo eqinileyo, ngezinsuku ezithile futhi ngamahora athile.",zul,human,0
"Ibamba lomphathi wesiteshi sokuphehla ugesi e-Matimba Power Station, u-Obakeng Mabotja, uthi ukushoda kwamandla kagesi eNingizimu Afrika kunomthelela omubi kakhulu ezimpilweni zabantu. Uveze ukuthi lokhu kushoda kwamandla kuphazamisa kakhulu imisebenzi yansuku zonke kanye nokuthuthukiswa komnotho wezwe. Ngakho-ke, ukukhanyiswa nokucishwa kukagesi kubonakala kube yisikhubekiso esikhulu ekunqubeni kwempilo yabakwaNingizimu Afrika.",zul,machine,1
"UMnu Mabitsela, odabuka endaweni yase-Modimolle e-Limpopo, ubhekane nenkinga yokwebiwa kukamazisi kwakhe. Lokhu kwavezwa ngoLwezi kowezi-2020 lapho efaka isicelo semali-mboleko ebhange. Isicelo sakhe sanqotshwa ngokuthi usungele izikweletu eziningi ngokwedlulele, okwenze ukuthi angabi fanelekile ukuthola lowo mboleko.",zul,machine,1
"Be-kumele siqhathanise ubungako bokuvalwa kwezwe nobukhu-lu bemikhawulo okuzomelwe ibekwe. Sikhethe ukuba sohlangothini lokuqaphela. Futhi ngokombiko owethulwa nguNgqongqoshe Wezempilo kungekudala, ukuvalwa kwe-zwe ngesikhathi esakwenza ngaso kwehlise izinga lo-kusuleleka, futhi okubaluleke kakhulu, kusinikeze isikhathi sokulungiselela ukubhebhe-theka okukhulu ekusulelekeni okungenzeka emavikini nezi-nyanga ezizayo. Bekumele sicabangele no-mthelela emnothweni osuvele untengantenga esikhathini eside nesifushane, nomthele-la walokhu kuphazamiseka okukhulu ezimpilweni zezigidi zabantu.",zul,human,0
"Ngaphansi kwalezi zimo ezi-ngajwayelekile, njengohulu-meni, njengomunye nomunye nanjengomphakathi ngesinye isikhathi amaphutha sizowe-nza. Uma lokho kwenzeka, sizowalungisa. Kodwa kumele siqhubekele phambili, singa-ngenwa itwetwe noma singa-lahlekelwa ukuzimisela.Isimo esizithola sikuso sidinga isibindi nokubekezela. Sidinga ukufiselana okuhle noku-thembana phakathi kwakho, isakhamuzi, kanye nohulumeni, naphakathi komunye nomunye.",zul,human,0
"I-CGE ihlinzeka ngethuba elibalulekile lokufinyelela kwezobulungiswa kubantu abadinga usizo. Isiza kakhulu ezindabeni zemali yesondlo somntwana, ekulweni nokubandlululwa ngokobulili, kanye nokulwa nodlame olubandlulula ngokobulili (GBV). I-CGE iphinde isize izisulu zokunukubezwa kwezocansi ngokunikeza izinsiza ezifanele kanye nokwelulekwa kwamahhala kwezomthetho. Lokhu kuqinisekisa ukuthi wonke umuntu uthola ubulungiswa nokuvikelwa kwamalungelo akhe.",zul,machine,1
"Sesadlula isikhathi lapho sasingathi akekho umuntu esimaziyo otheleleke ngegciwane lecorona . Manje abangani bethu, nemindeni, ozakwethu kanye nomakhelwane bethu badinga ukuhawukelwa nokuthi sibazwele kakhulu kunakuqala. Ezinsukwini, emasontweni nasezinyangeni eziseza, kuzoba nezikhathi esizozithola si-xakekile futhi sesaba njengoba sibona isibalo sabantu abathelelekile nabashonayo sinyuka. Kungenzeka ukuthi izinto sezonakele kakhulu, kodwa sinesiqiniseko sokuthi zizoba ngcono.",zul,human,0
"Ibamba lomphathi wesiteshi sokuphehla ugesi e-Matimba Power Station, u-Obakeng Mabotja, uveze ukukhathazeka kwakhe ngokushoda kwamandla kagesi eNingizimu Afrika. Ubika ukuthi lokhu kukhanyiswa nokucishwa kukagesi kunomthelela omubi kakhulu ezimpilweni zabantu nsuku zonke. Uphinde ugcizelele ukuthi le nkinga ihambisana nokubamba phansi komsiziwe nemisebenzi ebalulekile emphakathini.",zul,machine,1
"Ngosuku lokuqala lonyaka kowezi-2022, isizwe sabuthana ndawonye ngomoya wokuzovalelisa uMbhishobhi omkhulu Desmond Tutu esontweni i-St George’s Cathedral eKapa. Kwakungumzuzu obuhlungu kakhulu, lapho izinhliziyo zabantu zikhala ngokulahlekelwa inkosi yobulungiswa nokuthula. Lolu hambo lusikhumbuza ukuthi manje sekuyisikhathi sokuba sisebenze ngokubambisana ukuze siqinise intando yeningi labantu. Ngokubumbana, singakwazi ukuphakamisa ifulela lothando nokulungiseka uTutu ayelilwela impilo yakhe yonke.",zul,machine,1
"Imidlavuza ezinganeniImidlavuza ehlasela izingane yehlukile kunaleyo ehlasela abantu abadala. Ijwayele ukuhlasela izitho zomzimba, ibukeka ngokuhlukile ngaphansi kwesibonakhulu futhi iyaye ihambisane kahle nemithi yokwelapha, kusho u-Seegers.“Amazinga okwelapheka kwemidlavuza eminingi yezingane makhulu ka khulu kunemidlavuza ehlasela abantu abadala. Namuhla, emazweni asathuthuka, iningi lemidla vuza yezingane ingalapheka ngempumelelo, futhi epha kathi kwama-50% nama-60% ingalashwa. Emazweni ace bile, izinga lokusinda lingaba phakathi kwama-85% kuya kuma-90%.”Izingane eziningi kudinga zihlonzwe ngesikhathi isifo lesi sisesemazingeni aphansi futhi bathole ukwelashwa okuyikho – ezikhungweni zokwelapha okukhethe kile okunikezwa ngongoti abafanele – uma sifuna ukuthuthukisa izinga loku lapheka.",zul,human,0
"Ngosuku lokuqala lonyaka kowezi-2022, isizwe sabuthana ndawonye ngomoyawokuzovalelisa owayenguMbhishobhi omkhuluu-Desmond Tutu esontweni i-St George’s Cathedral eKapa. Kwakungumzuzu obuhlungu kakhulu ngesikhathi sikhumbula impilo negalelo lesakhamuzi esithandekayo sezwe lakithi, ngezindlela eziningi, ebesingunembeza wokuziphatha esizweni sakithi. Ngesikhathi esifanayo, umngcwabo wakhe wabungaza ubugugu ayebumele. Kwakungumbungazo wobumbano kanye nokuhlukahlukana kwabantu bakithi, futhi kuyisikhumbuzo sokuzidela okwenziwa ngabantu abaningi ukuze sizuze intando yeningi labantu ezweni lakithi.",zul,human,0
"Ezinyangeni ezintathu emva kokumemezela izwe njenge lingasenalo igciwane lecorona, i-New Zealand isiphinde yaba ngaphansi kokuvalwa kwezwe. Yize ukuqubuka kwegciwane kwakamuva kwaba nezigameko ezimba lwa, uhulumeni waphinde wabeka imikhawulo yoku valwa kwezwe ngokupha zima kweso. Imikhawulo efanayo kumele ukuthi iphinde ibekwe ezingxenyeni ezini ngi zaseYurophu njengo ba bebhekane ‘nehlandla lesibili’ lokusuleleka. Lezi zigameko zibonisa ukuthi izinto zingaguquka kanjani ngokuphazima nje kweso ngenxa yeCOVID-19 .",zul,human,0
"Intsha iyigugu elikhulu nesisekelo sekusasa lethu. Siyabakhumbula abasha abanikele ngezimpilo zabo belwa nobumbuso obunesihluku ukuze thina siphile ngokukhululeka. Ngakho-ke, kubalulekile ukuthi sibahloniphe, sibafundise, futhi sibaxhase abasha banamuhla. Lokhu kuzosiza ekwakheni isizwe esiqinile nesinempumelelo.",zul,machine,1
"Abavoti ababhalisiwe, abanemininingwane yabo yekheli engekho ohlwini lwabavoti, bangahlinze-ka imininingwane edingekayo esikhungweni sabo sokuvota ngesikhathi sokubhalisa. “Sidinga ukuthi abavoti bafike futhi basebenzise ithuba,” kusho uMamabolo. “Ikhomishani Yokhetho Ezimele ayikabi namakheli abavoti cishe abayizigidi eziyi-2.8. ngaphezu kwalokho sinamakheli ayizigidi eziyi-3.5 abekwe kuhlu ‘lwa ngaphelele’ noma ‘angacacile’.",zul,human,0
"I-Operation Vulindlela iyinhlelo kahulumeni ehlose ukususa izithiyo ezivimbela ukukhula komnotho waseNingizimu Afrika. Le nhlelo igxile ekulungiseni imikhakha ebalulekile efana namandla, ezokuthutha, kanye nezobuchwepheshe bokuxhumana. Ngokwehlisa izindleko zezinsizakalo nokuthuthukisa amathuba emisebenzi, kuvuleka indlela yokukhanga utshalomali olusha. Lokhu kuzosiza ekutheni izinkampani zikhule futhi kube nokuthuthuka komnotho ezizweni zonke.",zul,machine,1
"Lokhu kulandela uphenyo olwenziwe i-SIU oluthole ukungalandelwa komthetho okuningi, kubandakanya nokukhokhelwa kwezinkampani zingakawenzi umsebenzi nguMnyango Wezemi sebenzi Yomphakathi Nezingqalasizinda. Emavikini ambalwa edlule, iNkantolo Ekhethekile isibuyekeze futhi yabekela eceleni izinko ntileka ezingalandelanga umthetho zenani elinga phezu kwezigidi eziyi-R100 eziphume ekuthengweni kwempahla yeCOVID-19. INkantolo Ekhethekile iphinde yaphumelela ekubuyiseni imali kwizikhulu eziphezulu zezinkampani eziphethwe nguhulumeni ezazenza imisebenzi yamabhizinisi ngokungalandeli umthetho. Isibonelo, ngonyaka owedlule isikhulu saphambilini saseTransnet sayalelwa ukuba sikhokhe izigidi ezingama-R26 esazithola njengomnini-zabelo wenkampani yonjiniyela eyanikwa inkontileka ye-Transnet ngesikhathi sisesengumsebenzi wa khona ngokuphelele.",zul,human,0
"Usuku nje olujwayelekile lukaMdletshe luqala ngohla lwemikhumbi efikayo neha mbayo, konke okufanele kuqedwe ekupheleni kwe langa. “Siqala ukusebenza umsebenzi ophathelene ne mikhumbi ekuseni ngehora lesi-06:00 siqede ngehora lesi17:50 ntambama. Ngokuva mile, izikebhe ezimbili ezido nsa ezinye zisebenza nda wonye, futhi ngasinye sipho thula cishe imisebenzi eyi sishiyagalombili. Bese emva kwalokho, kufanele siqedele wonke umsebenzi obhaliwe.",zul,human,0
"Zijwayeze umkhuba wokuhlala ubheka izingane zakho nja lo, ukuze uzokwazi ukuthi zikuphi. Ngemininingwane ethe xaxa ngokushushumbiswa kwabantu shayela le Nombolo Yezimo Eziphuthu mayo yamahhala yokuShushu mbiswa Kwabantu Ku zwelonke ethi: 0800 222 777. Ukubika ngokushushu mbiswa kwabantu shayela le nombolo yama phoyisa ethi: 10111.Lolu lwazi luhlinzekwe nguMnyango Wezobulungiswa Nokuthuthukiswa KoMthethosisekelo",zul,human,0
"Kukhona ukukhathazeka okukhulayo mayelana nobungozi bobubhoklolo obenziwa nge-inthanethi obuhlasela abantwana. Isihluku kanye nemiphumela emibi yalesi senzo sebuqili sekuvezwe obala ezinyangeni ezisanda kudlula. Esigamekweni sakamuva, kufunyenwe ukuthi nomfundi wesikole ubengumunye walabo abakhonjwe yilezi zigebengu, okugqamisa ubungozi obubhekene nentsha. Ngakho-ke, abazali nabagadi bakhuthazwa ukuba baqaphele kabanzi ukusebenzisa kwezingane ezinkundleni zokuxhumana ukuze bavikeleke kulobu bhubhoklolo.",zul,machine,1
"Umdlavuza ezinga neni uyenyuka emhlabeni jikelele, ngesilinganiso sengane eyodwa kwezingama-408 emhlabeni jikelele ihlo nzwa ngokuthi inomdlavu za ngaphambi kokuba ibe neminyaka eyi-15 yobu dala. Ngokusho kuka-Taryn Seegers, uMxhumanisi weNhlangano Yomdlavuza Ezinganeni eNingizimu Afrika i-Childhood Cancer Foundation of South Africa (i-CHOC), kukholakala ukuthi izingane ezimbili kwezintathu ezinomdlavuza azikutholi ukwelashwa futhi lezo ezithola ukwela-shwa kujwayeleke ukuthi izinga lesifo selivele seliphe-zulu. Kusukela ngowezi-2011, i-CHOC ibilokhu isebe nzisana noMnyango Wezempilo nabalaphi bendabuko ukuhlinzeka ngochwephe she bezempilo, abasebenzi bezempilo, abalaphi benda buko kanye nemiphakathi ngolwazi ngomdlavuza ezinganeni. “Laba bantu bafundiswa ngezimpawu zokuqala ze-Siluan futhi bafunde nokucacisa izinkoleloze kanye nesihlava emiphakathini,” kusho u-Seegers.",zul,human,0
"Lapho kukhona izikhala, abafakisicelo behlangabezana nakho konke okudingekayo, kuzoxhunywana nezikhungo ngqo. Amaphuzu okumele Aqashelwe I-CACH ayikwazi ukuqinisekisa umfakisicelo ukuthi uzosithola isikhala. I-CACH ayikwazi ukubona ukuthi isikhungo sizomthinta nini umfakisicelo ukuze mhlawumbe athole isikhala. I-CACH isiza abafakisicelo abangenasiqiniseko sokuthi bafuna ukufundani noma labo abangahlangabezani nalokho okudingekayo ukuze bangene Ohlelweni i-PSET?",zul,human,0
"Ukukhula kwezindleko zokuphila kuguqule isimo semali, okwenza kube nzima ukuthenga ukudla kanye nezinto ezibalulekile. Sekumbe eqolo ukukhokhela izinsiza eziyizidingo, kanti nokusebenzisa izithuthi zomphakathi noma ezizimele sekuyisihlobo esinzima kakhulu kubantu. Ngenxa yalolu hlobo lwenkinga, kukhona isicelo sokuba umphakathi ubambisane ukuze kutholakale izindlela zokubhekana nalezi zindleko eziphezulu.",zul,machine,1
"Yatshelwa ukuthi izingane zayo ezingama-21 zitholakale sezishonile, ethaveni. Encane kunazo zonke yayineminyaka eyi-13. Luqhubeka ngesivinini uphenyo lwamaphoyisa ngalesi sibhicongo. Kulandela uphenyo, uMkhandludolobha i-Buffalo City usabhekisisa ukuthi ingabe ayikho yini imithethonqubo kamasipala ephulwe yithaveni.",zul,human,0
"Singehlezi sikubona lokho, kodwa umlilo wasePhalamende ukhombise ukuthi abantu baseNingizimu Afrika bazizwa beqine kangakanani ngentando yeningi labantu yabo. Lokho futhi kuyisikhumbuzo sokuthi kubaluleke kangakanani ukusebenzisana ukuqinisa futhi sivikele le ntando yeningi labantu. Ngesikhathi izakhiwo zePhalamende lethu zicekeleke phansi ngendlela yokuthi ngeke zisebenziseke, isikhungo sePhalamende siyaqhubeka nomsebenzi waso wokusiza abantu. Lesi yisikhumbuzo esibalulekile sokuthi izikhungo zethu zentando yeningi labantu azichazwa yizakhiwo ezihlala kuzo, kodwa zichazwa ngumsebenzi eziwenzayo kanye nokuzethemba abantu abanakho kuzo.",zul,human,0
"Lokhu kubaluleka kokwakha isizwe esinakekela izingane kuqala ngokuvikela amalungelo azo nokuzinikela ekuzinakekeleni. Isigameko sika-Enock sikhombisa ukuthi kunezinhlekelele ezingagwemeka uma abantu abadala bebesigcine isibophezelo sabo sokunakekela izingane. Kudingeka sisebenzisane sonke ukuze siqinisekise ukuthi zingane zonke zikhula ezindaweni eziphephile futhi zinakekelwa ngendlela efanele. Ngale ndlela, sizokwakha ikusasa eliqhakazile lapho izingane zingasebanga engozini ngenxa yokunganakekelwa.",zul,machine,1
"Kuvulwe imboni entsha yeMahindra eKwaZulu-Natal, okulethe amathuba amasha emisebenzi entsha esifundeni. Abantu abasha abangama-25 sebethole ukuqeqeshwa okufanele baphinde baqashwe kule nkampani. Loku qeqeshwa kubasiza ukuba babe nolwazi olwanele lokusebenza ngokubambisana nenkampani yakwa-Mahindra. Lokhu kukhombisa ukubaluleka kokuziza kwezimboni ekulweni nokungasebenzi phakathi kwentsha.",zul,machine,1
"UMmeli uMakhado Rama bulana uqashwe njengo Mlamuli. Uthi leli hhovisi lisungulwe ukusiza abantu abangajabule ngezinsizakalo ze-GEPF. Lizoba wusizo olukhulu kubantu abangakwazi uku khokhela usizo lwezo mthetho. Ngaphambi koku thi abantu bahambise izikhalazo zabo eHhovisi Lomvikeli Womphakathi noma ezinkantolo, bangafuna isixazululo kuMlamuli.",zul,human,0
"Sekusele kancane isikhathi sokubhalisela ukuvota. UMashinini uthe zonke izikhungo zokuvota eziyizi-22 932 zizovuleka ngempelasonto yokubhalisela ukuvota, kusukela ngo-08h00 kuya ngo-17h00. Lokhu kwenzelwa ukuvumela abaqala ukubhalisa ukuba babe nethuba lokubhalisela ukuvota.",zul,machine,1
"ISikhwama Esibhekele uDlame Olubhekiswe Kwabo bulili Obuthile Nokubulawa Kwabesifazane (i-GBVF) sihlose ukuqinisekisa ukuthi iNingizimu Afrika iyaqeda nya nge-GBVF ebhekiswe kwabesimame; abantwana; kanye nabesifazane abathandana nabanye besifazane (ama-les bian), abesilisa abathandana nabanye besilisa (ama-gay), abanobulili obushintshashintshayo (ama-bisexual), abashintshe ubulili (ama-trans gender), abathandana nabantu ngokwahlukana (i-intersex), abanobulili obungaqondakali (i-queer/questioning), abangakhethi ubulili babantu abathandana nabo kanye nabanye (i-LGBTQIA+). Isikhwama lesi sethulwa nguMongameli u-Cyril Ramaphosa ngoNhlolanja wezi-2021, ukuze sizokweseka ukuqaliswa kwe Qhingasu Lohlelo Lu kazwelonke lwe-GBVF. Ngokwemininingwane ekuwebhusayithi yalesi sikhwama, sidlala indima ebaluleke kakhulu ekuletheni uguquko, olwesekwe phezu kocwaningo, ukuqwashisa kanye nosizo olubonakalayo ezinhlanganweni ezibambe iqhaza ekulweni ne-GBVF. Enye yezinhlangano esizwa yilesi sikhwama i-Gugu Dlamini Foundation ezinze esifundazweni saKwaZulu-Natali, ethole izi-R250 000 kwiSikhwama se-GBVF ngo wezi-2022.",zul,human,0
"UTshepo waphoqeleka ukuba alale phansi angabuki lutho ngenkathi indoda ehlome ngesikhali idlwengula udadewabo. Namuhla, ukukhala kukadadewabo kusasezindlebeni zakhe, kumshiya esigubhu sokuhlukumezeka okungapheli. Ngemva kulo msebenzi oyingumnyama, lo mdlwenguli wamtshela uTshepo ukuthi ""yiba yindo da, mfana wami."" Le nkulumo eyisinyama yamshiya uTshepo edidekile, efunda incazelo engcolile yobudoda evela kumuntu owayesimenze isigqila sokwesaba.",zul,machine,1
"Kubalulekile ukuthi umphakathi ubambisane namaphoyisa ukuze kulwiswe ubugebengu eNingizimu Afrika. Ngokubika izenzo zobugebengu nabantu abangaziwa, sisiza amaphoyisa ukuba asebenze ngendlela ephumelelayo. Lokhu kubambisana kuzoholela ekutheni izindawo zethu ziphephe kubo bonke izakhamuzi. Ukuphepha kwelizwe kuwumthwalo wethu sonke, hhayi owamaphoyisa kuphela.",zul,machine,1
"Abaholi bendabuko babaluleke kakhulu ekululameni nasekuqinisekiseni ukuthula emphakathini. Bavikela amasiko futhi bahlanganisa isizwe, ikakhulukazi ngezikhathi zoshintsho olunzima njengoba sikhumbula abaholi abaphumule. Ngokulandela izikhombiso zabo, abantu bathola ukulingana nobunjalo babo, okuyikho okuletha ukuthula. Ngakho-ke, indima yabo iyisisekelo sokuthuthukiswa nokululama kwezizwe.",zul,machine,1
"Ukudla okutholakala esikoleni kubanikeza umdlandla wokufunda, bakwazi ukugxilisa umqondo kanye nokuzibandakanya eklasini.” Ukubhaliswa esikoleni kanye nokuya esikoleni kwabafundi kuthuthukile ngenxa yohlelo lokuhlinzekwa kwezingane ngokudla. Kamuva nje, iKhabhinethi igunyaze ukushicilelwa koMbiko Wokuhlola i-NSNP odidiyewe uMnyango Wezokuhlela, Ukuqapha kanye Nokuhlola (i-DPME). Lo mbiko ubonakalisa impumelelo kanye nezinyathelo ezithathiwe ukuze kuthuthukiswe lolu hlelo. UMqondisi Wezokuhlola ku-DPME, uJabu Mathe, uthe inhlosongqangi yokuhlola wukuhlola ukuthi ingabe i-NSNP iqaliswa ngendlela engaholela emphumeleni omuhle ozohlomulisa abafundi maqondana nezempilo kanye nezemfundo.",zul,human,0
"Ngosuku lokuqala lonyaka ka-2022, isizwe sabuthana eSt George’s Cathedral eKapa ukuzovovala uMbhishobhi omkhulu uDesmond Tutu. Kwakungumzuzu obuhlungu kakhulu kuleli lizwe ngenxa yokulahlekelwa yilesi sikhulu esithandekayo. Ngakho-ke, kukhuthazwa wonke umuntu ukuba masisebenze ngokubambisana ukuqinisa intando yeningi labantu.",zul,machine,1
"Kowethu unyaka besibhabhadiswa ngomlilo, ukungena esikhundleni sokuba uSihlalo ngenyanga eyodwa lapho kwabikwa khona isigameko sokuqala ngqa segciwane le-corona ezwenikazi.Esasikubeke eqhulwini ngesikhathi sethu, phakathi kwakho ukuqhubekisela phambili ukuthula noku-vikeleka, ukuthuthukiswa kwabesifazane ngokomno-tho kanye nokuqinisa ukuhlanganyela kwezomnotho, kwamele ukuthi kuguqulwe ngokuphazima kweso nangokubonakalayo ukuze kubhekanwe nobhubhane.Umsebenzi wethu omkhulu kwakungukuthi i-AU igxile ekubhekaneni nesimo esibi esiphuthumayo somhlaba esesibe khona kwikhulumnyaka.I-COVID-19 isikhahlameze wonke amazwe ezwenikazi. Kuze kube manje kuneziga-meko eziqinisekisiwe ezingaphezu kwezigidi ezi-3.5 e-Afrika, futhi bangaphezu kwezi88 000 abantu asebedlule emhlabeni.Kube usizi lwezempilo, lokusiza, lwenhlalo kanye nomnotho emazweni ase-Afrika, amaningi awo angenazo izinsiza zokulawula izimo eziphuthumayo zempilo ezinkulu ngalolu hlobo.Futhi nokho, njengento engakaze ibonwe njengemvelaphi yobhubhane, kanjalo nendlela amazwe ase-Afrika abumbane ngayo ukulwa nalo.Ngokwenza njalo siveze ubukhulu bobuchwephe-she bezwekazi, amakhono kanye nezikhungo ezifana neZikhungo zase-Afrika Zokulawula Nokuvikelwa Kwezifo (i-Africa CDC).I-Afrika ayigoqanga nje izandla uma ubunjalo nobungozi bobhubhane buvuleka. Kusukela ezinsukwini zokuqala zobhubhane futhi ngokuholwa i-AU, sasungula ngokushesha iqhingasu lezwekazi lokubhekana nobhubhane, elaliholwa i-Africa CDC kanye nama-thimba ezifunda.Sabona ukuthi wonke amazwe ezwenikazi azokhahlamezeka kakhulu ngubhubhane. Amazwe amaningi angeke abe nazo izinsiza ezidingekayo ukumelana nenselele yezempilo yompha-kathi noma ukuvikela imi-notho yawo.",zul,human,0
"Ngalesi sikhathi sokushisa kwasehlobo, kubaluleke kakhulu ukuphuza amanzi amaningi ukuze ugcine umzimba wakho ugcwele amanzi. Lokhu kusiza ekugwemeni ingozi yokuphelelwa ngamanzi emzimbeni, okungaba nobungozi empilweni yakho. Ngakho-ke, qiniseka ukuthi uphuza amanzi njalo usuku lonke, ikakhulukazi lapho kushisa kakhulu.",zul,machine,1
"Abanye baphumelele kulezi zinselelo zabo abanye abaphumelelanga. Abanye baye ezinkantolo ngokubhekela ukuphuthuma kodaba lwabo lapho abathole impikiswano yabo ephuthumayo isichithwa enkantolo futhi abanye bathola ezinye izindlela zokukhulu-leka abebekufuna. Abanye bazihoxise ngokulandelana izicelo zabo kulandela ukubo-nisana nohulumeni.Ngesikhathi singancamela ukugwema isidingo sokutha-thela uhulumeni izinyathelo zomthetho, kumele samukele ukuthi izakhamuzi ezingatho-kozile nanoma yikuphi uhu-lumeni anqume ukukuqalisa zinelungelo lokuya ezinkantolo ukuthola nanoma yikuphi ukukhululeka ezikufunayo. Lona ngumgomo ojwayelekile wentando yeningi yomthethosise-kelo futhi kuyisenzo esamu-kelekile ezweni elinesisekelo sokubuswa ngomthetho.Sibeke ngomumo izinqubo ezizogwema amaphutha ukuqinisekisa ukuthi zonke izinhlaka zikahulumeni ziya-kwazi ukumelana nokuhloli-siswa ngokomthethosisekelo.",zul,human,0
"Phakathi kukaNtulikazi noMandulo kowezi-2021, kunezibalo ezibuhlungu ezikhombisa ukuthi abantu abayizintoba nezinkulungwane (9 556), kanti iningi labo kwakungabesifazane, badlwengulwa. Lokhu kukhombisa ukuthi leli sabalo likhule ngama-7% uma sibhekisela emibikweni edlule. Kumele siqonde ukuthi asikho isizathu esivumela ukwenzeka kobubi be-GBV, ngoba ukuhlukunyezwa akusona isenzo esivunyelwe. Kumele siphakamise izwi ukuze siqede lo mkhuba owenza isizwe sikhale.",zul,machine,1
"Ontanga bami bebengenza inhlekisa ngesikhathi ngiqala ukuse benza epulazini bethi ipulazi elabantu abangafundile. “Lokhu kwakungizwisa ubuhlungu kakhulu kodwa ngangifisa ukuqokelela ulwa zi ngezolimo ukuze ngolunye usuku ngigxile kulo mkha kha,” elandisa. Kwathi lapho uMatlakane eseqokelele ulwazi, waqonda kumnikazi wepulazi u-Johan Nel, walapho ayevolontiya khona wacela ukutshala imbe wu alime ophepha abaluhlaza. U-Nel wamabela emhlabeni wakhe umhlaba ongamahekthara amabili.",zul,human,0
"Ukuhola uBumbano Lwamazwe ase-Afrika (i-AU) kuwumthwalo omkhulu odinga ukuhlakanipha nobumbano obugcwele. Lokhu kubonakale ngokucacile ngesikhathi sokuba uSihlalo ngenyanga eyodwa lapho isigameko se-COVID-19 sasaqala ukubhebhetheka ezwenikazi, okwakudinga ukuhola okuqinile nokusheshayo. Kwakubalulekile ukuthi izwe lase-Afrika lihambe ngokunye ekulweni nale nkinga ukuze kuvikelwe impilo yabantu. Ngakho-ke, ukuhola i-AU akukhona nje isikhundla sebukhosi, kodwa kuwumthwalo wokulinda intuthuko nokupila kwabo bonke abantu base-Afrika.",zul,machine,1
"Yini enye ongayenza ukuqini sekisa ukuphepha kwakho nokwabanye? •Ingabe unalo ulwazi oluthembekile ngeCOVID-19 uma kungenzeka wena noma othandiweyo wakho esuleleka? • Ingabe othisha bayakweseka, umndeni kanye nabangani bayakusiza na uma uzizwa ungaqinisekanga noma unokhwantalala noma unexhala? Lokhu kubalu leke kakhulu.",zul,human,0
"Unyaka wezi-2021 ubuhlele ukuba ongcono kubantu baseNingizimu Afrika, nakuba amaviki okuqala abe nzima kakhulu kubo bonke. Ngesikhathi imikhakha yezomnotho eminingi iqala ukusebenza futhi, kubonakale ukuthi kuzothatha isikhathi ukuthi umnotho uphinde usimame. Lokhu kusho ukuthi ukubuyiselwa kwemisebenzi elahlekile kuyinselele enkulu edinga ukubekezela nesikhathi. Ngakho-ke, ukuthuthuka kancane kancane kuyinto elindelekile ukuze izwe libuyise isimo salo sezomnotho.",zul,machine,1
"I-Down Syndrome (i-DS) iyingxenye yokuphazamiseka kumachromosome okuqubuka ngesikhathi ukhulelwa. UDkt Midah Maluleka ose benza njengodokotela eMpu malanga uthi, ""kuba khona ukwengezeka kwichromo some lama-21 ( iTrisomy 21) nokuyaye kubambezele ukukhula komzimba kanye nengqondo. Asikho isisusa ngqo esidala lechromosome eyeqile. Sekuqinisekisiwe ukuthi lokhu akuhlangene neminyaka yobudala, isimo senhlalo nomnotho, ibala noma inkolo.",zul,human,0
"Isizwe sibizwa ukuba sime ngokuzimisele ekutheni sivikele abesifazane nabantwana bethu ekuhlukunyezweni. Lokhu kuza ngesikhathi kusaqhubeka nokukhungathwe ukubulawa kuka-Uyinene Mrwetyana, u-Leighandre Jegels, kanye no-Jesse Hess. Kunabanye abesifazane abaningi abalahlekelwa izimpilo zabo ngezandla yamadoda anesihluku, okwenza kube kubalulekile ukuba kuthathwe izinyathelo ezinqabile ukuyisa lolu hlukunyezo.",zul,machine,1
"""Ikhona imigomo kanye nezindlela zokwelapha isifo se-Monkeypox. Lesi sifo sibonakala ngezimpawu ezinjengezomkhuhlane kanye nesifo se-Legionnaires. Okubaluleke kakhulu wukuthi uma umuntu ebonisa isithombe sokuxilongwa esiveza izimpawu zesifo kuba lula kakhulu ukuhlonza lesi sifo futhi okunye okuba luleke kakhulu wukuthi kunzima ukusidlulisa, kungafani nezifo ezingena ngemigudu yokuphefumula, njengoba sona sisabalala ngokuthintana nomunye umuntu. Ungasithola kuphela uma uthintane ngqo nomuntu osulelekile,"" usho kanje.",zul,human,0
"Sengibuyelwe ukuzethemba kwami,” kusho yena. Usihlalo weSikhwama se-GBVF, uDkt Judy Dlamini, uthe uxhasomali lwezinhlangano eziyi-108 izicelo zazo eziphumelele luyaqhubeka. Imininingwane mayelana nehlandla elilandelayo lokufakwa kwezicelo izotholakala maduze kwiwebhusayithi yeSikhwama se-GBVF ku: https://gbvf.org.za/.",zul,human,0
"Isithuthwane akusona isifo noma ukungasebenzi kwengqondo, kodwa kuyinto ehambisana nendlela ingqondo ebumbeke ngayo. Lokhu kusho ukuthi abantu abanesithuthwane bangase babe nezinselelo ekuxhumananeni nabanye nasekubambelaneni nemvelo eyizwe. Kubalulekile ukuthi sibe nolwazi olwanele ukuze sibasekele futhi sibahloniphe abantu abanalesi simo. Ukuqonda isithuthwane kusiza ekutheni laba bantu bamukeleke futhi baphile impilo engcono emphakathini.",zul,machine,1
"INingizimu Afrika isishintshela esigabeni sokuqapha sesithathu ukuze kubalanswe phakathi kokulawula i-COVID-19 nokuvuselela umnotho wezwe. Lokhu kusho ukuthi okunye kwezinqubo zokuvalwa kwezwe kukhululwa kancane, kodwa kubalulekile ukuba abantu baqhubeke nokuzivikela. Kumele siqhubeke nokugqoka imaski nokugeza izandla njalo ukuze kuvikelwe impilo yethu kanye neyabanye. Ukulalela imiyalelo kahle kuzosiza ekutheni isimo sibe ngcono kuleli lizwe.",zul,machine,1
"Kungumbono walo mphakathi osekuphele iminyaka engama-25 be lwela ukuwubona ufezeka,” kusho uMongameli emci mbini wokunikezelwa kwa lo mhlaba. Laba balimi bebelima ngempumelelo imikhiqizo yezolimo ehlukahlukene kulo mhlaba kusukela ngo nyaka we-1996. Bazihlela ngeminyaka ye-1990 ukuba babe nga balimi abalimela ukuthe ngisa ababhalisiwe ngapha nsi kweNhlangano ebizwa ngokuthi iTafelkop Farmers Association futhi baqala ukukhulumisana nohulu meni. Ngonyaka wezi-2000, u Mnyango Wezolimo Kuzwe lonke wangaleso sikhathi wangena ezivumelwaneni zokuqashiswa komhlaba kwiTafelkop Farmers Associa tion okuhambisana Nokwa biwa kabusha Komhlaba ngokoHlelo Lokuthuthu kiswa Kwezolimo.",zul,human,0
"UPalesa Mokome, inhloko yezokuxhumana e-Sunflower Fund, uveze ukuthi iziguli zesifo sekunglungwane zegazi zivame ukuhlonzwa ngokungaqondile njengezinye izifo zegazi minyaka yonke. Lokhu kudala ukuthi abaningi bangatholi usizo olufanele ngesikhathi, okubeka izimpilo zabo engozini enkulu. Kubalulekile ukuthi sisebenzisane sonke ukuze kuqandiswe ukungazi nokunikeza laba baguli ukunakekela okufanele. Siza ukusindisa izimpilo ngokusekela imizamo yokusabalalisa ulwazi olulungile ngalesi sifo.",zul,machine,1
INingizimu Afrika ithatha isikhundla sobuholi empini yokulwa neSifo Sofuba emhlabeni wonke. I-United States Agency for International Development (USAID) nayo isingenelele ngokunikeza usizo olubalulekile kule mpi. Kubaluleke kakhulu ukuthi iziguli zithole ukwesekwa okufanele ukuze zikwazi ukuphumelela ekwelashweni nasekuhluleni lesi sifo. Lokhu kubambisana kuqinisekisa ukuthi iziguli ziyaphila futhi ukubaluleka kwalesi sifo kuyancipha emphakathini.,zul,machine,1
"UNgaleka wayenothando olukhulu lokulima imifino egcekeni lakhe, okwamqhubela ekwakheni ibhizinisi lezolimo eliphumelelayo. Leli bhizinisi likhule waze waba umhlinzeki wemifino ezitolo zendawo kanye nezinhlelo zokupha abafundi ukudla ezikoleni. Wayengazi ukuthi igadi yakhe encane izokhula ibe yibhizinisi elikhulu kangaka elizomsiza ekuziphiliseni.",zul,machine,1
"Isikhwama Sobumbano sizinikele ngoxhasomali oluzosiza ekutholeni imishini yokuphefumula engama-200, ezonikezelwa ezibhedlela ezilapha eNingizimu Afrika, engama-20 yayo yemukelwa nguNgqongqoshe Wezempilo u-Zweli Mkhize ngoNhlangulana. Yafakwa esibhedlela esise-Soweto i-Chris Hani Baragwanath Academic i-Chris Hani Baragwanath Academic i-Chris Hani Baragwanath. Umnikelo olandelayo uzosetshenziswa ezikhungweni zaseNtshonalanga Kapa. Izinsiza zokuzivikela zabasebenzi bezempiloOkunye okuseqhulwini kwiSima Sobumbano ukuthumela izinsiza zokuzivikela kubasebenzi bezokwelapha njengodokotela kanye nabahlengikazi.",zul,human,0
"Ngenhlanhla, iNyuvesi yaseVenda yasamukela isicelo sakhe, waqala ukufundela Iziqu ze-Urban and Regional Planning ngowezi-2012. ""Uhlelo Lokuxhasa Abafu ndi Ngezimali Kuzwelonke (i-NSFAS) lwakhokhela izifundo zami zonyaka wokuqala, i-MISA yangipha umfundaze sengisonyanke ni wesibili futhi yangeseka ngaze ngaqeda izifundo zami ngowezi-2016,"" kusho yena. Umfundaze wahlangabezana nazo zonke izidingo zakhe zemfundo, okubandakanya imali yezifundo, izincwadi, indawo yokuhlala kanye nokudla. Ngowezi-2017 uMukhodiwa waqala uhlelo lokuqashwa okwesikhashana ngenhloso yokufundiswa umsebe nzi kuMasipala Wasekhaya iPrince Albert eMnyangweni Wezemisebenzi Yokwesekwa Komnyango kanye Nompha kathi.",zul,human,0
"Kusakhula kakhulu isigidi samathuba omsebenzi kanye nezindlela ezintsha zokuziphilisa ezivela ezimbonini ezahlukene. Lokhu kukhula kukhokhelwa wukushintsha kwezindlela zokusebenza kanye nokuphuma kwamabhizinisi amancane emiphakathini. Lesi simo sinikeza ithemba elisha kubantu abafuna ukuzimela, kodwa lidinga ukuba intsha ifunde amakhono afanele ukuze ikwazi ukubamba lezi zinhlelo eziphakambile.",zul,machine,1
Umzabalazo wokubuyisa Ubuntu eNingizimu Afrika uqhubeka nokuzama ukubuyisela isithunzi nobuntu emphakathini. Lolu hlelo luhlangabezane nokunqamuka nokuphazamiseka okwenziwa yilabo ababesaba amandla nendudumo yamaqhinga okukhulula isizwe. Inhloso enkulu wukutshala imbewu yokuzigqaja kanye nokubuyisela isithunzi kumadoda nabesifazane abansundu. Lokhu kubalulekile ekwakheni isizwe esizigqajayo nesinengqondo eqotho.,zul,machine,1
"UNgqongqoshe Wezempilo, uDkt. Joe Phaahla, ubike ukuthi kube nokukhula okukhulu kwezigameko ze-COVID-19 eNingizimu Afrika. Lezi zigameko zikhule ngama-137% uma kuqhathaniswa nezinsuku eziyisikhombisa ezedlule. Ngakho-ke, kubalulekile ukuba abantu bazivikele ngokuthatha izinyathelo zokuphepha ngaphambi kokuba kufike isikhathi sobusika.",zul,machine,1
"Usuku lwa-27 kuMbasa lugubha inkululeko yethu emva kokuba saba nokhetho lokuqala lwentando eyini ngo-1994. Izimpawu zezwe, okuhlanganisa iflegi nehubo lesizwe, zimele ubunye nokuthula esikubambelele njengeNingizimu Afrika. Isiphandla sesizwe kanye nezindodo zesizwe zigcizelela ukwehlukahlukana kwethu okuyisibusiso, okusihlanganisa sonke njengesizwe esilodwa. Lezi zimpawu zisikhumbuza ukuthi ubunye bethu bulele ekuthengeni nasekuhlonipheni ubuwena bomunye nomunye.",zul,machine,1
"“Lesi sikhwama sidlale indima esemqoka ekwesekeni indlela yezempilo kuzwelonke yokubhekana kanye nokunciphisa inkinga yabantu ebibhekene nezwe lethu kanye nabantu bakithi.”Ubonge wonke umuntu ofake isandla kulesi sikhwama, okuhlanganisa namaLungu ePhalamende kanye nezinye izinhlelo zokweseka labo abakhahlanyezwe yilolu bhubhane. UMongameli uphinde wethulela isigqoko inqwaba yabasebenzi bezokunakekelwa kwempilo kanye nabasebenzi abahamba phambili abadlala indima esemqoka ekulwisaneni neCOVID-19. “Isizwe sinesikweletu esikhulu sokubonga kubasebenzi bezempilo abazinikele kanye nakwabanye abasebenzi abasebenza phambili ababeka impilo yabo engcupheni ukuze banakekele abagulayo nababuthakathaka ngalesi sikhathi,” kusho yena. – SAnews.gov.za",zul,human,0
"Isibonelelo somntwana esikhokhelwa ngu-SASSA siqonde ukusiza ekunakekelweni kwezungu lomntwana, okuhlanganisa ukudla, izingubo, nemfundo. Okwamanje, le mali ingama-R480 ngenyanga ngomntwana ngamunye, ngakho kufanele isetshenziswe ngokuziphatha. Ukuxhashazwa kwesibonelelo kwenzeka uma lo muntu okhokhelwayo esebenzisa imali engeke isize umntwana, kodwa eyizinto zakhe ezingafanele. Kubalulekile ukuthi imali isetshenziswe ukuthuthukisa impilo yomntwana kuphela ukuze asizakala ngendlela efanele.",zul,machine,1
"Umbiko wokugcina woPhiko Olukhethekile Kwezokuphenywa Kwamacala (i-SIU) uveze ukuthi ababhebhezeli benkohlakalo ye-COVID-19 manje sebabhekana nomthetho ngqo. Lolu phenyo olubanzi luveze ukusetshenziswa budedengu kwezimali ezazibekelwe ukulwa nale nkinga kuzo zonke izinhlaka zikahulumeni. Ngakho-ke, i-SIU isaqhubeka nemizamo yokubuyisela le mali eyabiwa ukuze kube nokubona komthetho nokuzibophezela kwabo bonke abathintekayo.",zul,machine,1
"I-BRICS inikeza iNingizimu Afrika inkundla ebalulekile yokukhula nokuziqinisa kwezoqoqosho emhlabeni jikelele. Ngemuva kokuphela kwe-Cold War, kwenzeka izinguquko ezidinga ukuthi amazwe azihlele kabusha ukuze azuze ezindabeni zamazwe ngamazwe. Ngakho-ke, ukuba yilungu le-BRICS kusiza iNingizimu Afrika ukuba ""iphose udobo lwayo"" ukuze ithole amathuba amasha okuhweba nobudlelwano obuqinile. Leli vumelano libalulekile ekuthuthukiseni ukuthuthuka kwezwe nokwandisa amandla alo emhlabeni.",zul,machine,1
"Ezinye izinyathelo esizi thathile ukuvikela nokugci na izindlela zokuphila kwabantu, siphinde sasekela amabhizinisi awayo. Sihli nzeke ngosizo kumabhizinisi amancane olufana nokusizwa ngezikweledu, ukuxhaswa ngezimali, ukuhlehliswa kokukhokhela intela kanye nezinye izinsizakusebenza. Saqalisa uHlelo lweCOVID-19 Lokuqinise kiswa Kwemalimboleko ukuze amabhizinisi akwazi ukubhekana nezindlela zawo zokuqhuba amabhizinisi nge sikhathi sokuvalwa kwezwe, futhi sisabheka ukuthi lolu hlelo lungafinyelela kanjani ezinkampanini eziningi ezi ludingayo. Sahlinzeka ngokuvikelwa kwemalingeniso kubasebenzi kanye noxhaso kubanikazi bamabhizinisi ngoHlelo Lwe sikhashana Loxhaso Lwa baqashi oluphethwe i-UIF.",zul,human,0
"Isikhathi sokuphela kwesimo senhlekelele kuzwelonke sesisondele eNingizimu Afrika. Uhulumeni uthe uzozimisele ukuqedela lolu hlelo ngokushesha, uma nje kuqedelwe izinyathelo ezithile ngaphansi koMthetho Wezempilo Kuzwelonke kanye neminye imithetho yokunqanda lolu bhubhane. Inhloso wukubeka izinhlelo eziqinile ukuze kunqandwe lolu bhubhane ngokuphelele ngaphambi kokuba kukhululwe izithibiso. Lokhu kuletha ithemba kubantu abalindele ukubuyiselwa kwempilo evamile nokuphila ngaphandle kwezithibiso.",zul,machine,1
"Ukuxoxisana phakathi kwabazali nezingane kubalulekile ukuze abazali bakwazi ukuzwa nokuzwisisa imizwa nezinselelo ababhekana nazo abantwana babo. Inhlangano ka-Childline South Africa igcizelela ukuthi ukukhuluma ngokuvuleka kusiza ekuvikeleni izingane kuzo zonke izinhlobo zodlame. Lokhu kwenza kube lula ukuthi amalungelo ezingane ahlonishwe futhi zizizwe ziphephe emakhaya azo. Ngakho-ke, kubalulekile ukwakha ubudlelwano bokwethemba ngokuxoxisana njalo nengane.",zul,machine,1
"Lapho sitholakala khona sifu-na, siyobekwa icala izinkantolo zethu futhi, ngaphezu kwakho konke, yizakhamuzi zakithi. Ngaphandle kwezinkantolo zethu, UMvikeli Womphakathi kanye Nekhomishana Eyengamele Amalungelo Ompha-kathi waseNingizimu Afrika bakhona ukubeka phambili amalungelo ezakhamuzi, kanjalo nezinhlangano ezijutshwe ngokubhekelela ama-ejensi ezomthetho.Njengoba ngatshela intatheli, wonke umuntu waseNingizi-mu Afrika unelungelo lokuya ezinkantolo ngisho nami, njengoMongameli, angeke ngama endleleni yanoba ubani osebenzisa lelo lungelo. Sekube, futhi kuzoqhubeka kube khona, ukugxekwa oku-namandla nokushayisana nge-zindlela eziningi zikazwelonke zokubhekana negciwane le-corona, kusuka ekucubunguleni imininingo nokulinganisela, kuya kwimiphu-mela yomnotho ngenxa yokuvalwa kwezwe, kuya kwimithetho-nqubo. Njengohulumeni asifuni ukuthi lokhu kugxeka kube nentu-kuthelo noma kuthuliswe.Ngakoluhle uhlangothi, ukugxeka, ngokwakhayo, ku-siza thina ukuthi sivumelane futhi siqhubeke masinyane futhi kalula ekubhekaneni no-kushintsha izimeko nezimo.",zul,human,0
Lo mzabalazo uhlose ukubuyisela emuva izimiso zobuntu kanye nokuhloniphana emphakathini waseNingizimu Afrika. Inhloso yakhe wukulwa nokonakala kwesithunzi somuntu okudalwa ukusetshenziswa kabi kwamandla kanye nokungabi nabulungiswa. Ufuna ukwakha isizwe esiqotho lapho wonke umuntu ehlonishwa ngokufanele. Lokhu kuzosiza ekubuyiseni isithunzi nokuzigqaja kubantu bonke ukuze kube nokubambisana.,zul,machine,1
"“Lo msebenzi awuthembisi imiphumela ethile okwamanje futhi udaba lomunye nomunye lwehlukile. Noma kunjalo, usiza kakhulu ekunikeni amandla futhi ubuyise isithunzi saleso sisulu,” kusho isitatimende se-NPA. Kunezikhulu zenkantoloezingama-161 ezinkantolo eza-hlukene ezweni jikelele. Lo msebenzi ungezinye zezi-nyathelo eziza nohulumeni ukubhekana nesihlava esihambisana ne-GBV .",zul,human,0
"Elinye iqiniso elingephikiswe wukuthi utshwala buyindlela yokuchitha isizungu kubantu abasha emiphakathini lapho kunamathuba amancane okuba nezindlela zokuqeda isizungu eziphephile nezilungele abantu abaneminyaka yabo. Umphakathi wase-Scenery Park ukhombe ukungabibikho kwezikhungo zezemidlalo, zokufunda kanye nezinye izindlela zokuzithuthukisa zabantu abasha, okubaholela ekutheni bagcine 'sebehla benyuka emathaveni'. Njengoba kwenzeke lo mshophi, umphakathi usukuvezile ukuthi azikho izinkundla zemidlalo, imitapo yolwazi yomphakathi noma izikhungo zabantu abasha e-Scenery Park. Njengohulumeni kazwelonke, nowesifundazwe kanye nowendawo kudingeka ukuba sibhekane nezikhalo zalo mphakathi kanye nezeminye imiphakathi ngokuqhamuka nezinye izindawo zokuzijabulisa, izikhungo, izinhlelo, kanye nemiklamo eqondiswe kubantu abasha ezindaweni ezincishwe amathuba esifundazweni.",zul,human,0
"Uma usuqedile ukubhalisa, usungafaka isicelo Esikhwameni Sosizo Lwe zikweletu oluqondiswe emabhizinisini amancane seCOVID-19 . Ifomu lokufaka isicelo ungalithola kuwebhusaythi yoMnyango Wezokuthuthukiswa Kwamabhizinisi Ama-ncane. 3. Uma unayo yonke imininingwane edingekayo futhi ufanelekile (njengokuthi ibhizinisi lakho liyayilandela imigomo yentela futhi liphethwe ngabantu baseNingizimu Afrika), imali yosizo izokhokhwa kulabo abaphu-melele ezicelweni zabo ezinsukwini zokusebenza eziyi-12.",zul,human,0
"Uhlelo lwe-app olubizwa ngokuthi i-Gauteng on the Move selufikile ukuze lusize abahambi bezithuthi zomphakathi. Lolu hlelo lwenezelwe ukuze luqedele ungabazane nokudideka okuvamise ukuhlangabezana nabo abasebenzisa izithuthi nsuku zonke. Ngale app, umphakathi uzokwazi ukuthola imininingwane eqondile nesheshayo mayelana nezindlela zokuhamba nezikhathi zazo. Lokhu kuzokwenza ukuthi ukuhamba kube lula, kuphephe, futhi konga isikhathi kubo bonke abahlala eGauteng.",zul,machine,1
"Izikhungo zokuhlanza amanzi olwandle ukuze asetshenziswe ngabantu emakhaya nasema bhizinisini, izinhlelo zokulungi swa kwamapayipi, ukusetshenzi swa kabusha kwamanzi kanye nohlelo lokumbiwa kwamanzi emhlabathini sekuhlonzwe njengesisombululo kule nkinga, njengoba lemi klamo seyisezi gabeni ezihlukahlukene nga phambi kokuba iphothulwe.",zul,human,0
"Sibambe Ingqungquthela Yotshalomali yokuqala ngowezi-2018 njengengxe nye yomkhankaso wethu wokuqongelela imali eli nganiselwa kwisigidigidi esi-R1.2 kutshalomali olu sha eminyakeni emihla nu. Ingqungquthela ibitha nyelwe yizithunywa ezi ngaphezulu kwenkulu ngwane ngowezi-2018 na ngowezi-2019, futhi kwa thi ngowezi-2020 yabanjwa ngendlela yezobuchwephe she ngenxa yobhubhane lweCOVID-19 . Zizonke, lezi zingqungqu thela zithole izibophezelo zotshalomali olungaphezu kwezigidigidi ezinga ma-R770 emikhakheni ehlukene yezomnotho. Ingqungquthela yesine Yotshalomali lwaseNi ngizimu Afrika ibizoba njwa ngoLwezi kowezi2021, kodwa sibe sesinquma ukuyihlehlisela kuNdasa 2022 ngenxa yeminye imi cimbi eminingana eyenzeka ngalesi sikhathi esifanayo.",zul,human,0
"Njengoba isikhathi samaholide sisondele, kubalulekile ukuba siqikelele ukuphepha emigwaqeni ukuze sivikele izimpilo zethu. Qinisekisa ukuthi uhlola imoto yakho ngokuphelele ngaphambi kokuba uphokophele, ukuze uqikelele ukuthi isesimweni esigculisayo. Futhi, wena nabagibeli bakho nifase amabhande ezihlalo ngaso sonke isikhathi nisehambweni. Ngokulandela lezi zinyathelo, singanciphisa izingozi futhi siqinisekise ukuthi sonke sifika lapho siya khona siphephile.",zul,machine,1
"INingizimu Afrika isebenza kanzima ukuqinisekisa ukuthi imibono nezithembiso zoMthethosisekelo zifezekiswa kubo bonke abantu. Lo mbono ugxile ekutholeni ubulungiswa, ukulingana, kanye nokuhlonipha amalungelo ayo wonke amuntu ngaphandle kokukhetha. Ngokusebenzisa ubudemokrasi, abantu manje banamandla okukhetha abaholi abazovikela lezi zidingo nezilungelo zabo. Ukufikelela kulolu hlose ludinga ukubambisana kuka hulumeni nomphakathi ukuze kwakhiwe isizwe esihloniphana nesilingana.",zul,machine,1
"Abaqaphi beziqiwu badlala indima ebalulekile ekuvikeleni obhejane ekuzingelweni ngokungemthetho ukuze zingashabalali. Laba basebenzi bahlala beqaphile ezindaweni zasemvelo ukuze baqinisekise ukuthi lezi zilwane ziyaphepha. Kubalulekile futhi ukufundisa umphakathi ngokunakekela imvelo ukuze bonke basebenzisane ekulwiseni ubugebengu bezilwane. Ngale ndlela, singaqinisekisa ukuthi obhejane bayasala bekhona ezizukulwaneni ezizayo.",zul,machine,1
"Ngokwezibalo ze-WHO, kukhona abantu abangaphezu kwezi-700,000 abashona ngokuzibulala unyaka nonyaka emhlabeni wonke. Lokhu kuveza ukuthi ukuzibulala kuyinkinga enkulu edinga ukunakekelwa ukuze kusindiswe izimpilo zabantu. Kubalulekile ukuthi sisebenzisane sonke ekunqandeni lokhu ngokunikeza ukusekelwa nokunakekela labo ababhekene nobuhlungu obukhulu. Ngokwanda kolwazi nokwesekana, singakwazi ukunciphisa lezi zibalo nokusiza abantu ukuba bathole ithemba lokuphila.",zul,machine,1
"Uhulumeni usiza imindeni ehola imali encane ngokwenza impahla ethile yasendlini ingabi nentela yokuthenga. Lolu hlelo luhlose ukunciphisa izindleko kubantu abasebenzisa ingxenye enkulu yomholo wabo ekuthengeni izidingo zasendlini ezibalulekile. Ngokwehlisa le ntela, imindeni izokwazi ukuthenga impahla ngamanani aphansi, okuzosiza ekutheni iphile impilo engcono. Lokhu kuqinisekisa ukuthi izidingo eziyisisekelo zitholakala kalula kubo bonke abahwebi nabathengi abaphansi.",zul,machine,1
"iNingizimu Afrika ibone ushintsho olukhulu ngokuthweswa kweziqu kwabahlengikazi bezilwane bokuqala abathola iziqu ze-Bachelor. Omunye walaba bafundi nguMnu. Mthimkhulu, othweswe iziqu ze-Bachelor of Veterinary Nursing eNyuvesi yasePitoli (UP). Le Nyuvesi iyisona kuphela isikhungo esiqeqeshela ukwelashwa kwezilwane kuleli lizwe. Lokhu kuwuphawu olubalulekile oluzosiza ekuthuthukiseni ukunakekelwa kwezilwane eNingizimu Afrika.",zul,machine,1
"Abaholi bendabuko babonakala bengukhiye ekutheni imiphakathi ilulame futhi ithole ukuzinza. Isizwe samaZulu sanda kukulungisa ukutshala iNkosi u-Goodwill Zwelithini kaBhekuzulu, obubuse iminyaka engamashumi amahlanu. Ngokufanayo, isizwe sabaPedi satshala u-Kgoshikgolo Thulare III. Lokhu kuhamba kwabaholi ababalulekile kugcizelela indima enkulu abayidlalayo ekugcineni amasiko nokuhambisa izizwe zabo phambili.",zul,machine,1
"Silalise iziguli zaso zokuqala ezili-10 mhla zi-8 kuNhlangulana. ENyakatho Ntshonalanga, amaqembu akha izibhedlela zibenkulu ngokwengeza izakhiwo.Isimo sokulungela iCOVID-19 e-GautengUNdunankulu wase-Gauteng uMnu u-David Makhura uthe isifundazwe sesi: nemibhede eyizi-8 301 yasesibhedlela ekhona njengamanje, khuculule izibhedlela ebezivele zikhona zenziwa njenge-zindawo zezinsiza zeCOV-ID-19, nokwenze ukuba kube khona imibhede engama-555 ejwayelekile kanye nemibhede engama-308 yabagula kakhulu, senze amagumbi eziguli angu nomphela kulezi zibhedlela i-Kopanong, i-Jubilee, i-Chris Hani Baragwanath kanye ne-George Mukhari, nokwengeze ngemibhede engama-800, futhi siqinisekise ukuthi isikhungo sezempilo sase-Nasrec sibe ne-mibhede engama-500 emisha. NgoNhlaba, uNdunankulu u-Makhura wemukela umnikelo oqhamuka kwizinkampani zezi-moto i-BMW kanye ne-Nissan ukusiza ukwakha isibhedle-la sesikhashana e-Rosslyn, e-Tshwane. Izibhedlela zesikhashana eMpumalanga KapaEMpumalanga Kapa, isibhedlela sesikhashana esinemibhede eyi-1 000 sakhiwelwe enkundleni yezemidla-lo iNelson Mandela Bay Stadium .",zul,human,0
"Khona manjalo, siyazi ukuthi kumele senzeni ukuze sizivikele thina uqobo kanye nabanye. Siyazi ukuthi yini edala igci wane nokuthi singenzani uku ze sizivikele ekuthelelekeni. Siyazi ukuthi kumele siziqhelelani se, sigonqe uma sihlanga bezane nalabo abathelelekile nokuthi siye esibhedlela uma sinezimpawu zokugula. Kumele siqhubeke nokula-ndela amaqiniso hhayi okungamahlebezi.",zul,human,0
"Ukleliswe endaweni yesikhombisa emhlabeni wonke jikelele ohlwini lontanga yakhe futhi usewunqobe kabili umqhudelwano wegalofu wezingane waseMelika, phecelezi i-US Kids golf tournament. Ngafikelwa yintokozo enkulu lapho umfundi weBanga le-11 uSinoyolo Qumba wase-Orange Farm engibhalela incwadi mayelana nalokho okumele kufakwe ku-SoNA yalo nyaka. Futhi empeleni wahla nganyela nethimba elibhala izinku lumo zikaMongameli kwinqubo yokubhala nokuhlanganisa i-SoNA. Kunezishoshovu ezinomdlandla nentshisekelo enkulu ezinjengo Ayakha Melithafa wase-Eerste Rivier eNtshonalanga Kapa, owethamela ingqungquthela yalo nyaka yeSithangami Sezomnotho Emhlabeni e-Davos ukuyonxenxa abaholi bomhlaba ukuthi baziba mbe ziqine ekulweleni ubulungi swa bezesimo sezulu.",zul,human,0
Imisebenzi ye-CACH isebenza ngokubambisana neSikhungo Sokuthuthukisa Imisebenzi Kuzwelonke (i-NCDS) esiza ngokuhlinzeka ngolwazi lwezemisebenzi olunzulu kanye neseluleko mayelana: Imisebenzi kanye nemikhakha efundwayo Ukukhetha isifundo. Ulwazi ngokuhlola kokuchibiyela. Ukulungiswa kwemiphumela yakamatikuletsheni. Amathuba okufunda ahlinzekwa uhlelo lwePSET.,zul,human,0
Ukubanjwa kweNgqungquthela Yotshalomali yokuqala ngo-2018 kwakuyisinyathelo esibalulekile sokwakha isisekelo esiqinile sotshalomali emnothweni wethu. Le ngqungquthela iyingxenye yomkhankaso obhungele ukubheka ukuthi singafika emgceleni wezinkulungwane zemali ezilinganiselwa ku-R1.2 billion. Inhloso enkulu wukuthuthukisa amabhizinisi amasha nokunikeza ukusekelwa okwanele okuzotholakala eminyakeni ezayo.,zul,machine,1
"I-BIS iwuhlelo lomxhaso lweNqubomgomo Yosozimboni Abamnyama ehlose ukuvulela amathuba osozimboni abamnyama abasebenza kumnotho waseNingizimu Afrika ngenxa yokungenelela okuqonde oku-thile, okuphokophele ukuzuza okuthile nokuhlelwe ngendlela ethile okuphathelene kanye nokungaphathelene nezimali. UKhumalo uthe kwabiza izigidi zamarandi eziyi-18 ukuze ibhizinisi liqale ukusebenza kanye nezinyanga cishe eziyi-11 ukuze liqale ukwenza inzuzo. Le nkampani ihambisa imikhi qizo yayo eNingizimu Afrika yonkana kanye nase-Uganda, eNamibia, kanye naseTanzania. UKhumalo uthe umthelela inkampani enawo ezimpilweni zabantu bendawo mkhulu kunokudala amathuba emisebenzi.",zul,human,0
"I-Gauteng on the Move wu hlelo oluqeda ungabazane nokudideka okuhambisana nokusetshenziswa kwezithuthi zomphakathi, njengoba luni keza umphakathi imininingwa ne eqondile futhi esheshayo mayelana nezikhathi zokuha mba kwezithuthi zomphakathi kanye nezindleko ze-Gautrain, Metrobus, A Re Yeng, Rea Vaya, Metrorail, amabhasi e-Gautrain, amabhasi e-Johannesburg City Sightseeing, amabhasi kama sipala waseTshwane kanye namatekisi. Ekhuluma ngesikhathi kwe thulwa lolu hlelo-kusebenza emahhovisi abasunguli balo e-Midrand, u-MEC wezoku Thutha e-Gauteng u-Ismail Vadi uthe umnyango uyasibona isidingo sezobuchwepheshe no hlelo oluphusile kwezokuthutha oluzobamba iqhaza ekuthuthu kisweni kohlelo lwezokuthutha. “UHulumeni Wesifunda zwe sase-Gauteng unikele ngesikhathi, imizamo nezi nsiza ukuthuthukisa lolu hlelo lwezokuthutha olusiza umpha kathi ukwazi ukuxhumana kalula nezinhlobo zokuthu thwa komphakathi ezahlukene esifundazweni.”""Sesiqalile ukubona amandla ezobuchwepheshe eguqula isimo sezinsizakalo zokuthu thwa komphakathi. Akukho ukungabaza ukuthi ushintsho lwezobuchwepheshe emhlabe ni jikelele seluqalise uguquko olukhulukazi emkhakheni we zokuthutha, futhi nathi kumele siguquke ukuze sihambisane nalezi zinguquko,” kusho yena.",zul,human,0
"Abaqashi bezikhungo zokuthuthuka kwabantwana bakhuthazwa ukuba baqaphele kakhulu mayelana nezephulamthetho zocansi. Ngokomthetho, kubalindelekile ukuba laba baqashi bahlole ukuthi ngabe abasebenzi babo bakhona yini kwiRejista Likazwelonke Lezephulamthetho Zocansi. Lokhu kwenziwa ngenhloso yokuvikela izingane nokunqunqula ubungozi obungase bube khona ezikhungweni zabo.",zul,machine,1
"Emva kwalesi siphithiphithi semvelo esidale umonakalo eThekwini, kukhona imizamo ekusekeleni ukubuyisela impilo nemisebenzi endaweni. Osomabhizinisi basizwa ngokulungisa amasu abo okusebenza ukuze bakwazi ukuvuselela amabhizinisi abo ngendlela efanele. Lokhu kubaluleke kakhulu ekulungiseni imithelela yezikhukhula nasekuqinisekiseni ukuthi umphakathi uyakwazi ukuzimela futhi.",zul,machine,1
"Usuku Lomhlaba LweDown Syndrome lugubha ukunikeza ulwazi nokukhuthaza ukuqonda ngalesi simo emphakathini. I-Down Syndrome iyingxenye yokuphazamiseka kumachromosome okwenzeka ngenkathi ukhulelwa, lapho kuba khona ukwengezeka kwamakromosome. Lolu suku luhlose ukufundisa abantu ngezindlela zokusekela nokuhlonipha labo abaphila ngalesi simo. Kubalulekile ukuthi sonke sibambisane ukuqinisekisa ukuthi abantu abane-Down Syndrome bathola amathuba afanele empilweni.",zul,machine,1
"Ukulahla uMthethosisekelo wombuso wobandlululo e mgqonyeni womlando, sizinikele thina kuMthetho sisekelo omusha kanye nohlu olusha lwamagugu.Ngesikhathi ngethula inku lumo kuSigungu Somthe thosisekelo eminyakeni engama-25 eyadlula, ngathi uMthethosisekelo wethu kumele ube yinto enkulu ukudlula amagama nje ase phepheni; kumele ube iqi niso ezimpilweni zabantu bakithi. Uma singenzi kanjalo, lo mqulu oya phambili kanye nowenkululeko uzoba yize leze futhi uzobe ungasho lutho. Sanquma kudala ukuthi ilu phi uhlobo lomphakathi esi funa ukuba yilona. Umpha kathi osekelwe ngesithunzi somuntu, ukulingana, inku luleko kanye nokungacwasi.",zul,human,0
"Ugcizelele ukuthi inhlosongqangi yohlelo isiyonke ukuthuthukisa isimo sezem p i l o k a n y e n e - sok ondlek a k wab afun - di ababuya emindenini edla imbuya ngothi eNingizimu Afrika. Lolu hlelo luqondiswe kubafundi abafunda ezikoleni zikahulumeni eziku quintile 1-3, okungamaphesenti angama-60 ezikole ezinezingane eziqhamuka emindenini empofu eNingizimu Afrika. Uhlelo luphinde lusize ukuqeda ubub ha emi - phakathini ngokudala amathuba omsebenzi. ""Ngenkathi kuhlolwa kutholakale ukuthi i-NSNP ihlinzeka abantu abalungiselela abafundi ukudla bengaholelwa, abangaphezu kwezi-50 000 minyaka yonke, ngethuba lokukhokhelwa isibonelelo semali yokugibela okungama-960 amarandi ngenyanga,"" kusho uMathe.",zul,human,0
"Kusukela enkhulumweni yokuqala eNgemposweni Sezwe ngo-2018, kukhona isithembiso esiqinile sokwenza uguquko lokulwa nenkohlakalo ezikhungweni zikahulumeni. Lolu hlelo lwaluhlose nokulwa nokukhwabanisa nenkohliso emkhakheni obhekene nezinselelo ezinkulu. Manje, le ndlela entsha yokulwa nenkohlakalo isiqala ukuthela izithelo, okukhombisa ukuthi imizamo yokuhlanza izinhlelo zikaHulumu iyasebenza.",zul,machine,1
"Izimpawu Zosizi Abazali kumele baqa phele futhi bagade izimpawu ezahlukene ezingabonisa ukuthi ingane yabo ibhekene nosizi. Lezi zimpawu zibandakanya: • Umntwana uyazihlangula futhi abe inkomo edla yodwa. • Izindlela zokudla nokulala ezingajwayelekile. • Ukushesha uzwele kakhulu, okufana nokuhlale ukhala, ukucasuka noma ukuthu kuthela masinyane.",zul,human,0
"Mhlari.“Ukuhlinzwa kusalokhu kuyiyona ndlela yokuqala ekhethwayo yokwelapha ukukhulelwa okungekho esibelethweni, kodwa-ke uma kusheshe kwahlo-nzwa kuyinto enokwenzeka ngempumelelo ukwela-shwa kwalokhu kukhule-lwa ngemithi ngaphambi kokuthi siklebhuke isitho somzimba esiqukethe uku-khulelwa okungekho esibe-lethweni,” kwengeza yena.UDkt. Mhlari uthe owesifazane usengaphinda futhi akhulelwe ngemva kokukhulelwa okungekho esibelethweni. Abesifazane abasola ukuthi banokukhulelwa okungekho esibelethweni kumele babonane ngoku-shesha nodokotela wabo, isibhedlela noma umthola-mpilo wangakubo.",zul,human,0
"Ngalokhu-ke, sizobe sise benza ezingeni likazwelonke nelesifunda ukuvumelana neNgqungquthela yeNhlangano Yabasebenzi Yamazwe Ngamazwe Ngodlame Nokuhlukunyezwa Emsebenzini. Kuyashiwo ukuthi inkululeko ayikhangezwa, kodwa iyatha-thwa. Ukukhululwa kwabesifazane kungamagama abhalwe phansi nje kuphela ngaphandle uma eha-mbisana nokuzinikela kwemikhakha yonke yomphakathi. Njengoba silungiselela ukuphinde sifukule umnotho wethu emva kobhubhane lwegciwane lecorona , sithe ngeke nje sivele sibuyele lapho kade sikhona ngaphambi kokuqubuka kwegciwane.",zul,human,0
Uhlelo lokuhlomisa izisulu lubuyisa ithemba emphakathini ngokufundisa abantu ngamalungelo abo. Lolu hlelo lusebenzela abahlali abangaphezu kwesigidi esisodwa base-Thohoyandou kanye nezindawo eziseduze naleyo. Lokhu kusiza ekutheni abantu bakwazi ukuzimela nokuzivikela ngendlela efanele.,zul,machine,1
"Lokhu kucwa ninga yindlela yokuhlonza esebenza kahle ngokubalelwa kumaphesenti angama-98.""UMaluleka uthi abantwana abanesifo se-DS bayakwazi ukuphila ngokupheleleyo, ngokunempilo kanye noku phila isikhathi eside. Noma lingekho ikhambi lokuyilapha, abantu abane-DS bayazuza kakhulu emakhaya anothando, ukunakekelwa ngokwelashwa okufanele, ukungenelela ngokuphuthu ma, emfundweni kanye nasemisebenzini yezandla. Ngenxa yokunakekelwa okuthe thuthu, abantu aba ningi abazalwe neDown syndrome namhlanje bali ndeleke ukuphila iminya ka elinganiselwa kuma-55. Abantu abane-DS banemizwa kanye nezidingo ezifanayo njengabanye abantu futhi badinga amathuba kanye nokunakekelwa okufanayo,"" kusho uMaluleka.",zul,human,0
"Ukusela utshwala ngenkathi ukhulelwe kungabalaza kakhulu impilo yomntwana wakho ongakazalwa. Lokhu kungaholela ekutheni umntwana akhule ngendlela engalungile noma abe nezinkinga zezempilo ezinzima. Uma uzizwa unzima ukuzithiba, sicela ungazibandakanyi kulo mthwalo wedwa, kodwa uvakashele isikhungo sezempilo esiseduze nawe. Ukuza kuthola usizo kuzokusiza ukuze uvikele impilo nekusasa lomntwana wakho.",zul,machine,1
"Abantu abalulama ekugulweni yi-COVID-19 kumele balandele imiyalelo ethile lapho bebuyela emsebenzini. Kubalulekile ukuzihlukanisa nabanye isikhathi esithile ukuze kugwemeke ukubulalela abanye igciwane. Ngisho noma umuntu engenazo izimpawu zokugula, kumele aqhubeke nokulandela imithetho yokuzihlukanisa. Lokhu kusiza ekugcineni indawo yokusebenza iphephile futhi kuvikele abanye abasebenzi.",zul,machine,1
"Ukuze ugweme ukuba yi sisulu sokushushumbiswa kwabantu kumele ugweme ukuhamba wedwa, ebusuku, noma emigwaqeni engenabantu.Kubalulekile ukuthi wazi ukuthi kwenzakalani endaweni okuyo ngazo zonke izikhathi. Ukuhlala uqaphile kuzokusiza ukuthi ukwazi ukubona uma kukhona okungekho esimeni. Uma ubona umuntu noma imoto ekulandelayo, thola indawo ephithizelayo futhi zama ukuxhumana namaphoyisa noma nomuntu omethembayo ngokuphuthuma.Laba abashushumbisa abantu bayaye bathembise umsebenzi ukuze bezokwazi ukuthumba izisulu futhi bayaye bazisondeze kwizisulu ngokuzithe mbisa ukuzinika umsebe nzi noma yiliphi elinye nje ithuba. Lolu hlobo loku shushumbiswa kwabantu lungenzeka noma yikuphi – ngisho nasezinkundleni zokuxhumana, esikoleni, enxanxatheleni yezitolo kanye nangaphandle kwekhaya lakho.Qinisekisa ukuthi we nza ucwaningo olunzulu ngabaqashi ngaphambi kokuba uyohlangana nabo kwinhlololwazi.",zul,human,0
"Uhulumeni uyaqhubeka nokulwisa inkohlakalo emisebenzini yomphakathi ukuze kuqinisekiswe ukuthi izinsiza zisetshenziswa ngendlela efanele. Kuye sethulwe iNombolo Ephuthumayo Kazwelonke Yokulwisana Nenkohlakalo ukuze kube lula kubantu ukubika lezi zenzo. Le nsiza ikhuthaza amalungu omphakathi ukuba babe nengxenye ekunqandeni ukukhwabanisa nokukhohlisa. Ngokubika inkohlakalo, sisiza ekwakheni uhulumeni othembekile nonikeza izidingo zomphakathi ngendlela ecacile.",zul,machine,1
"Ngesikhathi izinga lo tshalomali lehlile ngenxa yemiphumela yalolu bhu bhane, futhi imiklamo eminingana ibambezelekile, umkhankaso wotshalomali usuqala ukuthola amandla futhi. Njengoba senza inqubeke la-phambili ngokuqaliswa koHlelo Lokwakha Kabu sha kanye Nokuvuselelwa Komnotho ngokugxila kwingqalasizinda, uku thuthukiswa kwezimboni, ukuqashwa kanye nezi nguquko zezakhiwo isimo sotshalomali sizoqhubeka sibe ngcono.",zul,human,0
"Kodwa iqiniso lalithi sasi ngabumbene neze. Sasingabahlali basezweni lapho amalungelo omuntu, amathemba kanye nokuli ndelekile empilweni beku nqunywa ibala lomuntu. Iminyaka engamashumi amabili, uMthethosisekelo weRiphabhulikhi yaseNingi zimu Afrika wangowe-1961 wawungumfutho osemthe thweni wengcindezelo yaba ntu abacishe babe ngama-90% baseNingizimu Afrika. Loku kukhumbula iminya ka engajabulisi kwenzeka enyangeni efanayo naleyo esibungaza ngayo iminyaka engama-25 yokwamukelwa koMthethosisekelo wenta ndo yabantu omusha yiSi gungu soMthethosisekelo, okwaba ukuzalwa kwesizwe esibumbene ngempela.",zul,human,0
"Kungani kumele kwenzeke enganeni yami?Ukuqondisisa isithuthwane kanye nokuthi kungani ukudlikiza komzimba kwenzeka kungekuchazele ukuthi kungani lokhu kwenzeka enganeni yakho.Ezigamekweni ezicishe zisondele kuma-66%, imbangela eyisisusa sesithuthwa-ne ayaziwa. Lokhu kubizwa ngokuthi i-idiopathic epilepsy. Ezigamekweni ezisele imbangela eyisisusa ingatholakala, lokhu kwaziwa ngokuthi i-symptomatic epilepsy. Kungaba nembangela eyisisusa ehlukahlukene njengokulimala ekhanda, okungenzeka kunoma yisiphi isigaba sobudala; ukulimala ngesikhathi ubelethwa, oku-fana nokuswelakala kwe-oksijini eyanele ngenkathi ubelethwa; ukubophana kwamamasela okudalwa imfiva, ukuvuvukala ko-buchopho, isifo solwembu lobuchopho noma isimungumungwana sobungane; kanye nokuphazamiseka noma ukungalingani komzimba noma kwamakhemikhali emzimbeni.Udokotela uzokunika umuthi ozohambiselana nobudala, isimo sobunjalo bomzimba kanye nohlobo lokudlikiza ingane yakho enakho.",zul,human,0
"Umnyango wezeManzi nezeSisaneliso (DWS) ubike ukuthi kukhona ukuntuleka kwezimvula, okwenze ukuba kwehle izinga lamanzi emadamini. Ngenxa yalokhu, iziphathi mandla sezithathe izinyathelo eziqondile zokuzama ukunweba isikhathi sokufika kosuku lokuntuleka kwamanzi. Lezi zinyathelo zihlose ukuqinisekisa ukuthi abantu baqhubeka nokuthola amanzi ngesikhathi kusaqhubeka nokulindwa kwezimvula.",zul,machine,1
"“Ngangihleli ngikhathazekile kakhulu ngoxhaso mali njengoba ngiphuma ekhaya elintulayo. Kwaze kwaba ngunyaka wezi-2018, ngesikhathi ngitholaumfundaze ophuma ku-MISA. Lokhu kwangisiza uku-phothula iziqu zami ngapha-ndle kokukhathazeka okunye. Yonke into yayikhokheliwe, okwakumele nje ngikwenze kwakungukubhekana ngqo nezifundo zami,” ubeke ka-njalo.",zul,human,0
"Nakhu konke okumele ukwa zi ngokuziqalela eyakho i-B&B. Yini i-B&B? NgokoMkhandlu Oklama Amazinga Ezokuvakasha eNingizimu Afrika, i-Tourism Grading Council of South Africa, ama-B&B ahlinzeka ngendawo yokuhlala ehlinze ka ngemisebenzi ekhethekile kuphela engatholakala ekhaya. Igumbi ngalinye kumele libe nendawo yokugezela yalo, futhi isidlo sasekuseni kumele sibalwe emananini okuhlala.",zul,human,0
"Uthe ukwaziswa kwesi hlalo seziNdlovukazi eNi ngizimu Afrika kukho mbisa ukuzibopheze la emgomweni nokwa ziswa kokuphathwa ngokulingana kobulili bonke, ngale nkathi kube kwaziswa nendima yobu holi edlalwa ngabesifazane kuzo zonke izingxenye ze mpilo. “Abaholi bendabuko banendima ebalulekile okufanele bayidlale uku -ze kwakhiwe izwe eli ngenabubha, ukuntuleka kwemisebenzi nokuphathwa kwabantu ngokulinganayo. Abaholi bethu bendabuko badinga ukuba phambili kulo mzabalazo wokubu yisela amalungelo nesithu nzi kubantu bethu.”Uqhubeke wagcizelela ukubaluleka kwendima e dlalwa ngabaholi bendabu ko ekubuyiseleni umhlaba kubanikazi abafanele. “Badinga ukuqinisekisa ukuthi umhlaba ubuyise lwa kulabo abawuse benzayo kanye nokuthi labo umhlaba obuyise lwe kubona banezindlela zokuwusebenza,” kusho uMongameli Ramaphosa.",zul,human,0
"Wabuyela ku-Nel wamcela ukuba amqwashise kabanzi ngezolimo, u-Nel owamtshela ukuba akakhulume nenkosi yendawo ukuze imabele umhlaba. Emva kokubona inqubekela phambili yakhe esebenza epu lazini lika-Nel, inkosi yendawo yamabela umhlaba ongama hekthara angama-40 epulazini i-Babirwa Ba Tau Ya Tswala okuyilapho esebenzela khona. Useqashe abantu abasebasha abane asebenzisana nabo. Ipulazi likaMatlakane likhiqiza ophepha abaluhlaza libathumele ezitolo ezidayisa imikhiqizo yasensimini e-Bu chum, ePolokwane naseGoli.",zul,human,0
"Ukukhulelwa okungekho esibelethweni kwenzeka lapho i-embryo inganamathelanga ngaphakathi esibelethweni, kodwa inamathela enye indawo, njengasezintubeni zokuphatha i-ovum. Lokhu kuyisimo esiphuthumayo sezempilo ngoba kungaholela ekudabekeni kwezintubo, okubangela ukugwazuka kwegazi okuningi ngaphakathi emzimbeni. Uma kungalashwa ngokushesha, lokhu kungaba yingozi enkulu empilweni yomama. Ngakho-ke, kubalulekile ukufuna usizo lwezokwelapha ngokushesha lapho ezwakala izimpawu ezinjengobuhlungu obukhulu esiswini.",zul,machine,1
"I-ASIDI isanda kuthuthukisa ngokushesha ingqalasizinda yesikole esizinzile eMthatha, eKapa Mpuma. Lesi sikole besisebenza esakhiweni segalaji ekhaya lelungu lomphakathi, uMnu. Nkululeko Ralo. Eminyakeni eyedlule, isikole besisuthutha izikhathi eziningi ngenxa yokungabi nindawo efanele yokufundisa. Lokhu kuthuthukiswa kwengqalasizinda kuzoletha ukuzinza ekufundeni nasekuphumuleni kwabafundi basekhaya.",zul,machine,1
"Lesi Si-khwama, esesiqongelele izigidigidi eziyi-R2.61 kuze kube manje, sisize ekutholeni izinsiza zokuzivikela ezizokwazi ukuthi zihlale izinyanga ezimbili emisebenzini yomphakathi yezempilo kanye nakubasebenzi bezempilo yomphakathi.Noma kunjalo, kuseno-kwentuleka kwezinsiza zokuzivikela emhlabeni jikelele, kubandakanya nayo iNingizimu Afrika.Izinkampani ezinikele ngezinsiza zokuzivikela, okubandakanya Amabhizinisi aseNingizimu Afrika, i-Naspers, i-First National Bank , iUnited Pharmaceutical Distrib-utors, i-People’s Republic of China, Inhlangano Yezempilo Emhlabeni jikelele, inkampani yezimoto yakwa-Ford kanye neSikhwama Sobumbano. Kucelwa bonke abasebenzi bezempilo Baningi abasebenzi bezempilo abazodingeka njengoba izinga labantu abahaqwe iCOVID-19 lenyuka nje futhi uhulumeni uye wamemezela nakulabo basebenzi bezempilo abangasebenzi kanye nodokotela ukuba baxhumane nezifundazwe zabo. “Siphakamisa isimemezelo kubo bonke ochwepheshe bezempilo, ngisho nalabo asebathatha umhla-laphansi, ukuba baphumele obala futhi bavumele ukuqashwa kabusha – noma kuzoba kungokwesikhasha-na nje,” kusho uNgqongqoshe uMkhize.Uhulumeni uphinde waphaka odokotela base-Cuba abanga-ma-217 ezweni lonke jikelele. “Silokhu sithuthukisa ingqalasizinda ezibhedlela, silungisa izibhedlela zesikhashana futhi sithola sengeza nemibhede yeziguli zeCOVID-19 ” izokhiqizwa ezinyangeni ezizayo.",zul,human,0
"Lezi izenzo ezithusayo zobulwane ezingenandawo emphakathini wakithi.Ubushoshovu obuholwa yi-ntsha, ukuqwashisa kanye no-kwelulekana kwentsha yizona zikhali zethu emizamweni yethu yokuqeda udlame olu-bhekiswe kubulili obuthile e-mphakathini. Ngaso lesi sikha-thi, kumele siqinise uhlelo lwethu lobulungiswa, siqinise-kise ukuthi izigilamkhuba zi-yajeziswa, kuqiniswe imithetho yebheyili noshwele nokuthi labo asebegwetshwe udilika-jele babhadla ejele impilo yabo yonke.Ngesikhathi lokhu kudingaumsebenzi womphakathi wo-nke, ngicela amadoda ikakhu-lukazi asemancane ukuqala umzabalazo wokulwa nodlame olubhekiswe kubulili obuthile. Uma singaqeda impi ebhekiswe kwabesifazane baseNingizimu Afrika, iphupho lomphakathi omusha lizolokhu liyize leze.Labo bethu ababeyingxe-nye yombhikisho wabafundi ngesikhathi sobandlululo sihle-zi sibuzwa ukuthi sicabangani ngentsha yanamuhla. Ku-nokulingeka okukhona koku-ﬁ sa ukubuyela emuva 'ezinsu-kwini ezimnandi' zepolitiki yabafundi nomzabalazo we-ntsha, okungeke kuphinde kube khona.Kodwa ngendlela intsha ya-ngonyaka odlule echaze ngayo umsebenzi wayo, intsha yana-muhla iwuchazile owayo.Intsha yaseNingizimu Afrika yangowezi-2020 iyaﬁ ka ebangeni eliphezulu elabekwa abangaphambili.",zul,human,0
"UNyawo, oyingxenye ya basebenzi abaqaphe ezemvelo ngaphansi kwe-EPWP , ukholelwa ukuthi kusemqo -ka ukufundisa umphakathi ngokunakekela imvelo. “Sifisa ukuphuma sifundise umphakathi ukuthi kungani kubalulekile ukunakekela imvelo. Kulapho-ke umphakathi uzoqonda indima yezilwane nezinyamazane zasendle,” ngokusho kukaNyawo. Lolu hlelo, okuwuhlelo olufundisa intsha yaseNingizimu Afrika amakhono ewadingayo ukuze isebenze emkhakheni wokongiwa kwemvelo, izilwane zasendle nezitshalo, lolu hlelo lusize uNyawo ukuba anakekele umndeni wakhe.",zul,human,0
"Asikho isakhamuzi esingathatha umsebenzi wezikhulu ezisebenza ngabokufika noma izikhulu zomthetho ngokuphoqa ukuthi abokufika kuleli bakhiphe omazisi. Ngaphansi kweSahluko sama-41 soMthetho Woku fuduka, iphoyisa kuphela noma isikhulu esisebenza ngabokufika esingakwazi ukucela umuntu ukuthi akhiphe umazisi njenge sakhamuzi, njengowokuhlala lapha noma njengowokufika. Uma izikhulu zikholwa ukuthi, ngandlela thize, loyo muntu ukuleli lizwe ngokungemthetho, angaboshwa ngesikhathi uphenyo ngesimo sakhe lusaqhubeka. Ngesikhathi kwenziwa njalo, abezomthetho kumele bahloniphe amalungelo nesithunzi salowo muntu.",zul,human,0
"Kumiswe izindlela zokukhokha izibonelelo zikahulumeni kubantu abathintekile. Kuthengwa amaklasi angomahambanendlwane ukuze ukufunda noku fundisa kungezukuphazamiseka isikhathi eside ngaphezu kwalokho okufanele ezikoleni ezithintekile. Umsebenzi uyaqhubeka woku lungisa uhlelo lokuhlanzwa kwamanzi oluthintekile, izite shi zokuphampa amanzi namapayipi ahambisa amanzi. Imigwaqo elimele iyalungiswa.",zul,human,0
"Emkhakheni ehamba pha mbili efana neyokwakha, eyezakhiwo, ulwazi nobuchwepheshe bezokuxhumana, ezokuvakasha nezokuthutha, ubunikazi babantu abamnyama sekwedlulele kulokhu obekubhekiwe. Ukuguqulwa nokukhula komnotho kungamathe nolimi. Ngeke kube khona okunye ngaphandle kokunye. Ngokuhlanganisa uguquko kwinqubo yokuthuthukiswa kwezimboni, senza ngcono indlela yokukhulisa umnotho efaka wonke umuntu eyabelanayo, kunokugxila emnothweni.",zul,human,0
"INingizimu Afrika isondele ekupheleni kweSimo Senhlekelele Kuzwelonke, okuyinto elindeleke ukuthi ilethe inkululeko enkulu emphakathini. Uhulumeni ugcizelele ukuthi uhlose ukuqeda lolu simo ngokushesha, kodwa lokhu kuzenzeka lapho kuqedwe zonke izinyathelo ezidingekayo ngaphansi koMthetho Wezempilo Kuzwelonke kanye neminye imithetho yokulwa nobhubhane. Lokhu kusho ukuthi izinkampani kanye nabazakhi bezomnotho bazokwazi ukubuyela emshadweni wokusebenza ngokugcwele ngokushesha okukhulu.",zul,machine,1
"Ziningi ezinye izindlela uhulumeni afaka ngazo isandla ngqo ekudaleni amathuba omsebenzi, okuhlanganisa ukutshalwa kwezimali okukhulu kwingqalasizinda, ukusungulwa kwezindawo zomnotho ezikhethekile kanye nokwesekwa kwezimboni eziqashe abasebenzi abaningi. Okugxilwe kakhulu kukho kulo nyaka ngamabhizinisi amancane, amaphakathi nendawo kanye namancanyana, akwimifelandawonye yamabhizinisi kanye nomkhakha ongahlelekile. Ngokuklanywa kabusha kohlelo lwesiqinisekiso semali-mboleko esethulwe ezinyangeni zokuqala zobhubhane lweCOVID-19, senza imali ‘iphinde ibuye’ ukuthi ifinyelele kalula emabhizinisini amancane. Sandisa isikhuthazo sentela yokuqasha futhi sibheka ezinye izinguquko zomthetho ukuze kube lula kumabhizinisi amancane ukuqasha abantu abaningi.",zul,human,0
"Kwenzakalani emva kokulunywa indlebe ? U-Seloane uthi uma icala libikwa ngenombolo ephu thumayo, abasombululi ba macala bazobe sebehlola ukuthi yonke imininingwane edingekayo ihlinzekiwe yini. Lokhu kubandakanya imini ningwane yokuthi ngubani owenze ini, isenzo esisolwayo senzeke nini, futhi kungani. bamacala bazobe sebehlola ukuthi yonke imininingwane edingekayo ihlinzekiwe yini.",zul,human,0
"Izibalo zemisebenzi ezisanda kukhishwa zikhombisa ukuthi umnotho wezwe uqala ukuvuka ngemva kwesikhathi esinzima kakhulu. Lokhu kuza emva kokuhlaselwa yibhubhane, imizamo yokuvukela umbuso ngoNtsha ngo-2021, kanye nezikhukhula ezidale umonakalo ezifundazweni zaseKwaZulu-Natali, eMpumalanga, naseNyakatho Ntshonalanga. Naphezu kwalezi zivunguvangu, isimo somnotho siqala ukubonisa ukubuyela endleleni efanele.",zul,machine,1
"Imithetho emisha isiphakamiswe ukuzozinza nokuqinisa ukulwisana nokuhlukunyezwa kwabantu ngokobulili (GBV). Lokhu kusekelwa wukwenyuka okubuhlungu kwamacala okudlwengulwa kanye nezinkinga zezocansi ezibhekene nabesifazane. Nakuba abaningi sebeselelahlekelwa ithemba emthethweni ngenxa yokuhlala ngokwesaba, le mithetho isuke izama ukubuyisela ukwethenjwa kwezinhlelo zokuphepha nokuqinisa ukujeziswa kwabenzi bobubi.",zul,machine,1
"Eziningi zaqalwa ngabesifazane emiphakathini ukusiza abazali abadinga ukuthi aba ntwana babo banakekeleke ngesikhathi bona bese msebenzini. Iningi lalezi zikhungo zaqala njengezi nkulisa kanye nezikhungo zokunakekela abantwana emini. Eziningi kamuva-nje sezikhulile futhi zenyuka zafaka nezifundo zokuqala emsebenzini yazo.Njengohulumeni, sesibeke emahlombe ethu umsebenzi wokwenza ngcono izinga lokunakekela nokuqinisekisa ukuthi izinsizakusebenza zikhona ezikhungweni ze-ECD ukuze zizoqhuba imisebenzi efanele yabantwana abancane ukubalungiselela imfundo efanele. NgoMba sa wezi-2022, saphothula ukususwa komsebenzi we-ECD ngaphansi ko Mnyango Wokuthuthu kiswa Komphakathi waya nga phansi koMnyango Weze mfundo Eyisisekelo.",zul,human,0
"Sishicilele futhi sabuyekeza uHlu Lwamakhono Angandile, okokuqala ngqa futhi kusukela ngowezi-2014. Lezi yizibonelo nje, uma sigxila ekunikezeni amandla futhi sinaka inani elithile kwizinguquko ezibekwe eqhulwini, lo hulumeni ukwazile ukwenza inqubekelaphambili. Ngokusebenzisa iOperation Vulindlela , siphinde sakwazi ukusebenzisa indlela egxile emsebenzini ngokuphelele, lokho okuqinisekise ukulawula kangcono lapho iminyango nezinhlangano eziningi zibandakanyeka. Isibonelo esihle salokhu sikumkhakha wezamandla, lapho izinguquko eziningi ezibalulekile, ezihlobene ziqhubeka ukushintsha indlela esiphehla ngayo futhi esisebenzisa ngayo ugesi.",zul,human,0
"Umthetho Obhekelele Udlame Lwasekhaya uvikela ngokuphelele izisulu zodlame lwasemakhaya. Kubalulekile ukuba abantu, ikakhulukazi abesifazane, baqonde ukuthi ukuhlukumeza kwenzeka ngezindlela ezahlukene, hhayi ngokomzimba kuphela. Lokhu kuqonda kusiza izisulu ukuba zibone ukuthi zihlukunyezwa futhi zikwazi ukufuna usizo olufanele ukuze ziphephe.",zul,machine,1
"Emavikini ambalwa edlule, sesibhekane nezithombe ezile-tha usizi zabantu abahluphekile bebanga izijumbana zokudla ezikhungweni zokunikezela ngokudla kanye nemibhikisho yemiphakathi ngokuswelakala kokudla. Siphinde futhi sabhekana nezi nsolo eziphazamisayo nezihla-zayo. Izifundazwe eziningana zithole imibiko yokuthi kuna-bantu abanonya, abanye babo okusolakala ukuthi izikhulu zikahulumeni, bagweve noma badayisa izijumbana zokudla ezihlinzekelwe abantu aba-swele nabahluphekile, noma bakuhambisa kubangani nase-mindenini yabo.Uma kuke kwatholakala ukuthi lezi zinsolo ziliqiniso sizobhekana nalabo bantu ngesikhulu isihluku. Ngokumemezela isimo sika-zwelonke senhlekelele nokube-ka kokuvalwa kwezwe kulo-lonke lakuleli besizwa amanzi ngobhoko.",zul,human,0
"Isibonelelo somntwana esikhokhelwa u-SASSA ngama-R480 ngenyanga siqondiswe ekunakekeleni izidingo zomntwana kuphela. Nakuba le mali ihamba ngomnakekeli, kumele isetshenziswe ekutheni umntwana athole ukunakekelwa okufanele. Ukuxhashazwa kwalolu sibonelelo ngokusebenzisa le mali kwezinye izinto kuyicala elingaholela ekuboshweni. Kubalulekile ukukhumbula ukuthi le mali iyenzelwe ikusasa nempilo yomntwana.",zul,machine,1
"I-Go George ithatha isinyathelo esibalulekile ekuhlomiseni abantu abakhubazekile ngezinsiza zokuthutha ezifanele. Lokhu kuza ngemva kokuba uMasipala waseGeorge ephakamise iqophelo lokuthi izinhlelo zokuthutha umphakathi kumele zibe nokuqukumbela wonke umuntu ngaphandle kokukhetha. Ngokwenza lokhu, lolu hlelo luhlose ukubuyisela isithunzi nokuzimela kulaba bantu, luqinisekise ukuthi akekho oshiywa emuva.",zul,machine,1
"Ibhizinisi lakhe, iVictory Body and Nail Studio, liyisibonelo esihle sokuthi ungakwazi ukuguqula umjondolo waba yispa esisezingeni eliphezulu ngomdlandla nokuzimisela. Leli bhizinisi eliseBo Tshabelo eFreyistata likhula ngamandla, liheha abantu abavela ezindaweni ezahlukene abafuna ukucwalwa nokunakekelwa komzimba. Lokhu kufundisa ushintsho olukhulu nokuthi akubalulekile lapho uqala khona, kodwa kubalulekile ukuba nombono wokuthuthuka ukuze ufinyelele empumelelweni.",zul,machine,1
"Ukuze sigcine amanzi emadlelweni nasezigidini zethu, kukhona izindlela ezilula esingazisebenzisa. Kubalulekile ukuthi uchelele izitshalo zakho ngezikhathi zasekuseni noma ntambama lapho amazinga okushisa esepholile. Ngaphezu kwalokho, ungagcina namanzi asetshenziswe ekubiliseni amaqanda, uwaqale awasebenzise uma esebanda ukuchelela izitshalo zakho. Lezi zindlela ezincane zingasiza kakhulu ekutheni singawonge amanzi ngendlela efanele.",zul,machine,1
"UPhiko Lohlelo lukaHulumeni Lwezokuxhumana Nokudluliswa Kolwazi (i-GCIS) kanye ne-Digify Africa kamuva nje basingathe isithangami ku-inthanethi neMedia Monitoring Africa (i-MMA) kanye ne-Film and Publication Board (i-FPB) ukufundisa abantwana, othisha, abazali kanye nomphakathi indlela yokuziphatha kuinthanethi. UPhakamile Khumalo, uMlawuli Wohlelo Lokuthu thukiswa Kwamakhono Abantu Nabezindaba e-MMA, uthe izingane eziyisikhombisa kwezilishumi eziphendule imibuzo njengengxenye yocwaningo olubizwa nge-SA Kids Online Study zithe zisebenzisa i-inthanethi ngaphandle kwemvume yabazali bazo. Zine kuphela izingane kwezilishumi ezithe zinolwazi oluthile mayelana nokuphepha kwi-inthanethi. Lokhu kubonisa ukuthi izingane zidinga amakhono kanye nezinsiza ezizozisiza ukuthi zisebenzise i-inthanethi ngokuphepha.",zul,human,0
"Usuku nosuku, kunabantu baseNingizimu Afrika abanesibindi abafana no-Babita Deokaran abasa mile ekutheni ngeke babe yingxenye yenkohlakalo futhi bakulungele ukuvuma ukuthi baphumele obala bafakaze ngayo. Njengabantu baseNingi zimu Afrika simethulela isigqoko nazo zonke izingede emikhakheni kahulumeni nezimele abadalula inko hlakalo elukhuni futhi eyethu sayo. Bakwenza konke lokhu ngaphandle kokulindela ukubongwa noma ukuthola umklomelo. Okubalulekile nje kubona ngumsebenzi womphakathi osezingeni eliphezulu.",zul,human,0
"Abavumelanga ukuntuleka kwezinsiza kubaphazamise. Bazitholele intuba emikhakheni eminingi kusuka ebuchwe-phesheni obuphezulu kuya ekugcinweni kwemvelo.Manje ukudlula ekuqaleni sizobheka umfutho wentshayakithi wokusungula noku-qamba izinto ukuza neziso-mbululo zosizi lokuswelakala kwemisebenzi ezizosiza bona, nemiphakathi yabo. Ngesikhathi esifanayo, ngiphosela inselele intsha yezwe lakithi ukusungula nokuqamba izinhlelo ezizo-sisiza ukufezekisa amaphupho ethu okuthuthuka.Ngowe-1961, i-Cuba eguquki-leyo yathumela ibutho la-bafundi abangamavolontiya abasebasha ezintabeni nasezi-godini ukuyokwakha izikole, bafundise ukufunda nokubhala nokuqeqesha othisha abasha. Namanje usathathwa njengo-mkhankaso oyimpumelelo kakhulu kunayo yonke emla-ndweni wesimanje.Abantu bakithi abasha kumele basungule imizamo yo-kuthuthukiswa komphakathi futhi kumele kube yibona abayiholayo.Njengoba benza emzabala-zweni wokulwela ukulinga-na emfundweni ephakeme, umfutho omkhulu wentsha yakithi kumele usetshenziswe ukulwela ukufinyelela oku-linganayo ekunakekelweni ngokwezempilo, ekuguquleni nakubunikazi bomhlaba futhi, okubaluleke kakhulu, ubu-lungiswa ngokobulili.Njengabo bonke abantu baseNingizimu Afrika, ngi-phazamiseke kakhulu ukwe-nyuka kwezinga lokubulawa kwabesifazane abasebancane bebulawa ngamadoda.",zul,human,0
"UPhiko Lohlelo lukaHulumeni Lwezokuxhumana Nokudluliswa Kolwazi (i-GCIS) kanye ne-Digify Africa babe nengxoxo ebalulekile ku-inthanethi mayelana nokugcina abantwana bephephile emhlabeni wezobuchwepheshe. Lo mbhango, obambisane ne-Media Monitoring Africa (MMA) kanye ne-Film and Publication Board, ugxile ekufundiseni abazali nabasebenzi bezemfundo ngezindlela zokuvikela izingane ezihlukunyezweni zasemkhathini. Lokhu kubalulekile ukuze kuvikelwe abantwana ekuhlukunyezweni nasekuphucaphuceni kwengqondo okwenzeka kuwebhu.",zul,machine,1
"Abanikazi bamabhizinisi amancane nabathengisa bemigwaqo bahlangabezana nobunzima obukhulu ngenxa yokugwinywa kwezwe ngesikhathi seCOVID-19. Ukuze baphume kulesi simo, kube khona imizamo yohulumeni kanye nezinhlanganiso zabamabhizinisi yokunikeza izinkcesho nemishwana yezimali. Lokhu kusekwa kube kubaluleke kakhulu ekuvikeleni imisebenzi nasekuqinisekiseni ukuthi lezi zinkampani zingaphinda zime ngezinyawo.",zul,machine,1
"Esikhathini esingangekota yeminyaka elikhulu sisebe nzile ukwakha umphakathi onjalo. Senze inqubekela-pha mbili engephikwe, kodwa si senazo izinqinamba eziningi futhi usemuningi umsebenzi okusamele wenziwe. Njengoba sibungaza ukwa mukelwa koMthethosise kelo wentando yabantu, masikhumbule ukuphumula okungujuqu esakuthola kuhlelokusebenza olwalwe sekelwe ukubandlulula ngo kobuhlanga, ukuxhashazwa, ukuphucwa impahla kanye nokucindezelwa olwalukho na ngaphambili. Masikhumbule futhi ukuthi kukithi ukufeza umbono oqukethwe kuMthethosise kelo wethu.",zul,human,0
"Abasebenzi abaningi bakahulumeni banamakho no akhethekile adingeka ekuhlinzekweni kwezinsiza ngempumelelo. Ngakho-ke akusikho ukuthi sidinga abasebenzi bakahulumeni abambalwa: esikudingayo ngempela abasebenzi baka hulumeni abafanelekile ngumsebenzi abanamakhono afanelekile, ukuziphatha ngo mthetho kanye nokuzinikela ekusebenzeleni abantu. Amadoda nabesifazane abasebenzela uhulumeni ku mele bacijwe ukuze bezodlala indima yabo ekuthuthukiseni nasekuqiniseni intando ye ningi. Lokhu kuyisiqinisekiso sethu sombuso okhonayo osebenzela izidingo zezakha muzi.",zul,human,0
"Ukusabalala kwegciwane le-corona, okubangela isifo esaziwa nge-COVID-19, sekudlondlobale ngokushesha okuyisimanga, njengamanje selithathwa njengobhubhane emhlabeni jikelele. Lolu bhubhane alukhethi, lucindezela wonke umuntu ngaphandle kokubheka iminyaka noma isimo somuntu. Ngakho-ke, kubalulekile ukuthi sonke sibambisane ngokulandela imithetho yezempilo ukuze sikwazi ukulwisana nalesi sifo sibe phumelele.",zul,machine,1
"Uma ngabe ingane eguliswa uku hluleka uku gxilisa umqondo kanye nokugula kokungakwazi ukuzilawula (i-ADHD) noma ukuhluleka uku gxilisa umqondo (i-ADD) ingalashwa, lezo zimo zingaba nomthelela omubi ongathatha isikhathi eside kakhulu esimweni sempilo saleyo ngane. Lokhu sikuzwa ngo-Dkt. Khatija Jhazbhay, okunguye ongumphathi Wophiko Lwezokulashwa Kwesimo Somqondo Sezingane Ezincane Nezikhulile esibhedlela i-Townhill eMgungundlovu (i-Child and Adolescent Psychiatry).Uchaze wathi uma sezizi ndala, lezi zingane zingaba sengcupheni yokuhlaselwa ngezinye izimo ezingapha zamisa umqondo, njengesifo sexhala nokhwantalala, futhi zingasebenzisa izidakamizwa ngendlela engafanele. I-ADHD ne-ADD ingaphazamisa impumelelo kwezemfu ndo futhi nendlela yokuzi phatha kwazo ingabacasula abanye abantu.",zul,human,0
"UMnyango Wezasekhaya umemezela ukuthi uzolwisa inkinga yemigqa emide emahhovisi wawo. NgokukaNgqongqoshe uMalusi Gigaba, le migqa ibangelwa inani eliphezulu labantu abadinga usizo. Okunye okubangela lolu bunzima ukushoda kwezindawo emahhovisi kanye nezinkinga zobuholi. Le nyathelo lihlose ukuthuthukisa ukulethwa kwezidingo zomphakathi ukuze kube nokushesha.",zul,machine,1
"Okubandakanya: • Isifo somdlavuza • Isifo senhliziyo nesifo sohlangothi • Isifuba somoya• Isifo sikashukela. “Nakuba ukubhema ugwayi kungeke kube yiyona ndlela ngqo engenza lowo obhemayo ukuthi abulawe i-COVID-19, kodwa ingada-la izindlela eziseceleni njengoba ababhemayo bevame ukuba nezifo ezigcina zenza ukuthi umuntu osesuleleke ngaleli gciwane ashone,” kusho yena.Ukwengeza kulokhu, ukubhema ugwayi kubulala inqwaba yezitho zomzimba wakho futhi ngokuvamile uma sezifile umzimba awubi namandla anele ukulwa nezifo. U-Dkt. u-Egbe uthi ukubhema ugwayi kukhiqiza amakhemikhali angaphe-zulu kwezi-7 000; kanti angama-250 ala makhe-mikhali aseqinisekiswe njenganobungozi emzimbeni womuntu.",zul,human,0
"Emavikini okuqala amabili kuvulwe lesi sikhwama, kwanikelwa imali engaphe-zu kwamabhiliyoni amabili amarandi, ezosetshenziswa emizamweni yokusiza. Ukwesekwa KweziphazaUhulumeni uzibonile izingqi namba ezilethwe ubhubhane kulabo somabhizinisi abathengisa emgwaqeni. Ngalokho ke, uNgqongqoshe Wezokuthuthukiswa Kwama-bhizinisi Amancane uKhu-mbudzo Ntshavheni naye usekhiphe izinhlelo zokwese-ka labo bantu abasebenza kulo mkhakha.Lokhu kubandakanya uhle-lo lokweseka iziphaza. “Ukwesekwa kweziphaza kuzobandakanya ukuxhuma-na okubhekiswe ngqo kwizi-phaza, amandla okuthenga kanye nokuthenga inqwaba yezimpahla kubathengisi abakhethiwe nabavumelekile,” kuchaza uNgqongqoshe.",zul,human,0
"Abazali bazobamba iqhaza okhethweni lwe-SGB ABAZAlI BANEthuBA lokubamba iqhaza lobuholi ekulawulweni kokuphathwa kwezikole zikahulumeni ngenhloso yokuthuthukisa isimo kanye nokwenza isikole sabantwana babo sibe indawo engcono. ukhetho lwesigungu esilawulwa uku phathwa kwesikole (i-SGB) lubanjwa kuNdasa futhi abazali banxuswa ukuthi bazibandakanye ukuze ba bambe iqhaza elibonakalayo emfundweni yezingane zabo. Ukhetho luzobanjwa kuzo zonke izikole zikahulumeni ezweni lonkana. UNgqongqoshe Weze mfundo Eyisisekelo u-Angie Motshekga uthe le yinqubo yokhetho enkulukazi ezweni, engaphandle kokhetho lohulumeni basekhaya kanye no hulumeni kazwelonke.",zul,human,0
"■ Umshado kumele ubha liswe kuMnyango Wezase khaya ezinyangeni ezi ntathu kushadiwe ukuze kuvikelwe izintshisekelo zabashadikazi, izingane kanye namalungu omnde ni uma kwenzeka kuba nesahlukaniso somshado noma ukufa. ■ Lapho kubhaliswa umsha do, abashadikazi kumele baphathe amakhophi oma zisi kanye nesivumelwano selobolo (uma sikhona). Kumele kube nofakazi oyedwa okungenani ovela emndenini ngamunye. ■ Umyeni ofuna ukushada ngokwesintu okwesibili nomunye unkosikazi kumele afake isicelo enka ntolo.",zul,human,0
"Kubanikazi abaningi bamabhizinisi, ukubona ibhizinisi abalikhulisile kusuka ekuqaleni libhekane nobunzima noma liphoqeleke ukuthi livalwe, kuzwisa ubuhlungu obukhulu. Ngakho-ke, kubalulekile ukuthi kube nezinhlelo zokwesekwa ezingasiza lezi zinkampani ukuthi ziphinde zime ngezinyawo futhi zikhule. Lokhu kusekelo akugcini ngokuvikela imisebenzi yabasebenzi kuphela, kodwa kuqinisekisa nokuthi umnotho womphakathi uqhubeka nokuthuthuka. Ukubambisana phakathi kohulumeni nezinhlangano ezizimele kudingeka ukuze kudaleke amathuba amasha okuthuthukisa amabhizinisi amancane.",zul,machine,1
I-Operation Vulindlela ivula indlela yokukhulisa umnotho waseNingizimu Afrika ngokubhekisisa izithiyo ezinkulu. Izinkinga zokwakheka kwale mikhakha kudala zabekwa njengezinye zezithiyo ezithiyelele ekukhuleni komnotho wezwe. Lokhu kubandakanya ukungabikho kwamakhono ayadingeka kanye nezindleko eziphezulu zezinsizakalo zenethiwekhi. Le nkqubo ihlose ukususa lezi zithiyo ukuze kuvikelwe ukuthuthuka kwezemali nokudala amathuba emisebenzi.,zul,machine,1
"Umntwana uzofunda masi nyane ukuncela futhi lokhu kuzokusiza ukuthi ube nobisi oluningi.Umbuzo: Ngincelisa ibele, kodwa umntwana akasuthi. Ingabe kufanele ngimnike ubisi olusethinini futhi?Impendulo: Cha, ungenza ukuthi ube nobisi oluningi ngokuncelisa umntwana njalo nje. Nikeza umntwana isikha thi sokuncela ubisi aze asuthe ebeleni elilodwa ukuze uzo-qinisekisa ukuthi umntwana uthola ubisi lokugcina oku ngubisi umntwana aluthola ekugcineni kokuncela. Uma umntwana encela kakhulu, kukhandeka ubusi oluningi.Umbuzo: Umntwana wami ufuna ukuncela njalo mhlawumbe anginalo ubisi olwanele?Impendulo: Mhlawumbe umntwana ukhula masi nyane, usedinga ubisi olu ningi.",zul,human,0
"Uhulumeni waseNingizimu Afrika, ngaphansi koMnyango Wezemfundo Eyisisekelo, uhlinzeka ngokudla okunempilo ezikoleni. Lolu hlelo lwenzelwe ukuqinisekisa ukuthi abafundi bakwazi ukugxila ezifundweni zabo ngaphandle kokuhambiselwa wukulamba. Ukudla okwanele kunika abafundi amandla nengqondo evulekile ukuze bakwazi ukusebenza kanzima. Ngakho-ke, izisu ezigcwele ziba yisisekelo sokuthola imiphumela engcono kwezemfundo.",zul,machine,1
"Manje sesinomthetho owodwa wesizwe esisodwa. Sisonke, sizikhethele thina ngokwethu uhulumeni onikeza iqiniso lokuthi iyini iriphabhulikhi. Sithe kwiriphabhulikhi yethu yentando yabantu, wonke umuntu uyalingana ngaphambi komthetho futhi unelungelo lokuvikelwa ngokulinganayo kanye no kuzuza kumthetho. INingizimu Afrika iyizwe lapho ukwenza ubulungi swa kubekwe ezinkantolo ezizimele kanye nohlelo lwe zinkantolo olusebenza ngo koMthethosisekelo.",zul,human,0
"Lokhu kudlange kakhulu entsheni eyaziwa ngokuthi i-Generation Z, noma abantu abasha abazalwe phakathi kowe-1997 kuya kowezi-2015.Ucwaningo mayelana Nokuziphatha Kwabantu BaseNingizimu Afrika lwangowe-zi-2019/2020 olushicilelwe uMkhandlu Wocwaningo Ngezesayensi Yabantu luthole ukuthi ama-40% e-Generation Z awukaze we-zwa ngezehlakalo zomlando wange-16 kuNhlangulana. Iphesenti elifanayo like lezwa ngazo kodwa lazi okuncane kakhulu noma alazi lutho ngazo. Noma kunjalo, ucwaningo luphinde lwathola ukuthi abantu abasha balesi sizukulwane bavulelekile uku-thi bafunde ngezigameko zomlando futhi bakholelwe ekubalulekeni kwazo okuqhubekayo.Kumele senze okuthe xaxa njengezwe ukuqinisekisa ukuthi umyalezo wangowe-1976 udluliswa ngokwe-qiniso. Lokhu kungukuzinikela okuhlanganisile kukahulu-meni, izikole, izikhungo zemfundo ephakeme, abazali, imindeni, abaculi, amaciko, kanye nawo wonke umphakathi.",zul,human,0
"Uhulumeni uzimisele ukuqedwa kwenkohlakalo ezindaweni zakhe zokusebenza ukuze kuqinisekiswe ubuqotho. Kodwa-ke, kuvela ukuthi abantu abayizi 17 000 abaqashwe kuhulumeni kazwelonke nasezifundazweni bathumele izicelo zokwengeza imiholo yabo ngemali ebekelwe abantulayo. Lokhu kuveza ukuthi kusekhona ukungathembeki okubambezela imizamo yokuqeda inkohlakalo ohulumeni.",zul,machine,1
"Uhulumeni usebenza kanzima ukusiza abahlali baseKwaZulu-Natali naseMpumalanga ukuze bakhe kabusha izimpilo zabo emva kwezikhukhula ezibhubhisayo. Lolu sizo luhlanganisa ukwakha izindlu ezishonaliswe amanzi nokuhlinzeka ngezinsiza eziyisisekelo ezidingekayo. Ngokubambisana, uhulumeni nemiphakasho bafuna ukuqinisekisa ukuthi abantu babuyela ezindaweni eziphephile. Lokhu kuzosiza ekutheni imiphakasho iphinde isukume futhi iqine ekubhekane nezinhlekelele zemvelo esikhathini esizayo.",zul,machine,1
"Ichweba laseThekwini lisungulela iNingizimu Afrika inqwaba yamathuba emva kokuba kube nokuxoxisana phakathi kwabaphathi abakhulu benkampani yakwaTransnet. Kulolu hlelo, kube nokuvakashelwa kwezibuko ogwini lolwandle kusetshenziswa isikebhe sokuthutha. Lesi sikebhe sivame ukusetshenziswa ekuholeni imikhu mbi kusuka lapho ingena khona kuya lapho ithulwa khona.",zul,machine,1
"Lokhu kungukwenza ngcono ngama-25% onyakeni owedlule kanye nokunyuka ngama-15% onyakeni owedlule ngaphambi kobhubhane lwe-COVID-19. Esikhathini esifanayo, ihhovisi lakwa-SARS liphinde lakhokha inani eliphezulu kakhulu lokubuyisela intela selokhu lasungulwa eminyakeni engama-25 eyadlula. I-ejensi enekhono lokuqoqa intela ingummongo wokwakha umbuso okhonayo. Ukuqoqwa kwentela kuqhuba ukuthuthukiswa kwesizwe sethu.",zul,human,0
"Yini isomiso? Isomiso inhlekelele yemvelo ehambisana nesimo sezulu. Ingahlasela kakhulu izifunda izinyanga noma iminyaka futhi sinomthelela ekukhiqizweni kokudla, futhi sehlisa iminyaka yokuphila komuntu kanye namandla ezomnotho ezifundeni eziningi noma emazweni wonkana.",zul,human,0
"Bonke lobu buhlungu kanye nosizi bebungagwemeka kungenzeki uma bekuthathwe izinyathelo ekuphephiseni izimpilo zalezi zingane neziko lomlilo. Nokho-ke kimi kubukeka sengathi, umphakathi kanye nathi uqobo siyekelele izingane kunoma yini. Ziningi kakhulu izingane ezizithola zisezimweni eziyingozi, nokungaba isikebhe sokuzakhela noma zilaxazwe zodwa emikhukhwini okubaswa ngopharafini kuyo. Uma izinkontileka zishiya imigodi ivulekile nengaphe phile noma izakhiwo zesikole zingakalungiswa ngokufanele noma izithuthi zesikole zigcwele ngokweqile, ngalokho izimpilo zalezi zingane zizobe zibekwa ebungozini.",zul,human,0
"I-SIU yaphinde yagunyazwa ukuvula kokuthethwa kwamacala ukuze kuzobuyiswa konke okulahlekele umbuso. Okutholakale kumbiko I-SIU yaphenya izinkontileka eziyizi-5 467 ezazihlonyuliswe abahlinzeki-nsiza abayizi-3 066, ezazilinani eliyizigidigidi eziyi-R14.3. Uphenyo lwezinkontileka eziyizi-4 549 seluphothuliwe, eziyizi-2 803 zazo zatholakala ukuthi azihanjiswanga ngendlela. Lokhu kwenza ama-62% ophenyo oseluphothuliwe.",zul,human,0
"I-Israeli ne-Palestine zinxuswa ukuthi zidinge indlela yokuthula ukuze zigcine impi nezinhlekelele. Kunikezwa isibonelo saseNingizimu Afrika, eyisizwe esiphumelele ekuxazululeni izingxabano ezinzima ngokuhlangana nokuxoxa. Lokhu kukhombisa ukuthi ukuxoxisana ngokuthula kuyindlela eyodwa efanele yokuthola isisombululo esihlala isikhathi eside. Kubalulekile ukuthi lezi zizwe zibambisane ukuze kulethe ukuthula okuqinisile kubo bonke abantu.",zul,machine,1
"• N – Izimpawu zezi nzwa, ukushintsha indlela yokuhamba, yokuma noma yoku khuluma, ukuphathwa ikhanda okungapheli okuhambisana noma okungahambisani nokuhlanza kanye nokukhula kwekhanda. “Intsha, ematasa ngeze midlalo kanye nokunye ukuzivocavoca, ijwayele ukungaziqapheli izimpawu zokuqala zomdlavuza,” kusho u-Seegers.",zul,human,0
"Izindlela ezingakhethwa zoxhaso kanye nosizo lwezezimali. Ulwazi ngezinqubo zesicelo kanye nezinsuku zokuvala. Ukufakwa kwesicelo kwengxenye yesibili yonyaka kanye nezinsuku zokubhalisa. Noma ubani onentshisekelo emisebenzini ehlinzekwe ama-CDS angaxhumana nophiko lwezosizo lwe-CDS ngokusebenzisa izinkundla ezilandelayo: Thumela umbuzo wakho nge-SMS noma uthumele umyalezo othi “please call me” ku: 072 204 5056, noma Shayela u: 086 999 0123, okuyinombolo ehlanganyelwayo, kusukela ngoMsombuluko kuya kuLwesihlanu phakathi kwehora lesi-8 ekuseni nelesi-4:30 ntambama, Thumela i-imeyli ku: careerhelp@dhet.gov.za Vakashela amahhovisi ethu ku: 123 Francis Baard Street, Pretoria.",zul,human,0
"I-RTMC ibika ukuthi amakhadi amaningi elayisensi yokushayela awakaqukwa. Ngama-42% kuphela amakhadi, okungama-32 748, asealandiwe. Ngakho-ke, uNgqongqoshe Wezothutha uFikile Mbalula ugqugquzela bonke abashayeli ukuba bayolanda amakhadi abo ngokushesha.",zul,machine,1
"• Qinisekisa ukuthi umuntu omdala uyayiqapha eminye imisebenzi, njengo-kubhukuda.• Qinisekisa ukuthi umuthi uphathwa ngendlela eyiyo futhi uphuzwa njengoba uyaleliwe.• Hlinzeka uhlelo lwemise-benzi olunezikhathi zoku-phumula eziningi, ukudla okuthathu okunempilo ko-suku futhi nokuzivocavoca njalo nje.• Uma uchaza ngokudlikiza sebenzisa amagama ingane yakho ezowaqonda.• Ungavumi ukuthi ingane yakho isebenzise ukudlikiza njengezaba zokungenzi imisebenzi yasekhaya noma ukwamukela uku-ziphatha ngobuqotho.",zul,human,0
"Ukuqoqwa kwentela kudlala indima ebalulekile ekusekeleni ukuvuselelwa nokukhula komnotho wezwe. Kukhona ukuthuthuka okungama-25% okubonakale onyakeni owedlule, kulandela ukunyuka ngama-15% okwenzeka onyakeni ngaphambi kobhubhane lwe-COVID-19. Ngasikhathi sinye, ihhovisi lakwa-SARS liqhubeka nokulawula ukukhokhwa kwezimali zentela ukuze kuqinisekiswe ukuthi izinsiza zikufika lapho zidingeka khona.",zul,machine,1
"Lo khu kusho ukuthi cishe ama-38% esamba sezi bophezelo zotshalomali – noma izigidigidi ezinga ma-R290 – kuze kube yimanje zingene emno thweni. Olunye utshalomali lubambezelekile ngenxa ye-COVID-19 , ikakhulukazi emikhakheni eshayeke ka nzima njengokuthuthuki swa kwezakhiwo kanye nezokuvakasha. Ezokuthakwa kwemithi ziyingxenye entsha ethoko zisayo ekhulayo. Inkampani iAspen Pha rmacare isanda kwethu la ukunwetshwa kwe nkampani okubize izigi digidi eziyi-R3.4, okwa menyezelwa eNgqungqu theleni Yotshalomali ngo wezi-2018.",zul,human,0
"Isimo nalapho abesifazane eNi -ngizimu Afrika abakhona namu-hla sehluke kakhulu kunaleso esa-sibhekene nomama kanye nogogo bethu ngowe-1956. Sesibuya kude kakhulu ukuze sifinyelele kwi-Ningizimu Afrika engenabu-hlanga, engenabulili, yentando yeningi, ephumelelayo futhi ekhululekile.Sekube nenqubekelaphambili ebonakalayo ekwenzeni ngcono izimpilo zabesifazane baseNi-ngizimu Afrika kwezomnotho, kwezepolitiki kanye nasempi-lweni yomphakathi. Ngaso leso sikhathi, siyazi ukuthi kusekuningi okusamele si-kwenze. Abesifazane basabhekana nokucwaswa, ukuhlukunyezwa kanye nodlame, futhi babhekane ngqo nobumpofu.",zul,human,0
"Enkulumweni yakhe ye-SoNA yangowezi-2022, uMongameli u-Cyril Ramaphosa ugcizelele ukubaluleka kokuthuthukisa izimpilo nezindlela zokuphila zabantu. Lo msebenzi ubheke ekwakheni phezu kwezisekelo zoHlelo Lokwakhiwa Kabusha kanye Nokuvuselelwa Komnotho ukuze kuqinisekiswe ukukhula kokuthuthuka. Inhloso enkulu wukudala amathuba emisebenzi nokulwa nobubha ukuze wonke umuzi ube nempilo engcono. Lokhu kuzosiza ekutheni umnotho wezwe ukhule ngendlela efanele efike kubo bonke abantu.",zul,machine,1
Isifo se-Legionnaires siyinyumoniya ebucayi kakhulu. USolwazi Mlisana uthe kubalulekile ukubheka nokulandelela ukuxhumana kwabantu ngqo futhi uMnyango Wezempilo uzoqhubeka nokwenza lokho maqondana nalesi sigameko esitholakele. Uqinisekise izakhamizi zaseNingizimu Afrika ukuthi ingqalasizinda yaseLabhorethri inazo zonke izinsiza ezidinge kayo ukuze sikwazi ukuqapha noma yikuphi ukusuleleka okusha oku ngase kuqubuke. –SAnews.gov.za,zul,human,0
"Intsha iyinhliziyo nekusasa lezwe lethu. Amandla abo nemibono emisha bakhuthaza intuthuko nokushintsha kwendlela yokusebenza emphakathini. Kubalulekile ukuba sibaqeqeshe futhi sibafundise ukuze bahole ngokuhlakanipha nokuzinikela. Ngakho-ke, abantu abasha bayingo muso negolide lezwe lethu elidinga ukunakekelwa.",zul,machine,1
Amaphupho omphakathi wase-Tafelkop asefezekile emva kokuba abalimi abangama-30 bamukela amatayitela obunikazi omhlaba wabo. Lawa matayitela anikezwe abalimi uMongameli uCyril Ramaphosa. Lo mhlaba unikezwe UMnyango Wezemisebenzi Kahulumeni kanye neNgqalasizinda ngenhloso yokukhuthaza ukusebenza kwezolimo. Lolu hlelo luhlose ukunikeza laba balimi amandla okuzimela nokuthuthukisa umphakathi wabo.,zul,machine,1
"Ngesikhathi ngivakashele eThekwini ngoMfumfu kowe zi-2019, maningi amabhizini si alapha ekhaya futhi bani ngi abasebenzisi bechwe ba abaphakamise izikhala zo zabo mayelana nendlela ichweba laseThekwini elise benza ngayo. Izinkampani ezithutha izi mpahla ngomkhumbi, ikakhu lukazi, zikhathazekile kakhu lu ngesiminyaminya samaloli kanye nesikhathi esilindwayo, isikhathi sokungeniswa ko mkhumbi siyabambezeleka kanye nesikhathi sokukhumu la umkhumbi, ukunganakeke lwa kwezinsizakusebenza nokuba phansi komkhiqizo owenziwa echwebeni.Ukuvakasha kwami kwa kamuva ukuyobheka ukuzini kela okwenziwe ukubhekana nalezi zikhalazo ukuthi kuqa lisiwe. Ngempela kukhona inqu bekela-phambili ebonakala yo eseyenzekile eminyakeni eyedlule ukuguqula indle la yokusebenza echwebeni, ngale komthelela weCOV ID-19 . Le mizamo ibisivele itshengi sa imiphumela enentuthuko yokuphathwa kwezinsizaku sebenza, ukwehla kwesimi nyaminya, ukwenza umsebe nzi ngesikhathi esibekiwe kanye nokwenyuka kokuse tshenziswa kwezithuthi zika jantshi esikhundleni salezo ezihamba emgwaqeni.",zul,human,0
UNgqongqoshe uPandor uthe kuyisibophezelo sezwe ukweseka imindeni empofu kanye nesengcupheni kakhulu. Wayekhuluma ngesikhathi sesithangami sabezindaba lapho aveza khona inqubo yo kwethula imfundo ephakeme yamahhala eNingizimu Afrika. UNgqongqoshe uPandor ume -mezela ukuthi uhulumeni usetshale izigidi zezigidi zamara ndi eziyi-7. 166 ukuze ukho khele imifundaze yezingane ezivela emindenini empofu kanye nezasemindenini ena bondli abenza imisebenzi eholela amaholo aphansi ezi ngena emanyuvesi kanye naku makolishi e-TVET kulo nyaka.,zul,human,0
"Ngabe sengibheka futhi ngafaka isicelo sendawo lapho sizogcina sesakhe khona isikole sethu. Sathola amahektha ama hlanu omhlaba ngowe1998,” kusho u-Gilman. Amagumbi okufundela esikhashana amathathu anikelwe kulesi sikole yinhlangano ezimele engenzi nzuzo ebizwa ngokuthi yi-Kats and Spaks, kanti futhi umphakathi wakha izindlu zokufundela ezinhlanu zodaka. Kuyo yonke le minyaka, uGilman waqhubeka nokugqugquzela ukuthi isikole sithuthukiswe futhi ekugcineni, kwatholwa amagumbi okufundela amahlanu evela eHhovisi likaNdunankulu wase Mpumalanga Kapa.",zul,human,0
"“Ngaphezu kokudala ama thuba emisebenzi kubantu bendawo, sinohlelo lokutshala izimali ngokuphathelene neze nhlalo esisiza ngalo abesifazane baselokishini kanye nase-zindaweni zasemakhaya ukuthi baqale amabhizinisi amancane agxile ekwakheni imikhiqizo yokuhlanza ikhaya kanye nokuhlanza izindlu zangasese,” kusho yena. Uthe osomabhizinisi abasebancane kumele bazi ukuthi akukaze kwaba lula ukuqala ibhizinisi kodwa akumele badikibale ngoba bazothokozela inzuzo yalokho ekuhambeni kwesikhathi. Usekelangqongqoshe Wo mnyango Wezohwebo Nezi mboni uBulelani Magwanishe uthe i-Kevali Chemicals ibe yinkampani yokuqala ewungoti ngokuphathelene nomkhakha wamakhemikhali, ukukhiqizwa kwezemithi kanye namaplastiki eyagunyazwa ukuthi ixhaswe kusukela ekusungulweni kwe-BIS ngowezi-2016. “Le nkampani izohlinzeka ngamathuba emisebenzi adinge ka kakhulu emiphakathini eya-khele i-Harrismith enamazinga aphezulu kakhulu okwentuleka kwemisebenzi,” kusho Usekela ngqongqoshe uMagwanishe.",zul,human,0
"Kubaluleke kakhulu ukuthi wonke umuntu abhale incwadi yefa ukuze aqinisekise ukuthi impahla yakhe izokwabiwa ngendlela ayifisayo. Uma umuntu eshona engayibhalanga le ncwadi, izimpahla zakhe zizokwabiwa ngokomthetho obizwa nge-Intestate Succession Act. Lokhu kusho ukuthi umthetho uzonquma ukuthi ubani ozothola ifa kunokuba kube yizifiso zomuntu oshonile. Ngakho-ke, bhala incwadi yefa ukuze uvikele ikusasa labantu obathandayo.",zul,machine,1
"Uhulumeni kanye nezinhlangano zezempilo zigqugquzela umphakathi ukuba ubambisane ekulweni nengubo ye-COVID-19. Kubalulekile ukulandela imithetho yezempilo, okuhlanganisa nokugqoka imaski kanye nokugeza izandla njalo. Ukuthatha imigapha yokugomela kubonakala kuyindlela ephumelelayo yokunciphisa ukubhebhetheka kwalesi sifo. Ngokubambisana, singakwazi ukuvikela abantu ababuthakathaka futhi sibuyele empilweni ejwayelekile.",zul,machine,1
"I-ASIDI isakhulisa ingqalasizinda yesikole ngokushesha okukhulu, okuveza ukuzibophezela kwayo ekuthuthukiseni imfundo. Lesi sikole, esizinze eMthatha eMpumalanga Kapa, siqale umsebenzi wokwakha isakhiwo segalaji emzini wakwaNkululeko Ralo, oyiLungu lomphakathi okuthiwa usisize kulo msebenzi. Nakuba eminyakeni eyedlule isikole sabhekana nezinselelo zokuhleleka kwemisebenzi, manje intuthuko ibonakala ngokusobala.",zul,machine,1
"INingizimu Afrika isaqhubeka nokuzikhandla ukuze ifeze yonke imibono ebekwe phansi nguMthethosisekelo wayo. Nakuba iriphabhuli ichazwa njengombuso lapho amandla amakhulu ephethwe ngabantu kanye nalabo abakhethiwe, kwakungekho lapho iNingizimu Afrika ibe kulo ngaphambilini. Ngakho-ke, uMthethosisekelo wamanje usebenza njengesisekelo sokwakha isizwe esilungile lapho wonke umuntu ethola amalungelo ayo ngokulinganayo.",zul,machine,1
Amaphoyisa aseNingizimu Afrika acele ukuba imiphakathi ibambisane nawo ekulweni nobugebengu ukuze kwengezwe ukuphepha. Kubalulekile ukuthi abazakhelwane babike zonke izinto ezisolayo ngokushesha ukuze kuvinjwe izigameko zobugebengu. Lokhu kubambisana kuzosiza ekutheni kube nokuphepha okukhulu ezindaweni zethu zohlala. Uhulumeni ugcizelela ukuthi ukuphepha kwelizwe kuwumthwalo wabo bonke abaqhamuka kuleli.,zul,machine,1
"Lokhu kusho ukuthi imisebenzi kahulumeni kumelwe yenziwe abantu abaqeqeshekile nabazibophezele ekusebenzeni ngokuzikhandla. Ubuqotho nokusebenza ngobuchule kuqinisekisa ukuthi izidingo zomphakathi zifezeka ngendlela efanele nangokushesha. Uma abasebenzi bahlale bezivuselela ulwazi lwabo, kube lula ukuxazulula izinkinga ezinkulu ezibhekene nezwe. Ngakho-ke, ukuqeqeshwa kwabasebenzi kahulumeni kuyinsika ebalulekile ekuthuthukiseni izimpilo zabantu bonke.",zul,machine,1
"Emthethweni wakhe we-SoNA yangowezi ngo-2022, uMongameli uCyril Ramaphosa ugcizelele ukuthuthukiswa kwezinga lempilo kanye nemisebenzi yabantu. Lokhu kuzimisela kusekelwe oHlelo Lokwakhiwa Kabusha kanye Nokuvuselelwa Komnotho ukuze kuthuthukiswe isisekelo sezomnotho sesizwe. Inhloso enkulu wukubhekana nezinkinga zobumpofu ngokunikeza abantu amathuba amaningi okuziphilisa nokwakha isizwe esiqinile.",zul,machine,1
"Kubalulekile ukuba abantu abasululame ekugulweni nge-COVID-19 balandele imigomo yezempilo eqinile ngaphambi kokubuyela emsebenzini. Ngisho noma izimpawu sezihambile, kumele kuhlonishwe isikhathi sokuzihlela ukuze kuvikelwe abanye osebenza nabo. Futhi, labo abahlonzwe ngethuluzi kodwa babe ngaphandle kwezimpawu, kumele baqhubeke nokuzivikela ngokuqapha. Lokhu kuzosiza ekutheni indawo yokusebenza ihlale iphephile futhi kuvikelwe ukusabalala kwalesi sifo.",zul,machine,1
"Noma kunjalo, akakwazanga ukuqhube ka nohlelo lwakhe ngoba indawo yayinqunyelwe ukusetshenziselwa ezolimo. Wabe esenquma uku nweba ibhizinisi lakhe elincane lezolimo. Inqubo yesikhathi eside Ukwentuleka kwengqa lasizinda efana nocingo lokubiya, amathangi amanzi kanye nogesi kwenza ukuthi aqale ukusebenzisa lo mhlaba ngowezi-2016. Oneminyaka engama-49 ubudala wakhumbula indle la ayeyisebenzisa ngakho na injini yobuchwepheshe yokwenza ucwaningo i-Google eyamelekelela ukwenza ucwaningo lwezolimo.",zul,human,0
"Umukhodiwa, odabuka esigodini saseLuheni eLimpopo, uthole iziqu ze-Urban and Regional Planning eNyuvesi yaseVenda ngo-2016. Ungomunye wabahlomule bohlelwu lwe-MISA olusekela nokuxhasa abahleli bomumo wedolobha. Lolu hlelwu luhlose ukunika abahlomulele amathuba okusebenzisa imfundo yabo ekuthuthukiseni imiphakathi.",zul,machine,1
"Imithetho emisha esanda kwethulwa inhloso yokunqanda ukubhubhaka kwobulili (GBV) kanye nokuvikela abesifazane nabantwana. Le mithetho iqinisekisa ukuthi abenzi bobubi bakhokha izimpendamlando ezimatshatshatsha futhi baphiliswe ngendlela eqinile ngokomthetho. Ngokusebenzisa le mithetho, kukhona ithemba lokuthi ukudlwengulwa kanye nezinduku ezithinta isithunzi somuntu kuzokuncipha. Kubalulekile ukuthi wonke umuntu azi amalungelo akhe ukuze akwazi ukulwa nalesi sihlava ngendlela efanele.",zul,machine,1
"Isikole futhi siqinisekisa ukuthi kunezinsiza zokudla ezanele ezilawulwa ngokufanele, ukuqinisekisa ukuthi kuhlale kunokudla ukuqhuba lolu hlelo. “Isibonelo, sinesivande sokudla esisinika izitshalo ukwengeza ekudleni kweNSNP,"" kuchaza u-Sejake. Abahlomule Imiklomelo Esigabeni Sezikole Ezihamba Phambili, isikole i-Grootdrink Intermediate, esiFundeni i-Mgcawu eNyakatho Kapa, sithathe indawo yesibili; kwathi i-Aaron Gqedu Primary School, ese-Nelson Mandela Bay eMpumalanga Kapa, yaphuma isithathu. Zizothola impahla yasekhishini evela kuMnyango Wemfundo Eyisisekelo.",zul,human,0
"Kubalulekile ukuba abazali nabaqeqeshi bakhumbule ukuthi kumele bavikele abantwana ezingozini ezikhona emhlabeni we-inthanethi. Kufanele baqhubeke nokubabheka nokubafundisa mayelana nokuphepha ngenkathi besebenzisa izinhlelo zokuxhumana. Ngokusebenzisana, singaqinisekisa ukuthi abantwana bethu bagcina bephephile ekuhlukunyezweni nasekuboneni okuqukethwe okungalungile emhlabeni wezobuchwepheshe.",zul,machine,1
"Iflegi laseNingizimu Afrika lihlukile. Ladizayinwa i-State He rald saseNingizimu Afrika, uFred Brownell, futhi laqalwa ukuse tshenziswa ngomhla zingama-27 kuMbasa we-1994. Imibala yeflegi ayinancazelo ethile ngakho-ke akukho ngqikithi jikelele okumele iyamaniswe nemibala yeflegi. U-‘V’ eflegini ukhombisa uku hlangana kwabantu abahlukene baseNingizimu Afrika kanye nokuthatha indlela ephambi kwethu ndawonye ngobunye.",zul,human,0
"Ngifuna futhi ukugqugquzela ukuthi isilwane sidliwa kusuka ekhanda kuya emsileni, ukuze ngizoqhubela phambili le ndlela yokudla,” kusho uMolefe.I-Emazulwini iphinde yahlabana ngesicoco se-African Restaurant of the Year emcimbini waminyaka yonke wesine we-Luxe Restaurant Awards phambilini kulo nyaka. UHlelo Lokwakha Kabusha Nokuvuselelwa Komnotho I-Emazulwini iqashe abantu abane futhi uMolefe unezinhlelo zokukhulisa ibhizinisi lakhe. Uthi ingcebo yamagugu aseNingizimu Afrika iyona eludobo lwezivakashi.Njengengxenye yoHlelo Lokwakha Kabusha Nokuvuselelwa Komnotho, uhulumeni usekhethe umkhakha wezokuvakasha njengomunye odinga ukungenelela futhi ohamba phambili ekuvuselelweni komnotho. UMnyango Wezokuvakasha, umkhakha ozimele kanye nabanye ababambiqhaza babambisene ukusungula uHlelo Lokuvuselela uMkhakha Wezokuvakasha, oluzosiza ukuqhamuka neqhingasu lokusebenzisana phakathi kukahulumeni kanye nemboni ukuze kuzoqinisekiswa indlela engcono yokuphathwa kwezivakashi.",zul,human,0
"Ingabe lokhu kubalulekile?Impendulo: Umthubi, oku ngubisi lokuqala oluphuma ebeleni emuva kokubeletha, lukhuculula ijengezi esiswini somntwana. Angeke udinge muthi ukuthi usihlanzisise njengoba ubusi lwebele luhlanzekile nje, futhi luvala ingaphakathi lesisu, lusivikele emagciwaneni.Umbuzo: Ezinsukwini zokuqala, uma ngingenalo ubisi olwanele, ngingamnika amanzi noma olunye ubisi?Impendulo: Umntwana udinga umthubi kuphela. Kufanele nje uhlale uncelisa umntwana njalo ukuze ubisi luzophuma – uma wenza njalo wenza ubisi oluningi. Cela umbelethisi ukuthi akunikeze umntwana wakho singakapheli isigamu sehora emuva kokubeletha, ukuze uzobeka umntwana ebeleni.",zul,human,0
Kumele sithathe izinyathelo ezizinzile manje njengoba ukusabalala kwe-COVID-19 kukhula ngokushesha ezweni lethu. Kuyisibopho sethu sonke ukulandela imithetho nezikhombiso ezisishayelwe yizazi zezempilo ukuze sivikele imindeni yethu. Izinyathelo ezilula njengokugeza izandla nokugqoka imaski zingasiza kakhulu ekunciphiseni ukutheleleka kwalolu gciwane. Masibambisane sonke ukuqinisekisa ukuthi sivikela impilo nabantu baseNingizimu Afrika.,zul,machine,1
Amabhizinisi amancane anconywa ukuba afake izicelo zokuthola usizo ukuze akwazi ukukhula nokuzimela. UNgqongqoshe uNdabeni-Abrahams ugcizelele ukuthi amabhizinisi amancane ayinsika ekukhuliseni umnotho nasekulweni nobubha. Lokhu kushiwo kwiNgqungquthela ye-SheTradesZA lapho kukhulunywa khona ngezindlela zokubhekana nokuntuleka kwemisebenzi.,zul,machine,1
"Uma singaphu-melela ekwenzeni lokho, hleze singakwazi ukuqeda i-AIDS njengenye yezinsongo zesihlava esibi kwezempilo yomphakathi ngonyaka wezi-2030.Ngeshwa, asikafiki laphookwamanje. Kusamele sikhuphule amasokisi ukuze siqi nise-kise ukuthi abantu abasha ba-yakhuthazwa ukuthi banqande ukwesuleleka, kubandakanyaukushintsha indlela yokuzi-phatha, ukufinyelela kuma-khondomu kanye nokuhlala ngokuhlolela leli gciwane. Ku-fanele siqinisekise ukuthi noma ngubani osehaqwe yileli gciwane uyakwazi ukuﬁ nyelela ekwela-shweni kanye nasekunakeke-lweni.Kufanele ukuthi sisebenze ngokuzikhandla ekunqandeni i-HIV phakathi kwabantu abahamba phambili ekwesule-lekeni, okubandakanya aba-dayisa ngomzimba, abesilisa abazibandakanya ocansini na-banye besilisa, kanye nabantu abazijova ngezidakamizwa. Kumele siqede ukucwaswa kanye nobandlululo olubhe-kiswe kulaba bantu.",zul,human,0
"I-Operation Vulindlela iyinhlelo ehlose ukukhulisa umnotho waseNingizimu Afrika ngokuxisa izithiyo ezivimbela intuthuko. Le nhlelo ibhekisela ezinkingeni ezifana nokuntuleka kwamakhono kanye nezindleko eziphezulu zezinsizakalo zenethiwekhi. Ngokulungisa lezi zinkinga, kuhleliwe ukuthi kuvuleke amathuba amasha emisebenzi nokuthuthuka kwezemali. Lokhu kuzosiza ekutheni umnotho wezwe ukhule ngendlela efanele nengqalasizinda eqinile.",zul,machine,1
"Ukwengeza ezibonelelweni zethu ezikhona, ezitholwa ngabantu abangaphezu kwe zigidi eziyi-17 nyanga zonke, sengeze Izibonelelo Zabantu Abadala, Ezabantu Abaphi la Nokukhubazeka kanye nesibonelelo Sabantwa na. Saqalisa iSibonelelo Sokusiza Esiyisipesheli se-COVID-19 , esesitholwe ngabantu abayizigidi eziyi sithupha kuze kube manje. Lokhu kwenzeka emavikini okumenyezelwa kweSimo Senhlekelele Kazwelonke. Umsebenzi ongaka angeke wabukelwa phansi neze.",zul,human,0
"IPhiko Olukhethekile Kwezokuphenywa Kwamacala (i-SIU) likhiphe umbiko wokugcina olubika ngokusebenzisa budedengu kwezimali ezinikezelwe ngesikhathi se-COVID-19. Lolu phando lubonise ukuthi abantu abathile baphumelele ngenkohlakalo ngokuntshontsha imali eyayibhekiswe ekusizeni abantu abadinga usizo. Manje, ababhebhezeli benkohlakalo kumele babhekane nomthetho ukuze kubekwe obulungiswa futhi kuqinisekiswe ukuthi akukho okwenzeka futhi. Lokhu kubalulekile ekugcineni ukuthi imali yomphakathi isetshenziswe ngendlela efanele.",zul,machine,1
"Lesi sifo sake sabikwa emazweni ase-Afrika anjengaseNigeria, eDemocratic Republic of the Congo, eCentral African Republic kanye naseGhana ekuqaleni kweminyaka yezi-2000. Ukuqubuka kwaso kwakamuva kunezibalo eziphezulu e-Europe njengoba i-UK ihamba phambili ngezigameko ezingama-700, iSpain inezingaphezudlwana kwama-500, kulandele iGermany, iPortugal neFrance. UNgqongqoshe uthe i-National Institute for Communicable Disea ses (i-NICD) iqeqesha abasebenzi bezempilo ngeinthanethi besemsebenzini ukuze bakwazi ukusibona lesi sifo futhi ukuze kwenziwe nokuhlolwa kwaselabhorethri okudi ngekayo. ""Lesi sifo sisabalala ngokuthintana ngqo, ngakho angeke usithole ngokuba segunjini elilodwa nomuntu osulelekile,"" kusho uNgqongqoshe.",zul,human,0
"Izimpawu zokuqala zeSiluan yilezi: • Thola usizo uma kune zimpawu zokuqala futhi ezibelesele. • Ihlo: Ichashaza elimhlophe ehlweni, ukuqhunsula amehlo, ukungaboni, ukukhukhumala kwamehlo.• Isigaxa: Esiswini nasokhalweni, ekhanda nasentanyeni, ezithweni, emasendeni nasezindlaleni. • Okungachazeki: Imfiva engapheli emavikini ama bili, ukwehla kwesisindo somzimba, ukuphapha-theka kwesikhumba, ukukhathala, ukusheshe ulimale noma wophe masinyane. • Ukuqaqanjelwa: Kwa mathambo, amalunga omzimba, iqolo nokushe-sha ukuphuka.• Izimpawu zezinzwa: Ukushintsha noma ukwehla ekuhambeni, ukuzimela noma ukukhuluma, ukubuyela emuva kokukhula kwengane, ikhanda elibuhlungu elithatha ngaphezu kweviki elihambisana noma elingahambisani nokuhlanza kanye nokukhula kwekhanda.",zul,human,0
"Izinhlelo ze-Vuk Talks, ezihlelwe wuPhiko Lohlelo LukaHulumeni Lwezokuxhumana Nokudluliswa Kolwazi, zigqugquzelele ukuthuthukiswa kwamakhono abantu. Lezi zinhlelo zinikeza ukuqeqeshwa kwamahhala okuqondiswe ekusizeni abantu ukuba baqale futhi bakhulise amabhizinisi abo. Futhi, kuhlinzekwa nezinsiza ezibalulekile ezisiza ekwenzeni amabhizinisi abe seqinisweni futhi aphumelele emakethe. Inhloso enkulu yikuba abantu bathole ulwazi oludingekayo ukuze baziqhakambise ngokuzimele.",zul,machine,1
"Ukuqoqwa kwentela kukhule kakhulu, okufaka isandla ekubuyiseni umnotho nasekuvuseleleni ukukhula kwawo. Lokhu kukhonjiswa wukuphakama okungama-25% uma kuqhathaniswa nonyakathi odlule, kanye nokunyuka okungama-15% uma kuqhathaniswa nangesikhathi saphambi kobhubhane lwe-COVID-19. Lokhu kubonisa ukusebenza kahle kwe-SARS ekunikezeni uhulumeni izimali ezidingekayo zokuthuthukisa umnotho.",zul,machine,1
"Isomiso siyisikhathi eside lapho izimvula ziyivela kancane, okudala ukuntuleka okukhulu kwamanzi emiphakathini. NgokukaDkt Mathieu Rouault, ongusolwazi eNyuvesi yaseKapa eMnyangweni Wezifundo Eziphathelene Nolwandle, kubalulekile ukuthi sisebenzise amanzi ngendlela eqanile ukuze sinqande le nkinga. Kudingeka ukuthi imiphakathi ibambisane ekufundeni izindlela ezintsha zokulondoloza amanzi nokuvikela imvelo ukuze kubhekane nalesi simo esinzima.",zul,machine,1
"Uhlelo lokudla ezikoleni luqinisekisa ukuthi abafundi abalali, ikakhulukazi labo abaphuma ezikoleni ezincishwe amathuba. Lolu hlelo luhlose ukuthuthukisa ikhono labantwana lokufunda ngokunciphisa ukungondleki kahle nendlala. Ngaphezu kwalokho, leli nyathelo lenza ngcono ukuya kwabo esikoleni, okuqinisekisa ukuthi abantwana bathola imfundo efanele ngaphandle kokuhlukumezeka wukulamba.",zul,machine,1
"Izibalo ezisanda kumane zibonisa ukuthi umnotho wezwe usiqala ukuvuka ngemuva kwezikhathi ezinzima kakhulu. Lokhu kuza ngemuva kokubhekana nezinkinga zobhubhane, ukuvukela umbuso ngoNtungazwe ngo-2021, kanye nezikhukhula ezilimazile ezithinte iKwaZulu-Natal, iMpumalanga Kapa naseNyakatho Ntshonalanga. Ukubuyiselwa kwemisebenzi kubonisa ukuthi isizwe sinamandla okuzivuselela ngisho noma kunezithiyo eziningi eziqhubekayo.",zul,machine,1
"Inkampani i-BP Southern Africa isithengile umgudu kawoyela owawuse-East London kuwoyena i-Wasaa, inkampani ezimele emkhakheni wamakhemikhali kaphethiloli. I-Wasaa izuze yonke impahla kanye nezabelo zalo mgudu kule nqubo yokuthenganiswa. Lolu hlobo lokushintsha kwabaqashi lukhombisa ukubaluleka kokuthuthukisa umnotho ngokunikeza amandla amasha emakethe. Lokhu kuyingxenye ebalulekile yokukhulisa umnotho wonke.",zul,machine,1
"Ukuhlaselwa kwabantu be sifazane kuyaqhubeka nokuba yinto ejwayelekile, noma ku njalo, futhi-ke uTshepo wayeya ngokukhathazeka ngalokhu. Ngesikhathi eyisitshudeni sasePretoria Technikon, wasiza ukusungula ithimba eliqwashi sa amadoda mayelana nendi ma yawo emphakathini fu thi ngowezi-2004, wabhalisa i-South African Men's Action Group (SAMAG) njengenhla ngano engekho ngaphansi kuka hulumeni. Namhlanje, i-SAMAG isina basebenzi abasebenza ngoku gcwele abayi-10 futhi inamhho visi eGauteng, eFreyistata, eNyakatho Ntshonalanga, eLimpopo kanye naseMpumala nga. Izinikele ekugqugquzeleni izi-nguquko.",zul,human,0
"Funda imitha yamanzi ngaphambi futhi ngemuva kwesikhathi esingamahora amabili, uma engekho amanzi aseke asetshenziswa. Uma imitha yamanzi ingasafani, kuchaza ukuthi kukhona lapho econsa khona. Izakhamuzi ziyacelwa ukuba zilungise ompompi abaconsayo. Umpompi oconsa ngesilinganiso seconsi elilodwa umzuzwana umosha amanzi alinganiselwa kumalitha ayizi-10 220 ngonyaka.",zul,human,0
"Njengoba izwe libungaza Inyanga Yentsha, iVuk’uze nzele ibukisisa ukuthi intsha yezwe ihlinzekwa kanjani ngamathuba nguMnyango wezeMfundo ePhakeme Nezokuqeqesha ukuze i phumelele. Njengoba aqokwa ngoNhlo lanja njengoNgqongqoshe wezeMfundo ePhakeme No kuqeqesha, uNaledi Pandor unikezwe umsebenzi wo kuqalisa uhlelo lwemfu ndo yamahhala kwaba mpofu kanye nalabo abazi wa njengezitshudeni ezingo ndingasithebeni. Kulandela izibhelu zika zwelonke ngaphansi kwe siqubulo esithi: #FeesMu stFall , kwamenyezelwa ngoZibandlela ukuthi intsha evela emindenini lapho u mholo wakhona ungapha nsi kwezi-350 000 zamarandi ngonyaka izothola imfundo yamahhala ezikhungweni zemfundo ephakeme nokuqeqeshwa. Ukuqali swa kokusebenza kwalolu hlelo kuyaqhubeka futhi kuzoqhutshwa esikhathini seminyaka emihlanu.",zul,human,0
Ukubhema ugwayi kuyingozi kakhulu futhi kungashabalalisa impilo yomuntu ngokuphelele. Isibonelo sikaKatlego Makhanda sikhombisa ukuthi kunzima kangakanani ukuphuma kulo lolu lulutho olubamba umzimba nengqondo. Kubalulekile ukuthi abantu baqaphele imiphumela emibi yogwayi ukuze bavikele impilo yabo. Ukuyeka ukubhema kunikeza ithemba lokuphila impilo engcono futhi enempilo.,zul,machine,1
"Konke kubalulekile kulesi sikhathi, ikakhulukazi ngoba kusondela isikhathi samaho lide, ukuthi kungabi yithina esisonga izandla. Ukuqaphelisisa okukhulu kuyadingeka kithina sonke ukugcina igciwane liphansi. Ukukhuphuka kwegci wane kuye kunoma iliphi izinga angeke nje kuhlehlise esesikuzuzile kwezempilo. Kuzodicilela phansi imizamo esebenzayo yokuvuselela umnotho ebisikhona, futhi kusibuyisele emuva sisuka kwintwasahlobo siye ebu sika.",zul,human,0
Usuku lokugcina lwezicelo zoxhaso lwe-NSFAS ususondele. Lolu xhaso luhlinzekwa uMnyango Wezemfundo Ephakeme Nokuqeqeshwa kubantu abasha asebeqedile izifundo zabo noma abafunda kunoma isiphi isinga ezikhungweni zemfundo ephakeme. Abafundi bakhuthazwa ukuba bafake izicelo zabo ngokushesha ukuze bangashayiwa yisikhathi.,zul,machine,1
"Noma ngabe bahlala kuphi futhi noma ngabe benzani, bonke ngamunye banentshi-sekelo yokushintsha umhlaba.Ngesikhathi befuna ngoku-ngangabazeki ukuthuthukisa izimpilo zabo, bafuna futhi ukuba nomphakathi ongcono kanye nomhlaba ongcono. Bazibona bengamanxusa engu-quko eyisisekelo.Emlandweni abantu abasha bebelokhu behola ukuletha uguquko. Emashumini emi-nyaka embalwa edlulile, abantu abasha sebelwe izimpi eziningi zomzabalazo belwela ukungabikho kobulungiswa, kusuka ngowe-1968 kumbhiki-sho wabafundi e-Paris, kuya kumkhankaso ophikisana nempi eMelika ngowe-1960, kuya kumzabalazo ophikisana nobuqonela emazweni amani-ngi ase-Afrika nase-Asia, kuya ekulweni nobandlululo, kuya kumibhikisho yokulwela inkululeko yama-Arab i-Arab Spring.Kungekudala nje, abantu abasha bebephambili ku-mkhankaso we #BlackLivesMa-tter ozuze ukwesekwa umhlaba jikelele emva kokubulawa kuka-George Floyd eMelika. Emavikini ambalwa adlule, izishoshovu emhlabeni jikelele bezilokhu zifuna kususwe imifanekiso etusa ubulwane nodlame lokuhweba ngezigqila kanye nobuqonela.Embhikishweni waseNyuvesi yase-Oxford muva nje umbhi-kishi wayephethe uqwembe olunamagama athi 'Rhodes must Fall"", ukukhala okuhla-ngene kwabafundi ezweni lethu eminyakeni emihlanu eyedlule.Abantu abasha emhlabeni jikelele bathole isisusa esiso-dwa.",zul,human,0
Abahlali bayakhunjuzwa ukuthi kusekhona ithuba lokugcina lokubhalisela ukuvota ngempelasonto ezayo. UMashinini uveze ukuthi zonke izikhungo zokuvota eziyizi-22 932 zizovulwa kusukela ngo-08h00 kuya ngo-17h00. Lokhu kwenzelwe ukuvumela ikakhulukazi abaqala ukubhalisa ukuba bathole ithuba lokwenza lokhu kalula. Kukhuthazwa bonke abezakhi okungakabhalisanga ukuba bazisebenzise lezi zikhungo ukuze baqinisekise ilungelo labo lokuvota.,zul,machine,1
"Isitifiketi sikamatikuletsheni sibaluleke kakhudlwana ngoba sivula iminyango eminingi yamathuba empilweni. Ngakho-ke, kubalulekile ukuthi labo abangaphumelelanga kuqala bathathe leli thuba lesibili lokuzitholela lolu phawu. Lokhu kuzovula indlela yokuba ukwazi ukungena emanyuvesi noma uthole imisebenzi engcono. Ungayeki ukuzama ngoba imfundo iyisihluthulelo sempumelelo yakho yakusasa.",zul,machine,1
"Nawa amanye amacebo angakusiza kakhulu ekuhleleni:Hlela izifiso zakho zezimali, Buyekeza indlela obuphatha ngayo imali onyakeni wezi-2019 bese uhlela izifiso ezintsha zonyaka wezi-2020. Khokha zonke izikweletu zakho Qongelela imali esalayo noma amabhonasi nale ekukhushulwe ngayo umholo ukuze uyisebenzise ekunciphiseni izikweletu, lokhu kukhokha izikweletu zakho ngokushesha kungasiza ukuthi wonge ekukhokheni inzalo. Shintsha ibhajethi yakho ngo kufanele Uma ubheka indlela osebenzisa ngayo imali, yenza izinguquko ezinesidingo ebhajethini yakho, khuphula imali oyongayo bese wehlisa imali oyisebenzisayo. Uma ukhushulelwe umholo, thatha enye ima-li uyonge ukunokuthi wandise izindleko zempilo.",zul,human,0
Lolu hlelo lokuhlomisa izisulu lubuyisa ithemba ngokufundisa umphakathi ngamalungelo abo. Lusebenzela abahlali abangaphezu kwesigidi baseThohoyandou nasezindaweni eziseduze nabo. Lolu hlelo lubaluleke kakhulu ekunika abantu amandla okuzivikela nokuzimela.,zul,machine,1
