text,language,source,model,topic
"Uhlelo lokudla ezikolweni oluhlelwe uhulumeni lusebenza ngokukhuthala ukuqinisekisa ukuthi abafundi bathola ukudla okunempilo nsuku zonke. Lokhu kubalulekile ngoba isisu esigcwele sivumela umfundi ukuba agxile ngokugcwele ezifundweni zakhe ngaphandle kokungcwashelwa yindlala. UMnyango Wezemfundo Eyisisekelo uyaqonda ukuthi ukudla okunempilo kuyisisekelo sokuthuthuka kwemicabango nemiphumela engcono ezivivinyweni. Ngakho-ke, lezi zinyathelo ziyisisekelo sokwakha ikusasa eliqhakazile lezintsha zaseNingizimu Afrika.",zul,machine,gemma-4-31b-it,Izisu ezigcwele ziholela emiphumeleni engcono
"Recognizing that hunger is a significant barrier to learning, the South African government has implemented a robust school nutrition program to support students across the country. Through the Department of Basic Education, learners are provided with healthy meals to ensure they can concentrate fully on their studies. By prioritizing nutrition, the government aims to boost academic performance and ensure that every child has the energy needed to succeed in the classroom.",eng,machine,gemma-4-31b-it,Izisu ezigcwele ziholela emiphumeleni engcono
"UHulumeni waseNingizimu Afrika, ngokusebenza koMnyango Wezemfundo Eyisisekelo, uhlinzeka ngokudla okunempilo kubafundi ezikoleni. Lolu hlelo lwenzelwe ukuqinisekisa ukuthi abafundi abafundi belambile ukuze bakwazi ukugxila ngokuphelele ezifundweni zabo. Ukudla okunempilo kusiza ekuthuthukiseni amandla okuqonda nokukhumbula, okugcina kuholela emiphumeleni engcono kwezemfundo.",zul,machine,gemma-4-31b-it,Izisu ezigcwele ziholela emiphumeleni engcono
"The South African government, through the Department of Basic Education, provides healthy meals to students to ensure they can focus on their schoolwork. This initiative is based on the principle that proper nutrition is essential for better academic performance and cognitive function. By addressing hunger in schools, the program aims to create a foundation for improved educational outcomes for all learners.",eng,machine,gemma-4-31b-it,Izisu ezigcwele ziholela emiphumeleni engcono
"Uhulumeni waseNingizimu Afrika usebenzisa uhlelo lokudla ukuqinisekisa ukuthi abafundi banezisu ezigcwele ukuze bakwazi ukugxila emisebenzini yabo yesikole. Lolu hlelo luhlose ukuthuthukisa imiphumela yezifundo, njengoba ukudla okunempilo kuholela ekutheni abafundi babe nemiphumela engcono. UMnyango Wezemfundo Eyisisekelo ugcizelela ukuthi ukudla okunempilo kuyisisekelo sokusebenza kahle nokufunda ngempumelelo ezikoleni.",zul,machine,gemma-4-31b-it,Izisu ezigcwele ziholela emiphumeleni engcono
"The South African government is implementing a nutrition program to ensure students have access to healthy meals, recognizing that full stomachs lead to better academic results. The Department of Basic Education is driving this initiative to eliminate hunger as a barrier to learning, allowing students to focus more effectively on their schoolwork. By providing nutritious food, the government aims to improve overall educational outcomes and student performance across the country.",eng,machine,gemma-4-31b-it,Izisu ezigcwele ziholela emiphumeleni engcono
"Ukudla okunempilo kubaluleke kakhulu ekufundeni kwabafundi. Uma abafundi bephethwe ngokudla okwanele, bakwazi ukugxila kangcono ezifundweni zabo, okuletha imiphumela engcono esikoleni. UMnyango Wezemfundo Eyisisekelo uhlela uhlelo lokudla ukuze kuqinisekiswe ukuthi akukho mfundi ofunda elambile. Ngakho-ke, izisu ezigcwele ziyisisekelo sempumelelo yezemfundo.",zul,machine,gemma-4-31b-it,Izisu ezigcwele ziholela emiphumeleni engcono
"Proper nutrition is essential for academic success, as full stomachs lead to significantly better learning outcomes. In South Africa, the Department of Basic Education implements nutrition programs to ensure that students have access to healthy meals during the school day. When children are well-nourished, they can concentrate more effectively on their lessons and participate fully in their studies. Ultimately, reducing hunger in schools empowers students to reach their full potential and improve their overall educational performance.",eng,machine,gemma-4-31b-it,Izisu ezigcwele ziholela emiphumeleni engcono
"I-Central Application Clearing House (i-CACH) yinguhlelo olwesikhashana olungulwa uMnyango Wemfundo Ephakeme Nokuqeqesha ukuze lusize abafundi abangakatholi izindawo ezizikoleni. Lolu hlelo luhlose ukuxhumana abafundi abafuna ukufunda nezikhungo zemfundo ezinamasizeko avulekile, ukuqinisekisa ukuthi akekho umfundi okushiywa emuva. Ngonyaka ka-2018, i-CACH ibukele phambili ekulwiseni inkinga yokungabi nazo izindawo zokufunda, ikhuthaza abafundi ukuthi bafake izicelo zabo ukuze bathole amathuba afanele emfundweni ephakeme.",zul,machine,gemma-4-31b-it,I-Central Application Clearing House (i-CACH) Yowezi-2018
"The Department of Higher Education and Training launched the Central Application Clearing House, or i-CACH, as a critical intervention in 2018. This temporary initiative was established to assist students who had not yet secured placement at a higher education institution. By acting as a bridge between applicants and available spaces, i-CACH aimed to streamline the admissions process and increase overall access to tertiary education.",eng,machine,gemma-4-31b-it,I-Central Application Clearing House (i-CACH) Yowezi-2018
I-Central Application Clearing House (i-CACH) yinkqubo yesikhashana eyasungulwa uMnyango Wemfundo Ephakeme Nokuqeqesha ngo-2018. Inhloso yale nkqubo kwakuwukusiza abafundi abangakatholanga izindawo ezifanele ezizikoleni zemfundo ephakeme. I-CACH isiza ngokuxhumanisa abafundi nezikhungo zemfundo ezinamazinda avuliwe ukuze kube nokulinganiswa kwemifundiso. Lokhu kuqinisekisa ukuthi abafundi abafanelekile bathola amathuba okufunda ngisho noma bengazange bamukelwe ekuqaleni.,zul,machine,gemma-4-31b-it,I-Central Application Clearing House (i-CACH) Yowezi-2018
"The Central Application Clearing House (i-CACH) is a temporary initiative established by the Department of Higher Education and Training. Its primary goal is to assist students who are seeking placement in higher education and training institutions. By streamlining the application process, the system helps students find available opportunities and navigate their educational pathways more effectively.",eng,machine,gemma-4-31b-it,I-Central Application Clearing House (i-CACH) Yowezi-2018
UMnyango Wemfundo Ephakeme Nokuqeqesha usungule uhlelo olukhethekile olubizwa ngokuthi yi-Central Application Clearing House (i-CACH). Lolu hlelo luyisizathu sokusiza abafundi abafuna ukungena ezikhungweni zemfundo ephakeme kodwa abangakatholi izindawo. I-CACH isebenza njengendawo yokuhlanganisa izicelo zabafundi ukuze kuqinisekiswe ukuthi bathola amathuba afanele emanyuvesi nasemakolishi e-TVET. Lolu muzamo wezi-2018 uhlose ukuvula iminyango yemfundo kubafundi abaningi.,zul,machine,gemma-4-31b-it,I-Central Application Clearing House (i-CACH) Yowezi-2018
"The Department of Higher Education and Training established the Central Application Clearing House, known as i-CACH, as a temporary initiative to support students. This program is designed to assist applicants seeking placement into various higher education institutions. The i-CACH Yowezi-2018 cycle specifically aims to streamline the application process for eligible students. By facilitating these connections, the department seeks to improve access to further education and training.",eng,machine,gemma-4-31b-it,I-Central Application Clearing House (i-CACH) Yowezi-2018
"I-Central Application Clearing House (i-CACH) wuhlelo olwesikhashana olwasungulwa uMnyango Wemfundo Ephakeme Nokuqeqesha. Lolu hlelo lwakhelwe ukusiza abafundi abangakatholanga izindawo ezifanele ezinyuvesi noma emakolishi emva kwesikole. I-CACH ixhumanisa abafundi nabafuna izindawo zezifundo ukuze kube nokuxhumana okulula ekutholeni izindawo ezisasele. Ngale ndlela, abafundi banikezwa ithuba lokuthola imfundo ephakeme ukuze bathuthukise ikusasa labo.",zul,machine,gemma-4-31b-it,I-Central Application Clearing House (i-CACH) Yowezi-2018
The Central Application Clearing House (i-CACH) is a temporary initiative established by the Department of Higher Education and Training to assist students seeking placement in higher education institutions. It serves as a streamlined mechanism to help applicants find available spaces and navigate the admissions process more efficiently. This system ensures that eligible students are better connected with educational opportunities to further their studies.,eng,machine,gemma-4-31b-it,I-Central Application Clearing House (i-CACH) Yowezi-2018
"Umnyango uzibophezele ekutheni izisulu zokunukubezwa ngokocansi ziphathwe ngesizotha nangokunakekela okusezingeni eliphezulu. Ngakho-ke, kuqeqeshwa odokotela babe namakhono akhethekile okukwazi ukunikeza lusizo lwezempilo oluphelele nalolo lwesomqondo. Lolu hlelo luhlose ukunciphisa ubuhlungu nemizwa yokwesaba ezisulwini, ukuze bazizwe baphephile futhi bahlonishwa lapho befuna usizo. Eminyakeni emithathu edlule, kube nokukhula okubonakalayo kwezinani lodokotela abaqeqeshelwe ukubhekana nalo lolu hlobo lobugebengu ngendlela efanele.",zul,machine,gemma-4-31b-it,Ukuphathwa ngesizotha kwezisulu zokunukubezwa ngokocansi
"The Department is prioritizing the dignified treatment of sexual violence survivors by enhancing the specialized skills of healthcare providers. Through targeted training and equipping of doctors, the initiative aims to ensure that victims receive the compassionate and professional care they deserve. This effort has been underway for the past three years, significantly increasing the number of medical practitioners capable of supporting survivors of these crimes.",eng,machine,gemma-4-31b-it,Ukuphathwa ngesizotha kwezisulu zokunukubezwa ngokocansi
UMnyango uzimisele ukuqinisekisa ukuthi izisulu zokunukubezwa ngokocansi zithola usizo lwezempilo olusezingeni eliphezulu nolunesizotha. Lokhu kwenziwa ngokuqeqesha odokotela nokubanika amakhono akhethekile okukuphatha ngokunakekelo abantu abahlangabezana nalobu bugebengu. Lezi zinyathelo zihlose ukuqinisekisa ukuthi abasizwayo bathola ukunakekela okufanele okuzosiza ekulapheni kwabo nasekutholeni impilo engcono.,zul,machine,gemma-4-31b-it,Ukuphathwa ngesizotha kwezisulu zokunukubezwa ngokocansi
"The department is dedicated to enhancing healthcare for survivors of sexual abuse by ensuring they receive dignified treatment. To achieve this, doctors are being trained and equipped with specialized skills tailored to the specific needs of these survivors. This initiative reflects a broader commitment to providing comprehensive and compassionate medical care for all victims of such crimes.",eng,machine,gemma-4-31b-it,Ukuphathwa ngesizotha kwezisulu zokunukubezwa ngokocansi
"UMnyango uqinisekisa ukuphathwa ngesizotha kwezisulu zokunukubezwa ngokocansi ukuze kuqinisekiswe impilo engcono kubo bonke. Lokhu kwenziwa ngokuqeqesha nokuhlomisa odokotela ngamakhono akhethekile okupha tha izisulu zalobu bugebengu. Eminyakeni emithathu edlule, odokotela abaningi sebeqeqeshwe kuleli khono ukuze kuthuthukiswe ukunikezelwa kwezidingo zezempilo emiphakathini.",zul,machine,gemma-4-31b-it,Ukuphathwa ngesizotha kwezisulu zokunukubezwa ngokocansi
"The Department is enhancing the quality of healthcare for survivors of sexual violence by equipping doctors with specialized training and skills. This initiative aims to ensure that all survivors receive dignified, compassionate, and professional medical treatment. Over the past three years, the Department has focused on increasing the number of qualified medical personnel capable of providing this critical care.",eng,machine,gemma-4-31b-it,Ukuphathwa ngesizotha kwezisulu zokunukubezwa ngokocansi
Izisulu zokunukubezwa ngokocansi zidinga ukuphathwa ngesizotha nangothando ukuze zisize ekulapheni kwazo ngokwemizwa. Kubalulekile ukuba osisebenzi zezempilo baqinisekise ukuthi kunendawo ephephile nenokuyimfihlo lapho isisulu sizizwa sikhululwe futhi sisekelwe. Ukunakekelwa ngendlela enenhlonipho kunciphisa ubuhlungu bempilo futhi kunikeze isisulu amandla okufuna usizo lwezokwelapha kanye nobulungiswa ngaphandle kokwesaba. Le ndlela yokusebenza iqinisekisa ukuthi isithunzi sesisulu siyabuyiselwa.,zul,machine,gemma-4-31b-it,Ukuphathwa ngesizotha kwezisulu zokunukubezwa ngokocansi
"Providing dignified care to survivors of sexual violence is essential for their holistic physical and emotional recovery. This approach requires healthcare professionals to be trained in specialized skills to ensure that victims receive compassionate, respectful, and comprehensive medical attention. By prioritizing dignity and sensitivity, medical providers can help reduce re-traumatization and encourage survivors to seek the necessary support. Ultimately, integrating specialized training into healthcare systems ensures a safer and more supportive path toward healing for all survivors.",eng,machine,gemma-4-31b-it,Ukuphathwa ngesizotha kwezisulu zokunukubezwa ngokocansi
"UMnyango wezeMpilo usekuqaphelisisa kakhulu ukubhebhetheka kwesifo se-Listeriosis, okubeka izinsana engozini enkulu. Kubikwe ukuthi kukhona abantu aba-119 abatheleleke yilesi sifo kusukela ngomhla ka-5 kuZibandlela. Ngakho-ke, abazali bacelwa ukuba baqaphele kakhulu ukudla abakunika izinsana zabo ukuze kugwemwe ukubhebhetheka kalesi sifo esiyingozi.",zul,machine,gemma-4-31b-it,Izinsana zisengcupheni enkulu ye-Listeriosis
Health authorities are closely monitoring a growing Listeriosis outbreak after 119 cases were reported since December 5. Officials have warned that infants are at an especially high risk of contracting the dangerous infection. The Department of Health remains vigilant as it works to contain the spread and protect the most vulnerable populations.,eng,machine,gemma-4-31b-it,Izinsana zisengcupheni enkulu ye-Listeriosis
Izinsana zisengcupheni enkulu yokutheleleka isifo se-Listeriosis. UMnyango wezeMpilo usekuqapha ukubheduka kwalesi sifo ngemuva kokuba kubikwe abantu aba-119 abathelelekayo. Lezi zimo zibonakale kusukela ngomhla ka-5 kuZibandlela. Kubalulekile ukuba abazali babe qaphile ukuze bavikele izinsana zabo kulesi sifo.,zul,machine,gemma-4-31b-it,Izinsana zisengcupheni enkulu ye-Listeriosis
"The Department of Health is closely monitoring an outbreak of Listeriosis, as infants are identified as being at high risk. Since December 5th, approximately 119 people have been reported as affected by the disease. Authorities are tracking the situation to manage the spread and ensure public safety.",eng,machine,gemma-4-31b-it,Izinsana zisengcupheni enkulu ye-Listeriosis
"Izinsana zisengcupheni enkulu yokutheleleka ngesifo se-Listeriosis kanti uMnyango wezeMpilo usekufakele amehlo ukubheka lokhu kubhebhetheka. Kubikwe ukuthi abantu abayi-119 sebatheleleke yilesi sifo kusukela ngomhla ka-5 kuZibandlela. Lolu hlelo lokubhekisisa lwenzelwe ukuqinisekisa ukuthi kutholakala usizo olufanele, ikakhulukazi kulabo ababuthakathaka.",zul,machine,gemma-4-31b-it,Izinsana zisengcupheni enkulu ye-Listeriosis
"The Department of Health is closely monitoring an outbreak of Listeriosis, with 119 cases reported since January 5th. This infection is particularly dangerous for infants, who are at a significantly higher risk of developing severe complications. Health officials are tracking the spread of the disease to ensure public safety and prevent further infections. It is crucial to maintain strict food hygiene to protect vulnerable populations from this bacteria.",eng,machine,gemma-4-31b-it,Izinsana zisengcupheni enkulu ye-Listeriosis
"Ngokwemibiko yeNhlangano yeManzi neSisekelo (DWS), ukuntuleka kwezimvula okukhona okudala ukwehla okukhulu kwezinga lamanzi emadamini. Lokhu sekwenze iziphathi mandla zithathe izinyathelo eziqinile zokulawula ukusetshenziswa kwamanzi ukuze kunwebwe isikhathi sokufika kosuku lokuntuleka kwamanzi. Kucelwa kubahlali ukuba babambisane ngokunakekela amanzi ukuze kuvikelwe isimo esibucayi sokuntuleka ngokuphelele.",zul,machine,gemma-4-31b-it,Siza ukulwisana nosuku lokuntuleka kwamanzi
"The Department of Water and Sanitation (DWS) has warned that persistent low rainfall is causing dam levels to drop significantly across the region. In response, authorities have implemented stringent water-saving measures to delay the onset of ""Day Zero."" Residents are urged to conserve water immediately to help combat this crisis and safeguard the remaining reserves.",eng,machine,gemma-4-31b-it,Siza ukulwisana nosuku lokuntuleka kwamanzi
"Kukhona ukuntuleka kwezimvula okwenze izinga lamanzi emadamini lihlele kakhulu. Lokhu kubangele ukuthi kube nesimo esibucayi sokufika kosuku lokuntuleka kwamanzi ngokuphelele. Ngakho-ke, iziphathi mandla zithathe izinyathelo eziqinile ukuze kunwebwe isikhathi sokufika kwalesi sikhathi esinzima. Kubizwa ukuba sonke sisebenzisane ngokonga amanzi ukuze silwisane nalesi simo.",zul,machine,gemma-4-31b-it,Siza ukulwisana nosuku lokuntuleka kwamanzi
"The Department of Water and Sanitation has reported a critical decline in dam levels resulting from a lack of rainfall. In response, authorities have implemented strict water-saving measures to delay the onset of ""Day Zero,"" the point at which water supplies are completely exhausted. These actions are designed to conserve existing resources and ensure long-term water security.",eng,machine,gemma-4-31b-it,Siza ukulwisana nosuku lokuntuleka kwamanzi
"Umnyango wezeManzi nezeSisaneliso (DWS) ubike ukuthi kukhona ukuntuleka kwezimvula, okwenze ukuba kwehle izinga lamanzi emadamini. Ngenxa yalokhu, iziphathi mandla sezithathe izinyathelo eziqondile zokuzama ukunweba isikhathi sokufika kosuku lokuntuleka kwamanzi. Lezi zinyathelo zihlose ukuqinisekisa ukuthi abantu baqhubeka nokuthola amanzi ngesikhathi kusaqhubeka nokulindwa kwezimvula.",zul,machine,gemma-4-31b-it,Siza ukulwisana nosuku lokuntuleka kwamanzi
"The Department of Water and Sanitation (DWS) has reported a significant decline in dam levels resulting from a lack of rainfall. This situation has heightened concerns over the arrival of ""Day Zero,"" the point at which water supplies are completely exhausted. Consequently, authorities have introduced strict measures to conserve water and delay the onset of the crisis.",eng,machine,gemma-4-31b-it,Siza ukulwisana nosuku lokuntuleka kwamanzi
"Ngenxa yokuntuleka kwezimvula, izinga lamanzi emadamini lihlele kakhulu, okwenza kube nesidingo sokuthi sonke sisebenze ngokubambisana. Siyakhuthazwa ukuba sinciphise ukusetshenziswa kwamanzi ngokungachitha nangokulungisa yonke imigqa evuzayo. Ngokulandela lezi zinyathelo, singakwazi ukunweba isikhathi futhi silwisane nosuku lokuntuleka kwamanzi emiphakathini yethu.",zul,machine,gemma-4-31b-it,Siza ukulwisana nosuku lokuntuleka kwamanzi
"Due to a lack of rainfall, water levels in dams have dropped significantly according to the Department of Water and Sanitation. To prevent the arrival of ""Day Zero,"" authorities are implementing strict water-saving measures to manage the remaining supply. It is essential for everyone to reduce their water consumption and adopt sustainable habits to ensure that communities do not run out of this vital resource.",eng,machine,gemma-4-31b-it,Siza ukulwisana nosuku lokuntuleka kwamanzi
"Okhulumela amaphoyisa aseMpumalanga, uColonel Mtsholi Bhembe, ugcizelele ukubaluleka kokuba umphakathi ubike zonke izenzo zokunukubezwa. Uthe ukubambisana phakathi kwabantu namaphoyisa kuyisihluthulelo sokulwa nalo bugebengu, ukuze kuqinisekiswe ukuthi abenzi bobubi babhekana nomthetho. Ngokubika, abahlukumezekile bayabuya amandla abo futhi bavula indlela yokuthola ubulungiswa.",zul,machine,gemma-4-31b-it,"Buyisa amandla akho, bika ngokunukubezwa"
"Mpumalanga police spokesperson Colonel Mtsholi Bhembe has called on the community to reclaim their power by reporting all incidents of abuse. He stressed that strong cooperation between the public and law enforcement is vital in effectively combatting these crimes. Bhembe emphasized that while it is the duty of the police to intervene, reporting such offenses is the first essential step toward achieving justice.",eng,machine,gemma-4-31b-it,"Buyisa amandla akho, bika ngokunukubezwa"
"UColonel Mtsholi Bhembe wagcizelela ukuthi kubalulekile ukuba umphakathi ubike ukunukubezwa namaphoyisa aseMpumalanga. Ukusebenzisana phakathi kwabantu namaphoyisa kuyasiza ekulweni nalo bugebengu ngempumelelo. Ngakho-ke, abantu bakhuthazwa ukuba bakhulume ukuze babuyise amandla abo futhi baqede lokhu kunukubezwa emiphakathini yabo.",zul,machine,gemma-4-31b-it,"Buyisa amandla akho, bika ngokunukubezwa"
"Colonel Mtsholi Bhembe, a spokesperson for the Mpumalanga police, is urging the community to report cases of abuse and harassment. He emphasizes that cooperation between the public and law enforcement is essential to effectively combat these crimes. By speaking out, victims are encouraged to reclaim their power and allow the police to fulfill their duty of ensuring safety.",eng,machine,gemma-4-31b-it,"Buyisa amandla akho, bika ngokunukubezwa"
"Okhulumela amaphoyisa aseMpumalanga, uColonel Mtsholi Bhembe, ubize umphakathi ukuba ungathuli kodwa ubike zonke izigameko zokunukubezwa. Ugize ngokuthi kubalulekile ukuba abantu basebenzisane namaphoyisa ukuze lo mkhuba wobugebengu uqedwe ngokuphelele. Uthe, ""Njengamaphoyisa, kuwumsebenzi wethu ukudlala indima yethu ekulweni nalobu bugebengu.""",zul,machine,gemma-4-31b-it,"Buyisa amandla akho, bika ngokunukubezwa"
Mpumalanga police spokesperson Colonel Mtsholi Bhembe has urged the public to report cases of abuse to help victims reclaim their power. He emphasized that community cooperation is essential for the police to effectively identify and combat these crimes. Colonel Bhembe stated that it is the fundamental duty of the police to play their part in ensuring the safety and justice of all citizens.,eng,machine,gemma-4-31b-it,"Buyisa amandla akho, bika ngokunukubezwa"
"Ukuhlukunyezwa nokunukubezwa kuwubugebengu obubucayi obuthinta abantu abaningi emphakathini. Kubalulekile ukuthi ungathuli, kodwa ubuyise amandla akho ngokubika lokhu okwenzekayo. Njengoba uColonel Bhembe ekugcizele, ukubika lobu bugebengu emaphoyiseni kusiza ekutheni kube nokulungiswa kwezinto. Uma umphakathi usebenzisana namaphoyisa, sakha indawo ephephile kubo bonke abantu.",zul,machine,gemma-4-31b-it,"Buyisa amandla akho, bika ngokunukubezwa"
"Reclaiming your power begins with the courage to report abuse and seek help. Colonel Mtsholi Bhembe of the Mpumalanga police emphasizes that community cooperation is essential for law enforcement to effectively combat these crimes. By reporting abuse, victims can move toward safety while ensuring that perpetrators are held accountable. Together, the public and the police can create a more secure environment for everyone.",eng,machine,gemma-4-31b-it,"Buyisa amandla akho, bika ngokunukubezwa"
"Umbiko wekota yokugcina yonyaka we-2017 ukhombisa inqubekela phambili emangalisayo ekulweni nobuzingela bobhejane. Kukhona ukwenyuka okubonakalayo enanini labantu ababoshiwe kanye neziphenyo ezithuthukile ezibhekiswe kulabo abadayisa izimpondo zobhejane. Lokhu kuholele ekutheni abazingela abaningi bagwetshwe imithetho eqinile, okuyisinyathelo esibalulekile ekusindiseni obhejane bakithi.",zul,machine,gemma-4-31b-it,Sindisani obhejane bakithi
"A recent report spanning the final quarter of 2017 reveals significant progress in the crackdown on rhino poaching. Data shows a marked increase in arrests and investigations, leading to a higher conviction rate for those hunting rhinos for their horns. These results signal a strengthening of law enforcement efforts to protect endangered wildlife. This momentum remains vital in the ongoing mission to save our rhinos.",eng,machine,gemma-4-31b-it,Sindisani obhejane bakithi
"Lo mbiko ugxile ekulweni nokubulala obhejane, ubheka kakhulu inkathi yokugcina yonyaka we-2017. Ukhombisa ukuthi kukhona inqubekela phambili ekuboshweni kwabazingela kanye nokwenziwa kwophenyo olujulile. Okubalulekile ukuthi abantu ababebulala obhejane ngenxa yezimpondo sebeqale ukugwetshwa. Lokhu kuzosiza ekulweni nokuvikela obhejane bakithi ukuze bangashabalali.",zul,machine,gemma-4-31b-it,Sindisani obhejane bakithi
"The ""Save our rhinos"" initiative focuses on combatting the illegal poaching of rhinoceroses for their horns. A report covering the final quarter of 2017 indicates significant progress in law enforcement efforts to protect the species. Specifically, there has been a notable increase in the number of arrests, investigations, and successful convictions of poachers. These results reflect a strengthened commitment to ending poaching through stricter legal action.",eng,machine,gemma-4-31b-it,Sindisani obhejane bakithi
"Umbiko wekota yokugcina yowezi-2017 ukhombisa inqubekela phambili ekulweni nokuvikela obhejane bakithi. Lokhu kuhlanganisa ukunyuka kwenani labantu ababoshiwe kanye nokuthuthuka kwezinhlelo zophenyo eziqondiswe kubazingeli. Ngaphezu kwalokho, abazingeli ababebulala obhejane ukuze bathole izimpondo manje sebegwetshwe ngokusemthethweni.",zul,machine,gemma-4-31b-it,Sindisani obhejane bakithi
"A recent report, covering the final quarter of 2017, indicates significant progress in the effort to protect rhinos. The findings highlight an increase in the number of arrests and ongoing investigations targeting poaching syndicates. Additionally, the report notes that several poachers have already been successfully prosecuted and sentenced for the illegal trade of rhino horns.",eng,machine,gemma-4-31b-it,Sindisani obhejane bakithi
"Ubhejane busengozini enkulu ngenxa yokuzingela ukuze kutholwe izimpondo zawo. Umbiko wekota yokugcina ka-2017 ukhombisa inqubekela phambili ekuboshweni nasekugetshweni kwabazingela, okuyinto eyethisayo. Kubalulekile ukuthi sonke sibambisane ukuze sivikele lezi zilwane azinyamalali. Masisebenze ngokuzikhandla ukusindisa obhejane bakithi ukuze zigcinele izizukulwane ezizayo.",zul,machine,gemma-4-31b-it,Sindisani obhejane bakithi
"Efforts to save rhinos are essential for preserving biodiversity and protecting these endangered animals from extinction. Reports from late 2017 indicated significant progress in this fight, showing an increase in arrests and more thorough investigations into illegal poaching activities. Furthermore, the successful conviction of those poaching rhino horns serves as a critical deterrent against future crimes. These legal victories demonstrate that strict law enforcement and consistent monitoring are key to ensuring the long-term survival of rhino populations.",eng,machine,gemma-4-31b-it,Sindisani obhejane bakithi
"Isikhulu Sokhetho Esiyinhloko, uSy Mamabolo, usazisa ukuthi ukubhalisela ukuvota kuzoba ngoNdasa wezi-2018. Ubike ukuthi zonke izikhungo zokuvota eziyizi-22 612 zizobe zivulekile ngempe-lasonto mhla ziyi-10 kanye nomusis mhla ziyi-11 kuNdasa. Lezi zikhungo zizovula iminyango yazo kusukela ngele-8 ekuseni ukuze abezweni bakwazi ukubhalisa.",zul,machine,gemma-4-31b-it,Ukubhalisela ukuvota kuzoba  ngoNdasa wezi-2018
"Chief Electoral Officer Ms. Mamabolo has announced that voter registration will take place this February. All 22,612 voting stations nationwide will be open to the public on Sunday, February 10, and Monday, February 11, 2018. These centers are scheduled to open their doors starting at 8:00 AM.",eng,machine,gemma-4-31b-it,Ukubhalisela ukuvota kuzoba  ngoNdasa wezi-2018
Ukubhalisela ukuvota kuzoba khona ngomhlaka 10 no-11 kuNdasa wezi-2018. Isikhulu Sokhetho uSy Mamabolo umatheka ukuthi izikhungo zokuvota eziyizi-22 612 zizobe zivuliwe. Lezi zikhungo zizovula kusukela ngele-8 ekuseni kulezo zinsuku zombili. Lokhu kwenzelwa ukunikeza abantu ithuba lokubhalisa ukuze bakwazi ukuvota.,zul,machine,gemma-4-31b-it,Ukubhalisela ukuvota kuzoba  ngoNdasa wezi-2018
"Voter registration is scheduled to take place in February 2018. Chief Electoral Officer Sy Mamabolo announced that 22,612 voting centers will be open for this process on February 10 and 11. Registration will begin at 8:00 AM on both days.",eng,machine,gemma-4-31b-it,Ukubhalisela ukuvota kuzoba  ngoNdasa wezi-2018
"Ukubhalisela ukuvota kuzoba ngoNdasa wezi-2018. Isikhulu Sokhetho Esiyinhloko, uSy Mamabolo, uthe izikhungo zokuvota eziyizi-22 612 zizovuleka kulezi zinsuku. Lezi zikhungo zizovula ngempe-lasonto yangomhla ziyi-10 kanye namhla ziyi-11 kuNdasa wezi-2018, kusukela ngele-8 ekuseni.",zul,machine,gemma-4-31b-it,Ukubhalisela ukuvota kuzoba  ngoNdasa wezi-2018
"Chief Electoral Officer Ms. Mamabolo has announced that voter registration will take place on February 10 and 11, 2018. A total of 22,612 registration centers will be open to the public during this period. These centers are scheduled to open starting at 8:00 AM on both Sunday and Monday.",eng,machine,gemma-4-31b-it,Ukubhalisela ukuvota kuzoba  ngoNdasa wezi-2018
"Ukubhalisela ukuvota kuzoba ngoNdasa wezi-2018. Isikhulu Sokhetho Esiyinhloko, uSy Mamabolo, usho ukuthi izikhungo zokuvota eziyizi-22 612 zizovuleka ngempe-lasonto yamhla ziyi-10 kanye namhla ziyi-11 kuNdasa, kusukela ngele-8 ekuseni. Kubalulekile ukuthi zonke izakhamuzi ezifanele zibhalise ukuze ziqinisekise ukuthi izwi lazo liyizwakala ezikhethweni.",zul,machine,gemma-4-31b-it,Ukubhalisela ukuvota kuzoba  ngoNdasa wezi-2018
"Voter registration is scheduled to take place in February 2018. According to Chief Electoral Officer Ms. Mamabolo, a total of 22,612 voting centers will be open to the public. These centers will operate on Saturday, February 10th, and Sunday, February 11th, starting from 8:00 AM.",eng,machine,gemma-4-31b-it,Ukubhalisela ukuvota kuzoba  ngoNdasa wezi-2018
"UMnu. Mukhodia, owavela esigodini saseLuheni kuMasipala waseThulame eLimpopo, uthole iziqu zakhe ze-Urban and Regional Planning eNyuvesi yaseVenda ngo-2016. Ungomunye wabahlomule ohlelweni lwe-MISA, oluhlose ukuxhasa nokuthuthukisa amakhono abahleli bomumo wedolobha. Lolu hlelo ludlala indima ebalulekile ekunikezeni abatsha amathuba okusebenza nokusebenzisa ulwazi lwabo ekwakheni imidolobha efanele.",zul,machine,gemma-4-31b-it,I-MISA iwuhlelo elasiza umhleli womumo wedolobha
"A native of Luheni in Limpopo's Thulame Local Municipality, Umukhodiwa graduated from the University of Venda in 2016 with a degree in Urban and Regional Planning. He is one of the successful beneficiaries of the MISA program, an initiative specifically designed to support and empower urban planners. Through this program, professionals like Umukhodiwa are equipped with the necessary tools to drive sustainable development and improve municipal infrastructure.",eng,machine,gemma-4-31b-it,I-MISA iwuhlelo elasiza umhleli womumo wedolobha
"Umukhodiwa, odabuka esigodini saseLuheni eLimpopo, uthole iziqu ze-Urban and Regional Planning eNyuvesi yaseVenda ngo-2016. Ungomunye wabahlomule bohlelwu lwe-MISA olusekela nokuxhasa abahleli bomumo wedolobha. Lolu hlelwu luhlose ukunika abahlomulele amathuba okusebenzisa imfundo yabo ekuthuthukiseni imiphakathi.",zul,machine,gemma-4-31b-it,I-MISA iwuhlelo elasiza umhleli womumo wedolobha
"MISA is a program designed to provide essential support and assistance to urban and regional planners. One of its beneficiaries is Mukhodiwa, who earned his degree in Urban and Regional Planning from the University of Venda in 2016. Hailing from the Thulame Local Municipality in Limpopo, Mukhodiwa exemplifies how the program empowers skilled professionals in their fields. This initiative aims to enhance the capacity of planners to better manage and develop urban environments.",eng,machine,gemma-4-31b-it,I-MISA iwuhlelo elasiza umhleli womumo wedolobha
"UMukhodiwa, odabuka esigodini saseLuheni kuMasipala waseThulame eLimpopo, uthole iziqu ze-Urban and Regional Planning eNyuvesi yaseVenda ngonyaka ka-2016. Ungomunye wabahlomule ohlelweni lwe-MISA, oluyuhlelo olugxile ekusebenzeleni nokusekela abahleli bomumo wedolobha. Lolu hlelo luhlose ukuqinisekisa ukuthi abahlomule bathola ulwazi olubalulekile ukuze bathuthukise imiphakathi yabo ngokuhlela okuhle kwedolobha.",zul,machine,gemma-4-31b-it,I-MISA iwuhlelo elasiza umhleli womumo wedolobha
"Mr. Mukhodia, hailing from Luheni in the Thulamela Municipality of Limpopo, is a beneficiary of the Municipal Infrastructure Support Agent (MISA) program. He earned his degree in Urban and Regional Planning from the University of Venda in 2016. Through this initiative, he is now utilizing his professional qualifications to contribute to urban and regional development.",eng,machine,gemma-4-31b-it,I-MISA iwuhlelo elasiza umhleli womumo wedolobha
"I-MISA iwuhlelo oluklanyelwe ukusekela abahleli bomumo wedolobha kanye nezindawo zasemakhaya emisebenzini yabo. Lusiza abahlomule, njengoMukodiwa, ukuba basebenzise ulwazi lwabo lwezifundo ukuthuthukisa ukuhlelwa kwengqalasizinda emasiphaleni. Lolu hlelo lugqugquzela ukuhlelwa kwamadolobha ngendlela efanele neyisisekelo esiza imiphakathi yasemakhaya. Ngale ndlela, kuqinisekiswa ukuthi kutholakala intuthuko yezidolobha esimeme nengcono.",zul,machine,gemma-4-31b-it,I-MISA iwuhlelo elasiza umhleli womumo wedolobha
"MISA is a specialized software system designed to assist urban and regional planners in managing municipal data and administrative tasks. It streamlines the financial and operational processes necessary for effective town planning and sustainable urban development. By integrating various municipal functions, the program enables planners to make data-driven decisions to improve local infrastructure and community services. Such tools are essential for professionals in the field to efficiently manage the growth and organization of their municipalities.",eng,machine,gemma-4-31b-it,I-MISA iwuhlelo elasiza umhleli womumo wedolobha
"Usuku lwa-27 kuMbasa lugubha inkululeko yethu emva kokuba saba nokhetho lokuqala lwentando eyini ngo-1994. Izimpawu zezwe, okuhlanganisa iflegi nehubo lesizwe, zimele ubunye nokuthula esikubambelele njengeNingizimu Afrika. Isiphandla sesizwe kanye nezindodo zesizwe zigcizelela ukwehlukahlukana kwethu okuyisibusiso, okusihlanganisa sonke njengesizwe esilodwa. Lezi zimpawu zisikhumbuza ukuthi ubunye bethu bulele ekuthengeni nasekuhlonipheni ubuwena bomunye nomunye.",zul,machine,gemma-4-31b-it,"Ihubo lesizwe, iflegi, izindodo zesizwe, isiphandla sesizwe kanye nezimpawu zezwe kugubha ukwehlukahlukana"
"As South Africans commemorate the historic first democratic elections of April 27, 1994, the nation reflects on the enduring spirit of freedom and unity. Our national symbols—from the vibrant flag and unifying anthem to the official coat of arms—serve as powerful reminders of this shared journey. These emblems do more than represent the state; they celebrate the rich diversity and multicultural heritage that define the Rainbow Nation. Together, they embody the strength found in our differences, binding us as one people.",eng,machine,gemma-4-31b-it,"Ihubo lesizwe, iflegi, izindodo zesizwe, isiphandla sesizwe kanye nezimpawu zezwe kugubha ukwehlukahlukana"
"Usuku lwe-27 kuMbasa ngo-1994 lwalubaluleke kakhulu ngoba iNingizimu Afrika yaba nokhetho lokuqala lwentando yini. Izimpawu zezwe, okuhlanganisa iflegi, ihubo lesizwe, nesiphandla sesizwe, zimele ukuhlangana nokwehlukahlukana kwabo bonke abantu baseNingizimu Afrika. Lezi zimpawu zisikhumbuza ngenkululeko esiyitholile nangobunye bethu njengesizwe esilodwa. Zigubha ubucanse bokwehlukahlukana kwezamasiko nezilimi ezikhona ezweni lethu.",zul,machine,gemma-4-31b-it,"Ihubo lesizwe, iflegi, izindodo zesizwe, isiphandla sesizwe kanye nezimpawu zezwe kugubha ukwehlukahlukana"
"South Africa's national symbols, including the anthem, flag, and coat of arms, serve as celebrations of the country's rich cultural diversity. These emblems carry deep significance for South Africans, particularly in commemorating the first democratic elections held on April 27, 1994. Vuk’uzenzele highlights how these symbols reflect the nation's shared identity and its journey toward freedom and unity.",eng,machine,gemma-4-31b-it,"Ihubo lesizwe, iflegi, izindodo zesizwe, isiphandla sesizwe kanye nezimpawu zezwe kugubha ukwehlukahlukana"
"Namuhla sigubha izimpawu zesizwe ezihlanganisa ihubo, iflegi, nezindodo zesizwe, ezibonakalisa ukwehlukahlukana kwethu njengamaNingizimu Afrika. I-Vuk’uzenzele ibheka ukubaluleka kwalolu suku nokuthi luchaza ukuthini kithina sonke njengabantu baseNingizimu Afrika. Lokhu kukhumbula usuku lwangama-27 kuMbasa ngowe-1994, lapho iNingizimu Afrika ibamba khona okhetho lokuqala lwentando eyikhululekile. Lezi zimpawu zisikhumbuza ubumbano, inkululeko, kanye nokuzethemba kwesizwe esihlukahlukile.",zul,machine,gemma-4-31b-it,"Ihubo lesizwe, iflegi, izindodo zesizwe, isiphandla sesizwe kanye nezimpawu zezwe kugubha ukwehlukahlukana"
"Vuk’uzenzele is highlighting the significance of South Africa's national symbols, including the flag, national anthem, and coat of arms, as emblems that celebrate the country's diversity. These symbols serve as a powerful reminder of national unity and a shared identity for all citizens. The focus comes as the nation reflects on the historic events of April 27, 1994, when South Africa held its first democratic election. This milestone marked the beginning of a new era of freedom and representative governance for the people.",eng,machine,gemma-4-31b-it,"Ihubo lesizwe, iflegi, izindodo zesizwe, isiphandla sesizwe kanye nezimpawu zezwe kugubha ukwehlukahlukana"
"Izimpawu zezwe, okubalwa kuzo iflegi, ihubo lesizwe, nezindodo zesizwe, zimele ubuntu nokubumbana kwabaseNingizimu Afrika. Kusukela ngosuku lwama-27 kuMbasa ngowe-1994, lezi zimpawu zikhombisa uhambo lwethu lwenkululeko nokuthula. Isiphandla sesizwe kanye nezinye izimpawu zigubha ukwehlukahlukana kwethu, zihlanganisa zonke izizwe ngaphansi kweflagi eyodwa. Lezi zimpawu zisikhumbuza ukuthi nakuba sihlukile, singisizwe esisodwa esibhekile ekuthuthukiseni izwe lethu.",zul,machine,gemma-4-31b-it,"Ihubo lesizwe, iflegi, izindodo zesizwe, isiphandla sesizwe kanye nezimpawu zezwe kugubha ukwehlukahlukana"
"South Africa's national symbols, including the national anthem, the flag, and the coat of arms, serve as powerful emblems of unity in diversity. These symbols were designed to reflect an inclusive identity following the historic first democratic elections on April 27, 1994. By blending various cultural and linguistic elements, they celebrate the diverse heritage of all citizens while fostering a sense of shared belonging. Together, these symbols remind South Africans of their collective journey toward freedom and equality.",eng,machine,gemma-4-31b-it,"Ihubo lesizwe, iflegi, izindodo zesizwe, isiphandla sesizwe kanye nezimpawu zezwe kugubha ukwehlukahlukana"
"Uhlelo lwe-app olubizwa ngokuthi i-Gauteng on the Move selufikile ukuze lusize abahambi bezithuthi zomphakathi. Lolu hlelo lwenezelwe ukuze luqedele ungabazane nokudideka okuvamise ukuhlangabezana nabo abasebenzisa izithuthi nsuku zonke. Ngale app, umphakathi uzokwazi ukuthola imininingwane eqondile nesheshayo mayelana nezindlela zokuhamba nezikhathi zazo. Lokhu kuzokwenza ukuthi ukuhamba kube lula, kuphephe, futhi konga isikhathi kubo bonke abahlala eGauteng.",zul,machine,gemma-4-31b-it,I-App Yezokuthutha eGauteng
"Gauteng is tackling the chaos of public transport with the ""Gauteng on the Move"" app. This digital platform is designed to eliminate the uncertainty and confusion often faced by commuters by providing fast, direct, and accurate travel information. By putting real-time data at the fingertips of the public, the initiative aims to ensure a more seamless and efficient commuting experience across the province.",eng,machine,gemma-4-31b-it,I-App Yezokuthutha eGauteng
"I-Gauteng on the Move iyisizinda se-app esisiza abasebenzisi bezithuthi zomphakathi eGauteng. Le nkqubo ihlinzeka ngemininingwane eqondile nesheshayo ukuze abantu bakwazi ukuhlela uhambo lwabo kalula. Inhloso yayo enkulu wukususa ukudideka nokungabaza okuhambisana nokusebenzisa ezithuthi zomphakathi. Ngale ndlela, ukuhamba kube lula futhi kube nohlelo olucacile kubo bonke abasebenzisi.",zul,machine,gemma-4-31b-it,I-App Yezokuthutha eGauteng
"Gauteng on the Move is a transport initiative designed to reduce uncertainty and confusion when using public transportation. The application provides the community with fast and direct information to streamline their travel experiences. By offering accessible and timely data, it helps commuters navigate the province's transport network more efficiently.",eng,machine,gemma-4-31b-it,I-App Yezokuthutha eGauteng
Uhlelo olubizwa ngokuthi i-Gauteng on the Move selwethulwe ukuze lusize abasebenzisi bezithuthi zomphakathi. Lolu hlelo luhlose ukuqeda ukudideka nokungabaza okuhambisana nokusetshenziswa kwezithuthi zomphakathi esifundazweni saseGauteng. I-app inikeza umphakathi imininingwane eqondile nesheshayo mayelana nezikhathi nezinhlelo zokuhamba. Lokhu kuzosiza ekutheni abahambi bahlele uhambo lwabo ngendlela efanele nangokuzwethesheka.,zul,machine,gemma-4-31b-it,I-App Yezokuthutha eGauteng
"I-Gauteng on the Move iyihlelo eliklanyelwe ukusiza abahambi bezithuthi zomphakathi eGauteng. Le app isiza ekukhisheni ukudideka ngokunikeza imininingwane eqondile nesheshayo mayelana nezikhathi nezindawo zezithuthi. Ngokusebenzisa lolu hlelo, abantu bangahlela uhambo lwabo kalula futhi bagweme ukulinda isikhathi eside. Kuyithuluzi elibalulekile elenza ukuhamba kube lula futhi kuphephe kakhulu.",zul,machine,gemma-4-31b-it,I-App Yezokuthutha eGauteng
"The Gauteng on the Move app is a digital initiative designed to streamline public transportation for residents in Gauteng. It aims to eliminate the confusion and uncertainty often associated with commuting by providing users with direct and real-time information. This tool ensures that the community can access fast, accurate transport data to make their journeys more efficient.",eng,machine,gemma-4-31b-it,I-App Yezokuthutha eGauteng
"Isomiso siyisikhathi eside lapho izimvula ziyivela kancane, okudala ukuntuleka okukhulu kwamanzi emiphakathini. NgokukaDkt Mathieu Rouault, ongusolwazi eNyuvesi yaseKapa eMnyangweni Wezifundo Eziphathelene Nolwandle, kubalulekile ukuthi sisebenzise amanzi ngendlela eqanile ukuze sinqande le nkinga. Kudingeka ukuthi imiphakathi ibambisane ekufundeni izindlela ezintsha zokulondoloza amanzi nokuvikela imvelo ukuze kubhekane nalesi simo esinzima.",zul,machine,gemma-4-31b-it,Ukulwisana nesomiso esikhulu
"Severe droughts, characterized by prolonged periods of minimal rainfall, continue to pose a critical threat to water security. According to Dr. Mathieu Rouault of the University of Cape Town’s Department of Oceanography, addressing these scarcity challenges requires a deeper understanding of environmental patterns. Implementing sustainable water management strategies is now essential to build resilience against these recurring climate crises.",eng,machine,gemma-4-31b-it,Ukulwisana nesomiso esikhulu
"Isomiso siyisikhathi eside lapho izimvula zingani, okubangela ukushoda kwamanzi okungahlasela imvelo nomphakathi. UDkt Mathieu Roualt waseNyuvesi yaseKapa ugcizelela ukubaluleka kokucwaninga izimo zolwandle nezulwini ukuze kuqondwe kangcono lokhu kuhlukumeza. Ukuze kulwisane nalesi simo, kubalulekile ukusebenzisa amanzi ngendlela eqotho nokulanda izindlela ezintsha zokugcina amanzi. Ukubambisana kwethu nokulandela izeluleko zezingcweti kungasiza ekunciphiseni imithelela emibi yesomiso.",zul,machine,gemma-4-31b-it,Ukulwisana nesomiso esikhulu
"Severe drought is characterized by prolonged periods of minimal rainfall, leading to critical water shortages. According to Dr. Mathieu Rouault from the University of Cape Town's Department of Oceanography, understanding these patterns is essential for managing water resources effectively. Combating this issue requires strategic interventions and sustainable practices to mitigate the impact of water scarcity on both society and the environment.",eng,machine,gemma-4-31b-it,Ukulwisana nesomiso esikhulu
"Izifunda eziningi zibhekana nesomiso esikhulu, okuyisikhathi eside lapho izimvula ziyivela kancane, okwenza kube nokuntuleka kwamanzi. Ngokusho kukaDkt Mathieu Rouault, ongusolwazi eNyuvesi yaseKapa eMnyangweni Wezi fundo Eziphathelene Nolwandle, lokhu kudinga imizamo eqinile yokulwisana nalesi simo. Ugcizelela ukubaluleka kokusebenzisa izindlela ezizinzile zokuphatha amanzi ukuze kuvikelwe imiphakathi ekutheni ingahlupheki kakhulu.",zul,machine,gemma-4-31b-it,Ukulwisana nesomiso esikhulu
"Severe droughts, characterized by extended periods of minimal rainfall, are leading to critical water shortages. According to Dr. Mathieu Rouault, an expert from the University of Cape Town's Department of Oceanography, these conditions pose a significant threat to water security. Efforts are currently being intensified to develop sustainable strategies to combat the impacts of these prolonged dry spells.",eng,machine,gemma-4-31b-it,Ukulwisana nesomiso esikhulu
"Isomiso esikhulu yisikhathi eside lapho izimvula ziyivela kancane, okudala ukushoda kwamanzi okuphatha kabi imvelo nabantu. Ukuze silwisane nalesi simo, kubalulekile ukuthi sisebenzise amanzi ngokuhlakanipha ngokugwema ukuchitheka kwawo. Singaqoqa amanzi emvula sisebenzise nezindlela zokulima ezifanele ukuze sivikeleke ekutheni kube nendlala. Ukubambisana komphakathi nokulandela imithetho yokonga amanzi kuyisihluthulelo sokunqoba lo mpi.",zul,machine,gemma-4-31b-it,Ukulwisana nesomiso esikhulu
"Intsha yakithi yamukele ngomuzwa wokujabula uhlelo lwe-YES olwethulwe nguMongameli Cyril Ramaphosa. Lolu hlelo luhlose ukunikeza abasha amakhono adingekayo emicikilisho eyahlukene ukuze bakwazi ukungena emakethe yomsebenzi ngokuzethemba. Kukholelwa ukuthi lokhu kuzosiza ekulweni nokunciphisa izinga lokungasebenzi, kanye nokwakha umnotho ozothuthukisa izimo zempilo ezweni. Abaningi basebona lokhu njengethuba eligolide lokushintsha ikusasa labo kanye nalelalo lwezwe.",zul,machine,gemma-4-31b-it,Intsha iyalisekela uhlelo lwe-YES
"South African youth have expressed strong support for the newly launched YES program, introduced by President Cyril Ramaphosa. The initiative is designed to equip young people with essential skills in high-demand sectors, bridging the gap between education and employment. By enhancing job readiness, the program aims to foster a more robust economy and create sustainable growth opportunities for the next generation.",eng,machine,gemma-4-31b-it,Intsha iyalisekela uhlelo lwe-YES
"Uhlelo lwe-YES luthulwe nguMongameli Cyril Ramaphosa ngenhloso yokusiza intsha ukuthi ithole imisebenzi. Lolu hlelo luhlinzeka ngamakhono asemqoka emicikilishweni edingekayo ukuze intsha ikwazi ukuzilungiselela kahle emhlabeni womsebenzi. Inhloso enkulu wukwakha umnotho othuthukisayo futhi olungisa impilo yabantu. Ngenxa yalokhu, intsha iyaluisekela lolu hlelo njengesixazululo sokulwa nokungasebenzi.",zul,machine,gemma-4-31b-it,Intsha iyalisekela uhlelo lwe-YES
Intsha yakuleli lizwe iveze ukusekela kwayo okukhulu uhlelo lwe-YES olusanda kwethulwa nguMongameli Cyril Ramaphosa. Lolu hlelo luhlose ukulungiselela abantu abasha ukuba bangene emakethe yemisebenzi ngokubabhlinzeka ngamakhono adingekayo emicikilisho ehlukahlukene. Inhloso enkulu yalo hlelo ukwakha umnotho othuthukile ngokunciphisa izinga lokungasebenzi phakathi kwentsha.,zul,machine,gemma-4-31b-it,Intsha iyalisekela uhlelo lwe-YES
"Young people have expressed strong support for the recently launched YES program. Introduced by President Cyril Ramaphosa, the initiative aims to prepare youth for employment by providing critical skills in high-demand sectors. This program seeks to empower the younger generation to contribute to the development of a sustainable economy.",eng,machine,gemma-4-31b-it,Intsha iyalisekela uhlelo lwe-YES
"Uhlelo lwe-YES luyinkqubo ebalulekile ehlose ukusiza intsha yaseNingizimu Afrika ukuba ithole amathuba emisebenzi. Lolu hlelo, olwethulwa nguMongameli Cyril Ramaphosa, lunikeza abasha amakhono adingekayo emicikilishweni eyahlukahlukene ukuze bakwazi ukuzimela. Intsha iyaluisekela lolu hlelo ngoba lunqanda ukungasebenzi nokunikeza ithemba lekusasa eliqhakazile. Ngokwenza lokhu, kuwakhiwa umnotho oqinile ozothuthukisa impilo yabantu bonke.",zul,machine,gemma-4-31b-it,Intsha iyalisekela uhlelo lwe-YES
"The Youth Employment Service (YES) program, recently introduced by President Cyril Ramaphosa, aims to prepare young people for the professional workforce. By providing critical skills in high-demand sectors, the initiative empowers youth to become more employable and competitive. Ultimately, this program seeks to foster economic growth by creating sustainable job opportunities for the next generation.",eng,machine,gemma-4-31b-it,Intsha iyalisekela uhlelo lwe-YES
"UMongameli Cyril Ramaphosa uphakamise ukuthi iNingizimu Afrika kungenzeka ibe nolimi olusha olusemthethweni. Lesi simemezelo wenza ngesikhathi sokugcotshwa kweNdlovukazi yesizwe saBalobedu eNkundleni yezemidlalo iMokwakwai, eGa-Modjadji eLimpopo. ULimi olubhekwe kuleli nyathelo uKhelobedu, oluyilimi olubalulekile kulesi sizwe. Lokhu kuhloswe ukugqugquzela ukuhlonishwa kwamasiko nezilimi ezahlukene eziseNingizimu Afrika.",zul,machine,gemma-4-31b-it,INingizimu Afrika kungenzeka ibe nolimi olusemthethweni olusha
"President Cyril Ramaphosa has suggested that South Africa may introduce a new official language to its linguistic portfolio. The announcement was made during the coronation of the Balobedu Queen at the Mokwakwai Stadium in Ga-Modjadji, Limpopo. The language under consideration is Khelobedu, marking a potential step toward greater cultural and linguistic recognition within the country.",eng,machine,gemma-4-31b-it,INingizimu Afrika kungenzeka ibe nolimi olusemthethweni olusha
"UMongameli Cyril Ramaphosa uphakamise ukuthi iNingizimu Afrika ingase ibe nolimi olusha olusemthethweni. Lesi simemezelo senziwe ngesikhathi sokugcotshwa kweNdlovukazi yesizwe sabaLobedu eGa-Modjadji, eLimpopo. Kubonakala ukuthi ulimi lweKhelobedu luyoba yilo olubhekwe ukuze luthole ukuzikwazisa okusemthethweni.",zul,machine,gemma-4-31b-it,INingizimu Afrika kungenzeka ibe nolimi olusemthethweni olusha
"President Cyril Ramaphosa has indicated that South Africa may introduce a new official language, specifically Khelobedu. This announcement was made during the coronation of the Queen of the Balobedu nation. The event took place at the Mokwakwai Stadium in Ga-Modjadji, Limpopo.",eng,machine,gemma-4-31b-it,INingizimu Afrika kungenzeka ibe nolimi olusemthethweni olusha
"President Cyril Ramaphosa has announced that South Africa may introduce a new official language. The announcement was made during the coronation of the Balobedu Queen at the Mokwakwai sports ground in Ga-Modjadji, Limpopo. The President specifically highlighted Khelobedu as the language that could be granted official status.",eng,machine,gemma-4-31b-it,INingizimu Afrika kungenzeka ibe nolimi olusemthethweni olusha
"President Cyril Ramaphosa recently announced that South Africa may introduce a new official language to its linguistic portfolio. This statement was made during the coronation of the Balobedu Queen at the Mokwakwai Sports Ground in Ga-Modjadji, Limpopo. The language being considered for official status is Khelobedu, reflecting a move toward greater cultural and linguistic recognition within the nation.",eng,machine,gemma-4-31b-it,INingizimu Afrika kungenzeka ibe nolimi olusemthethweni olusha
"UMngqongqoshe woMnyango Wezasekhaya, uMalusi Gigaba, umemezele uhlelo olubhekiswe ekulwisaneni nemigqa emide ebonakala emahhovisi oMnyango. NgokukaNgqongqoshe, le nkinga ibangelwa inani eliphezulu labantu abadinga usizo, isikhala esinganele emahhovisi, kanye nezinkinga eziphathelene nobuholi. Ngakho-ke, uMnyango uzosebenza kanzima ukuze kuthuthukiswe ukulethwa kwezidingo kubantu omphakathi.",zul,machine,gemma-4-31b-it,UMnyango Wezasekhaya Umemezela Ukulwisana Nemigqa Emide
"UMnyango Wezasekhaya umemezela ukuthi uzolwisa inkinga yemigqa emide emahhovisi wawo. NgokukaNgqongqoshe uMalusi Gigaba, le migqa ibangelwa inani eliphezulu labantu abadinga usizo. Okunye okubangela lolu bunzima ukushoda kwezindawo emahhovisi kanye nezinkinga zobuholi. Le nyathelo lihlose ukuthuthukisa ukulethwa kwezidingo zomphakathi ukuze kube nokushesha.",zul,machine,gemma-4-31b-it,UMnyango Wezasekhaya Umemezela Ukulwisana Nemigqa Emide
"The Department of Home Affairs, led by Minister Malusi Gigaba, has announced measures to combat the problem of long queues at its offices. The Minister attributed these delays to a high volume of citizens seeking assistance and insufficient space within the facilities. Additionally, internal leadership challenges were identified as a contributing factor to the operational inefficiencies.",eng,machine,gemma-4-31b-it,UMnyango Wezasekhaya Umemezela Ukulwisana Nemigqa Emide
"UMnyango Wezasekhaya umemezela izinyathelo zokulwisana nemigqa emide emahovisi wawo. NgokukaNgqongqoshe woMnyango Wezasekhaya, uMalusi Gigaba, imigqa emide ibangelwa yinani eliphezulu labantu abadinga usizo. Ubize nokuthi isikhala esinganele emahovisi kanye nezinkinga eziphathelene nobuholi kungeza ekubeni nemigqa emide. Lezi zinyathelo zihlose ukuthuthukisa ukulethwa kwezidingo zomphakathi nokunciphisa isikhathi sokulinda.",zul,machine,gemma-4-31b-it,UMnyango Wezasekhaya Umemezela Ukulwisana Nemigqa Emide
"Home Affairs Minister Malusi Gigaba has announced a commitment to combat the long queues currently affecting department offices. According to the Minister, these delays are caused by a high volume of citizens seeking assistance and insufficient space within the facilities. Gigaba further attributed the service delivery challenges to internal leadership issues within the department.",eng,machine,gemma-4-31b-it,UMnyango Wezasekhaya Umemezela Ukulwisana Nemigqa Emide
"UMnyango Wezasekhaya usebenzisa amasu amasha ukulwisana nemigqa emide emahovisi wawo. NgokukaNgqongqoshe uMalusi Gigaba, le nkathazo ibangelwa inani eliphezulu labantu abadinga usizo kanye nesikhala esinganele emahhovisi. Kukhona futhi izinkinga eziphathelene nobuholi ezidale ukubambezeleka kwezinsizwa. Lolu hlelo luhlose ukuthuthukisa ukusebenza komnyango ukuze abantu balungiswe ngokushesha nangendlela efanele.",zul,machine,gemma-4-31b-it,UMnyango Wezasekhaya Umemezela Ukulwisana Nemigqa Emide
"The Department of Home Affairs has announced measures to combat the issue of long queues at its offices. Minister Malusi Gigaba attributed these delays to an overwhelming number of people seeking assistance and a lack of sufficient space within the department's facilities. Additionally, internal leadership challenges were identified as a contributing factor to the inefficiency. By addressing these systemic problems, the Department aims to improve service delivery for all citizens.",eng,machine,gemma-4-31b-it,UMnyango Wezasekhaya Umemezela Ukulwisana Nemigqa Emide
"UNgqongqoshe uPandor ugcizelele ukuthi uhulumeni unomsebenzi owubophezelwe wona wokunikeza intsha imfundo esekelayo. Wayekhuluma ngesikhathi sesithangami sabezindaba lapho eveza khona ukuthi ukweseka imindeni empofu kanye naleyo esengcupheni kakhulu kuyisibophezelo sezwe. Lokhu kuza njengengxenye yenqubo yokwethula imfundo yamahhala, ngenhloso yokunqanda ukuba kube nabafundi abasalelwa emuva ngenxa yobubha.",zul,machine,gemma-4-31b-it,Isibophezelo seNingizimu Afrika sokufundisa intsha
"Minister Pandor has emphasized that South Africa has a national obligation to support poor and vulnerable families to ensure a better future for its youth. Speaking at a recent press conference, the Minister detailed the government's plans to introduce free education to bridge the gap for marginalized students. This initiative aims to remove financial barriers, making quality learning accessible to all regardless of their socio-economic background.",eng,machine,gemma-4-31b-it,Isibophezelo seNingizimu Afrika sokufundisa intsha
INingizimu Afrika izibophezele ekuthuthukiseni imfundo yentsha yayo ukuze kube nekusasa elingcono. UNgqongqoshe uPandor uqinisekisile ukuthi kuyisibophezelo sezwe ukusiza imindeni empofu kanye naleyo esengcupheni kakhulu. Lokhu kuveziwe ngesikhathi sesithangami sabezindaba lapho kukhulunywa khona ngenqubo yokwethula imfundo efanele. Le nyathelo lihlose ukunikeza wonke umntwana ithuba elifanele lokufunda ukuze aqhubele phambili empilweni.,zul,machine,gemma-4-31b-it,Isibophezelo seNingizimu Afrika sokufundisa intsha
"Minister Pandor has emphasized that South Africa has a national obligation to support poor and vulnerable families. This commitment is centered on ensuring that the youth have access to essential educational opportunities. During a recent press conference, the Minister detailed the process of introducing accessible education to support those most in need.",eng,machine,gemma-4-31b-it,Isibophezelo seNingizimu Afrika sokufundisa intsha
UNgqongqoshe uPandor uqinisekisile ukuthi kuyisibophezelo sezwe ukweseka imindeni empofu kanye naleyo esengcupheni kakhulu. Lokhu ukushilo ngesikhathi sesithangami sabezindaba lapho eveza khona inqubo yokwethula imfundo entsha. Le nyisinyathelo ihlose ukuqinisekisa ukuthi intsha yakuleli zwe ithola amathuba afanele okufunda nokuthuthuka.,zul,machine,gemma-4-31b-it,Isibophezelo seNingizimu Afrika sokufundisa intsha
"Minister Pandor has reaffirmed South Africa's commitment to youth education, stating that supporting poor and vulnerable families is a national obligation. Speaking at a press conference, she outlined the process for introducing a new educational initiative. This move aims to ensure that the most marginalized youth have access to essential learning opportunities.",eng,machine,gemma-4-31b-it,Isibophezelo seNingizimu Afrika sokufundisa intsha
"Ningizimu Afrika inesibophezelo esikhulu sokunikeza intsha yayo imfundo esezingeni ukuze kuqinisekiswe ikusasa eliqhakazile. UNgqongqoshe uPandor ugcizelele ukuthi ukusekela imindeni empofu kanye nalezo ezisengcupheni kuyisibophezelo sezwe. Ngakho-ke, inqubo yokwethula imfundo yamahhala ibonisa ukuzibophezela kukahulumeni ekususeni izithiyo zempembelelo yezimali. Lokhu kuzosiza ekutheni wonke umntwana athole ithuba elifanelekile lokufunda nokuthuthuka.",zul,machine,gemma-4-31b-it,Isibophezelo seNingizimu Afrika sokufundisa intsha
"South Africa recognizes the education of its youth as a critical national obligation. Minister Pandor emphasized that the state has a duty to support poor and vulnerable families to ensure that all children have access to learning opportunities. During a recent press conference, the Minister outlined plans to introduce educational initiatives aimed at bridging these socioeconomic gaps. Such measures are essential for empowering the next generation and reducing systemic poverty across the country.",eng,machine,gemma-4-31b-it,Isibophezelo seNingizimu Afrika sokufundisa intsha
"UMahlatse’s journey to success began at the age of 15, when she spent her weekends and school holidays working at a local green vegetable nursery. Motivated by a deep desire to support her mother, she dedicated her youth to mastering the art of cultivation. Today, her perseverance has paid off, transforming those early struggles into a thriving agricultural enterprise.",eng,machine,gemma-4-31b-it,Umlimi wesifazane ophokophele empumelelweni
"UMahlatse has achieved remarkable success in agriculture after beginning her journey 15 years ago. She started by working at a local vegetable farm during weekends and school holidays to provide support for her mother. Through years of perseverance and dedication, she transformed this early experience into a prosperous farming venture. Her story serves as an inspiring example of determination and hard work within the agricultural sector.",eng,machine,gemma-4-31b-it,Umlimi wesifazane ophokophele empumelelweni
"UMahlatse uyisibonelo esikhulu somlimi wesifazane ophokophele ukuze afinyelele empumelelweni. Waqala ukusebenza epulazini lasendaweni elikhiqiza izitshalo eziluhlaza eneminyaka eyi-15, esebenza ngezimpelasonto nangezikhathi zeholide zesikole. Ngokuzikhandla nokusiza umama wakhe, wakwazi ukukhulisa ulwazi nokukhuthazela kakhulu emkhakheni wezolimo. Lokhu kusifundisa ukuthi ukukhuthala nokuzimisela kusukela mseva kuyindlela eholela ekuthuthukeni nasekuphumeleleni empilweni.",zul,machine,gemma-4-31b-it,Umlimi wesifazane ophokophele empumelelweni
"UMahlatse began her journey toward agricultural success at the age of 15 by working at a local farm during her weekends and school holidays. Driven by a desire to support her mother, she dedicated her free time to mastering the production of green crops. Her story demonstrates how early exposure to hard work and a strong sense of responsibility can lay the foundation for future achievement. Through perseverance and determination, UMahlatse transformed her youthful efforts into a successful path in female farming.",eng,machine,gemma-4-31b-it,Umlimi wesifazane ophokophele empumelelweni
"Abaqaphi beziqiwu basaqhubeka nokusebenza kanzima ukuvikela obhejane ekubulaweni okungemthetho. UNyawo, oyingxenye yabasebenzi abaqaphe ezemvelo ngaphansi kwe-EPWP, ugcizelela ukuthi ukufundisa umphakathi kusemqo-ka ekunakekelweni kwemvelo. Ukholelwa ukuthi ukushintsha imicabango yabantu yiyo eyozovikela lezi zilwane eziyigugu ekupheleni.",zul,machine,gemma-4-31b-it,Abaqaphi beziqiwu bavikela obhejane
"Nature guards employed under the Expanded Public Works Programme (EPWP) are working tirelessly to protect rhinos from the threat of poaching. UNyawo, one of the conservationists, believes that the key to long-term success lies in community education. He is committed to teaching local residents the importance of caring for nature to ensure the survival of these endangered animals.",eng,machine,gemma-4-31b-it,Abaqaphi beziqiwu bavikela obhejane
"Abaqaphi beziqiwu basebenza kanzima ukuze bavikele obhejane ezingozini zokushaywa. UNyawo, oyingxenye yabasebenzi be-EPWP, ukholelwa ekutheni kubalulekile ukufundisa umphakathi ngokunakekela imvelo. Lolu hlelo luhlose ukuvusa ukuqwashisa ukuze abantu baqonde ukubaluleka kokugcina lezi zilwane zivikelekile. Ngale ndlela, imvelo nezilwane eziyigugu zingagcinwa zivikelekile zize fike nezizukulwane ezizayo.",zul,machine,gemma-4-31b-it,Abaqaphi beziqiwu bavikela obhejane
"Abaqaphi beziqiwu baqhubeka nomsebenzi wabo obalulekile wokuvikela obhejane ukuze kugwemeke ukuzigqiba kwazo. UNyawo, ongomunye wabasebenzi abaqaphe ezemvelo ngaphansi kohlelo lwe-EPWP, ugcizelela ukuthi kusemqo-ka ukufundisa umphakathi ngokunakekela imvelo. “Sifisa ukuphuma sifundise umphakathi ukuthi kungani kubalulekile ukuvikela lezi zilwane,” kusho uNyawo. Lo mkhankaso uhlose ukudala ukubambisana phakathi kwabasebenzi bezemvelo nabantu basemiphakathini.",zul,machine,gemma-4-31b-it,Abaqaphi beziqiwu bavikela obhejane
"Nature guards employed through the Expanded Public Works Programme (EPWP) are working to protect rhinos and preserve local wildlife. One of the guards, UNyawo, emphasizes that educating the community on the importance of environmental conservation is essential for long-term success. He believes that by teaching residents why nature must be protected, the community can play a more active role in safeguarding endangered species.",eng,machine,gemma-4-31b-it,Abaqaphi beziqiwu bavikela obhejane
"Abaqaphi beziqiwu badlala indima ebalulekile ekuvikeleni obhejane ekuzingelweni ngokungemthetho ukuze zingashabalali. Laba basebenzi bahlala beqaphile ezindaweni zasemvelo ukuze baqinisekise ukuthi lezi zilwane ziyaphepha. Kubalulekile futhi ukufundisa umphakathi ngokunakekela imvelo ukuze bonke basebenzisane ekulwiseni ubugebengu bezilwane. Ngale ndlela, singaqinisekisa ukuthi obhejane bayasala bekhona ezizukulwaneni ezizayo.",zul,machine,gemma-4-31b-it,Abaqaphi beziqiwu bavikela obhejane
"Uhlelo lwa-Bami Ngomumo luqhubeka nokuletha ithemba emiphakathini ngokuvula amathuba amaningi emisebenzi. Sekuqashwe abantu abangaphezulu kwezi-5 000 abaphuma emiphakathini eswele, abaqeqeshwa ngobuchule bokulwa nomlilo kanye nokunqanda ukubhebhetheka kwawo. Ngaphezu kwalokho, lolu hlelo lugqugquzela imfundo nokunikeza amakhono abalulekile afana nosizo lokuqala. Lokhu kusiza kakhulu ekuthuthukiseni imiphakathi nasekunikeni abantu amakhono azobasiza ekuziphiliseleni.",zul,machine,gemma-4-31b-it,Bami ngomumo basungula amathuba omsebenzi
"A new initiative has opened doors for over 5,000 individuals from disadvantaged communities by creating vital job opportunities. These recruits are receiving specialized training in firefighting, fire prevention, and safety education to enhance public security. Additionally, the program equips participants with essential life-saving skills, including first aid. This effort marks a significant step in both community upliftment and professional development.",eng,machine,gemma-4-31b-it,Bami ngomumo basungula amathuba omsebenzi
"Uhlelo lwe-Bami ngomumo selulethe ithemba emiphakathini ngokwakha amathuba omsebenzi amaningi. Sekuqashwe abantu abangaphezulu kwezi-5 000 abaphuma emiphakathini entulayo, lapho baqeqeshwa khona ngokulwa nomlilo nokuvimba ukubhebhetheka kwawo. Ngaphezu kwalokho, lolu hlelo lubanikeza izemfundo namakhono ahlukahlukene, okuhlanganisa nokunikeza usizo oluphuthumayo.",zul,machine,gemma-4-31b-it,Bami ngomumo basungula amathuba omsebenzi
"A new initiative has created employment opportunities for over 5,000 individuals from underprivileged communities. These recruits are receiving comprehensive training in firefighting, fire prevention, and safety education. Additionally, the program equips participants with other essential life-saving skills, such as first aid.",eng,machine,gemma-4-31b-it,Bami ngomumo basungula amathuba omsebenzi
"Lolu hlelo luhlose ukusungula amathuba omsebenzi kubantu abaphuma emiphakathini eyisiziba. Kuze kube manje, sekuqashwe abantu abangaphezulu kwezi-5 000 abanikezwe ithuba lokuzithuthukisa. Laba bantu baqeqeshwa ezindabeni ezibalulekile njengokulwa nomlilo, ukunqanda ukubhebhetheka kwawo, kanye nezemfundo. Ngaphezu kwalokho, bafundiswa amakhono okusiza abantu ukuze bakwazi ukunikeza usizo oluphuthumayo emiphakathini yabo.",zul,machine,gemma-4-31b-it,Bami ngomumo basungula amathuba omsebenzi
"This initiative creates vital employment opportunities for over 5,000 individuals from disadvantaged communities. Participants receive specialized training in firefighting, fire prevention, and fire safety education to enhance public security. Additionally, the program equips them with essential life-saving skills, such as first aid. By combining job creation with vocational training, this program empowers marginalized citizens to build sustainable careers in emergency services.",eng,machine,gemma-4-31b-it,Bami ngomumo basungula amathuba omsebenzi
"UMdletshe, umshayeli wezikebhe oqhubeka nokukhombisa ikhono lakhe, usebenza kanzima uze ushise izikhotha emsebenzini wakhe. Lo mshayeli owakhule eSayidi futhi wafunda e-St Faiths, akakhohlwa imisebe yasekhaya ngezikhathi zakhe zokukhula. Ukhumbula ngomusa uthando lwendawo yakubo ethi: “Kwakumnandi kakhulu lapho ngakhulela khona.” Namuhla, impumelelo yakhe isiba isibonelo esikhulu kubantu bakhe baseSayidi.",zul,machine,gemma-4-31b-it,Umshayeli wezikebhe ushisa izikhotha
"Reflecting on his roots, Mr. Mdletshe fondly recalls his formative years spent in Sayidi and his time studying at St Faiths. He speaks with deep nostalgia, describing the environment of his childhood as truly wonderful. For Mdletshe, these early experiences remain some of the most cherished memories of his life.",eng,machine,gemma-4-31b-it,Umshayeli wezikebhe ushisa izikhotha
"UMdletshe ungumshayeli wezikebhe ovela eSayidi, lapho efunde khona eSikoleni sase-St Faiths. Ukhumbula ngokujabula isikhathi sakhe sokukhulela kuleyo ndawo ekhethekile. Namuhla, uzinikele kakhulu emsebenzini wakhe, okwenza kuthiwa ushisa izikhotha. Lokhu kukhombisa ukuthi ukuzikhandla kwakhe kunikeze imiphumela emihle empilweni yakhe.",zul,machine,gemma-4-31b-it,Umshayeli wezikebhe ushisa izikhotha
"The text discusses a boat driver and the personal history of a man named Mdletshe. Currently a student at St Faiths, Mdletshe reflects on his time spent in the coastal area of Sayidi. He speaks fondly of his upbringing, recalling the happiness he experienced while growing up there.",eng,machine,gemma-4-31b-it,Umshayeli wezikebhe ushisa izikhotha
"UMdletshe, umshayeli wezikebhe owaziwayo, usebenzela kanzima futhi ushisa izikhotha emsebenzini wakhe. Lo mshayeli ongowokuda eSayidi, ufunde e-St Faiths lapho athola khona imfundo yakhe. Uveza ukujabula kwakhe ngokukhumbula izikhathi zakudala ethi, “Kwakumnandi kakhulu lapho ngakhulela khona.” Ukuzimisela kwakhe kukhombisa ukuthi imvelaphi yakhe ibambe iqhaza ekufikeleleni kulokhu.",zul,machine,gemma-4-31b-it,Umshayeli wezikebhe ushisa izikhotha
"Mdletshe, a boat driver from Sayidi, is currently making a name for himself through his exceptional performance in his field. He attributes much of his growth to his formative years, including his time studying at St Faiths. Reflecting on his roots, Mdletshe shared that it was a wonderful experience growing up in that community.",eng,machine,gemma-4-31b-it,Umshayeli wezikebhe ushisa izikhotha
"Njengoba izwe libungaza Inyanga Yentsha, kukhona ukubheka kabanzi ekuguquleni imfundo ephakeme ukuze kuqinisekiswe ukuthi intsha ithola amathuba alingana. iVuk’uze ibukisisa ukuthi uMnyango wezeMfundo ePhakeme Nezokuqeqesha uhlinzeka ngani ngezindlela zokufundisa nezokuqeqesha ezizovula iminyango yempumelelo kubasha. Lokhu kubalulekile ekutheni kube nokuxhumana okuhle phakathi kwemfundo nemisebenzi ukuze intsha yakithi ikwazi ukuzimela emphakathini. Ngakho-ke, ukuguqula imfundo ephakeme akukhona nje ukunikeza iziqu, kodwa ukulungisa isizukulwane esizokwakha ikusasa lelizwe.",zul,machine,gemma-4-31b-it,Ukuguqula Imfundo Ephakeme
"Ukuguqula imfundo ephakeme kusho ukwenza sure ukuthi wonke amantsha, kungakhathalise imvelaphi yawo, abe nethuba elifanele lokufunda nokuthuthuka. Lokhu kubandakanya ukubuyekezwa kwezinhlelo zokusekela ezifana nezimali zokufunda ukuze kufike kubantu abaswele kakhulu. Ngokwenza lokhu, uMnyango wezeMfundo ePhakeme Nezokuqeqesha uqinisekisa ukuthi intsha ithola amakhono afanele adingeka emakethe yomsebenzi namuhla. Ngakho-ke, lolu guquko lubalulekile ekwakheni ikusasa eliqhakazile nelingalinganayo kubo bonke abantu.",zul,machine,gemma-4-31b-it,Ukuguqula Imfundo Ephakeme
"Transforming higher education is essential for empowering youth and ensuring equitable access to quality learning and skills development. In South Africa, the Department of Higher Education and Training works to provide diverse opportunities that enable young people to succeed in their academic and professional careers. By reforming these systems, the country can better equip the next generation with the tools needed to thrive in a modern economy. This focus is particularly significant during Youth Month, as it highlights a national commitment to fostering youth success and social mobility.",eng,machine,gemma-4-31b-it,Ukuguqula Imfundo Ephakeme
"Umphakathi waseDouble Drift, eGrahamstown, ugubha injabulo enkulu emva kokuthola isivumelwano sokubuyiselwa umhlaba esibiza izigidi zamarandi ezingama-21. Kulo mcimbi womlando, kuhlangane abantu abayi-1 500 abaqhamuka emindenini engama-264 ebezilindele ukubuyela emakhaya abo. Laba bantu babesuswa kanzansi emhlabeni wabo uhulumeni waseCiskei ngonyaka ka-1991 ukuze kwakhiwe isiqingi sendawo. Lokhu kuwuphawu lokunqoba nokubuyiswa kwesithunzi salabo ababekhishwa emhlabeni wabo iminyaka eminingi edlule.",zul,machine,gemma-4-31b-it,Umphakathi ugubha isivumelwano sokubuyiselwa umhlaba obize izigidi zamarandi ezingama-21
Umphakathi waseDouble Drift waseGrahamstown ugubha ukubuyiselwa komhlaba wabo ngesivumelwano esibize izigidi zamarandi ezingama-21. Lolu hlelo luthinta abantu abayi-1 500 abaqha muka emindenini engama-264 eyayisuswe ngenkani emhlabeni wayo ngonyaka ka-1991. Ukususwa kwabo kwakwenziwe ukuze kwakhiwe isiqiyi endaweni yabo yaseCiskei.,zul,machine,gemma-4-31b-it,Umphakathi ugubha isivumelwano sokubuyiselwa umhlaba obize izigidi zamarandi ezingama-21
"The Double Drift community in Grahamstown is celebrating a land restitution agreement valued at 21 million rand. This settlement benefits 1,500 people from 264 families who were forcibly removed from their ancestral land by the Ciskei government in 1991. The land had been seized at the time to facilitate the construction of a resort.",eng,machine,gemma-4-31b-it,Umphakathi ugubha isivumelwano sokubuyiselwa umhlaba obize izigidi zamarandi ezingama-21
Umphakathi waseDouble Drift waseGrahamstown ugubha ngenjabulo isivumelwano sokubuyiselwa umhlaba esibiza izigidi zamarandi ezingama-21. Lolu hlelo luthinta abantu abayi-1 500 abaqhamuka emindenini engama-264 ehlanganise amandla kulo mcimbi. Le mizi isuswa emhlabeni wayo ngonyaka we-1991 uhulumeni waseCiskei ngenhloso yokwakha isiqingi sokupumula.,zul,machine,gemma-4-31b-it,Umphakathi ugubha isivumelwano sokubuyiselwa umhlaba obize izigidi zamarandi ezingama-21
"The Double Drift community in Grahamstown recently celebrated a land restitution agreement valued at R21 million. Approximately 1,500 people from 264 families gathered to mark the milestone. The community members were forcibly removed from their land by the Ciskei government in 1991 to make way for development. This settlement represents a significant victory in the families' long-standing struggle to reclaim their ancestral land.",eng,machine,gemma-4-31b-it,Umphakathi ugubha isivumelwano sokubuyiselwa umhlaba obize izigidi zamarandi ezingama-21
Umphakathi waseDouble Drift ngaseGrahamstown ugubha injabulo enkulu ngokuthola isivumelwano sokubuyiselwa komhlaba wabo. Abantu abayi-1 500 abaqhamuka emindenini engama-264 basuswa kankabala kulo mhlaba nguhulumeni waseCiskei ngowe-1991. Lesi sivumelwano esibiza izigidi zamarandi ezingama-21 sihlose ukulungisa ubulungiswa nokubuyisela amalungelo kulaba bantu. Lokhu kuwuphawu olubalulekile lokulungisa imiphumela eyisikhathi eside yezinqumo ezingalungile zasendulo.,zul,machine,gemma-4-31b-it,Umphakathi ugubha isivumelwano sokubuyiselwa umhlaba obize izigidi zamarandi ezingama-21
"The Double Drift community in Grahamstown is celebrating a land restitution settlement valued at 21 million rand. This agreement benefits approximately 1,500 individuals from 264 families who were forcibly removed from their land in 1991. The displacement was carried out by the Ciskei government to make way for the construction of a resort. This settlement serves as a significant step in addressing historical land dispossession and providing justice to affected communities in South Africa.",eng,machine,gemma-4-31b-it,Umphakathi ugubha isivumelwano sokubuyiselwa umhlaba obize izigidi zamarandi ezingama-21
"I-Kevali Chemicals iyinkampani yokuqala yabantu abamnyama eFreyistata ekhiqiza amakhemikhali ehlukahlukene. Le nkampani ikhiqiza imikhiqizo efaka phakathi okulanza abantwana, izinto zokuhlanza izindlu kanye neglu yokunamathisela. Ngokwenza lokhu, i-Kevali Chemicals idala amathuba amaningi emisebenzi, okuletha intuthuko nokuphakama kwezomnotho emphakathini waseFreyistata.",zul,machine,gemma-4-31b-it,Osozimboni abamnyama abenza amakhemikhali baseFreyistata badala amathuba emisebenzi
"Kevali Chemicals has made history as the first black-owned company in the Free State to manufacture detergents, household cleaning agents, and adhesives. By establishing this local production hub, the company is driving industrial growth and creating vital job opportunities within the province. This venture marks a significant milestone for entrepreneurship and economic empowerment in the region.",eng,machine,gemma-4-31b-it,Osozimboni abamnyama abenza amakhemikhali baseFreyistata badala amathuba emisebenzi
"I-Kevali Chemicals iyinkampani yokuqala yabantu abamnyama eFreyistata ekhiqiza amakhemikhali ahlukahlukene. Le nkampani ikhiqiza imikhiqizo okulanza ama-nzi, izinto zokuhlanza izindlu, kanye neglu yokunamathisela. Ngokwenza lokhu, idala amathuba emisebenzi amaningi kubantu baseFreyistata. Lokhu kusiza ekuthuthukiseni umnotho nokukhuthaza ukuzimela kwabo abamnyama emkhakheni wezemboni.",zul,machine,gemma-4-31b-it,Osozimboni abamnyama abenza amakhemikhali baseFreyistata badala amathuba emisebenzi
"Kevali Chemicals is the first black-owned company in the Free State to specialize in the manufacture of various chemical products. Their production range includes diaper chemicals, hygiene supplies, household cleaning agents, and adhesives. Through these operations, the company is playing a vital role in creating new employment opportunities within the region.",eng,machine,gemma-4-31b-it,Osozimboni abamnyama abenza amakhemikhali baseFreyistata badala amathuba emisebenzi
"I-Kevali Chemicals iyinkampani yokuqala yabantu abamnyama eFreyistata ekhiqiza amakhemikhali ahlukahlukene. Le nkampani ikhiqiza imikhiqizo yokunakekela abantwana, izinto zenhlanzeko, imikhiqizo yokuhlanza izindlu kanye neglu yokunamathisela. Ngokusebenza kwayo, le nkampani isiza ekudaleni amathuba emisebenzi amaningi kubantu basekhaya. Lokhu kuwuqobo olubalulekile ekuthuthukiseni umnotho nasekuqiniseni amandla abashayeli bamabhizinisi abamnyama kuleyona ndawo.",zul,machine,gemma-4-31b-it,Osozimboni abamnyama abenza amakhemikhali baseFreyistata badala amathuba emisebenzi
"Kevali Chemicals has become the first black-owned chemical manufacturing company in the Free State. The firm produces a diverse range of products, including baby detergents, hygiene supplies, household cleaning agents, and adhesives. Through its operations, the company is actively creating new job opportunities within the province.",eng,machine,gemma-4-31b-it,Osozimboni abamnyama abenza amakhemikhali baseFreyistata badala amathuba emisebenzi
"I-Kevali Chemicals iyinkampani yokuqala yabantu abamnyama eFreyistata ekhiqiza amakhemikhali ahlukahlukene, kuhlanganise nokulanza ama-nzi, izinto zokuhlanza, kanye neglu. Ngokuthuthukisa lezi zidingo zomnotho, le nkampani idala amathuba amaningi emisebenzi kubantu basendaweni. Lokhu kukhombisa ukubaluleka kokuba osozimboni abamnyama babe ngabasebenzi bezomnotho ukuze kuthuthukiswe izifunda zabo.",zul,machine,gemma-4-31b-it,Osozimboni abamnyama abenza amakhemikhali baseFreyistata badala amathuba emisebenzi
"The launch of a new Mahindra facility in KwaZulu-Natal has provided a significant boost to local employment, with 25 young people successfully trained and hired. These individuals underwent specialized training to equip them with the necessary skills to operate effectively within the company. This initiative marks a positive step toward youth empowerment and industrial growth within the province.",eng,machine,gemma-4-31b-it,Ukudalwa kwamathuba emisebenzi entsha yase-KZN
Kudalwe amathuba emisebenzi entsha eKwaZulu-Natali ngenxa yokuvulwa kwemboni yeMahindra. Abantu abasha abangama-25 sebethole ithuba lokuqeqeshwa nokuqashwa kule nkampani. Loku kuqeqeshwa kubasiza ukuba babe nolwazi oludingekayo ukuze basebenze ngokuhambisana nezidingo zeMahindra.,zul,machine,gemma-4-31b-it,Ukudalwa kwamathuba emisebenzi entsha yase-KZN
A new Mahindra facility in KwaZulu-Natal has created employment opportunities for 25 young people. These individuals received specialized training to ensure they are well-equipped to work with the company. This initiative marks a significant step in providing skills development and job creation for the youth in the province.,eng,machine,gemma-4-31b-it,Ukudalwa kwamathuba emisebenzi entsha yase-KZN
"Kuvulwe imboni entsha yeMahindra eKwaZulu-Natal, okulethe amathuba amasha emisebenzi entsha esifundeni. Abantu abasha abangama-25 sebethole ukuqeqeshwa okufanele baphinde baqashwe kule nkampani. Loku qeqeshwa kubasiza ukuba babe nolwazi olwanele lokusebenza ngokubambisana nenkampani yakwa-Mahindra. Lokhu kukhombisa ukubaluleka kokuziza kwezimboni ekulweni nokungasebenzi phakathi kwentsha.",zul,machine,gemma-4-31b-it,Ukudalwa kwamathuba emisebenzi entsha yase-KZN
The opening of a new Mahindra facility in KwaZulu-Natal has created significant employment opportunities for local youth. Twenty-five young individuals have been hired after receiving specialized training to ensure their skills align with the company's operational needs. This initiative highlights how industrial investment and skills development can effectively combat unemployment and stimulate economic growth within the region.,eng,machine,gemma-4-31b-it,Ukudalwa kwamathuba emisebenzi entsha yase-KZN
I-National Health Insurance (NHI) iwuhlelo oluhloswe ukuletha ushintsho olukhulu ekutholakaleni kwezinsizakalo zempilo eziphuculiwe kubo bonke abantu. UNgqongqoshe uMotsoaledi usevele wambula uMthethosivivinywa wokuchibiyelwa kwe-NHI kanye noMthethosivivinywa Wokuchibiyelwa Kwezikimu Zezokwelapha ukuze kuqinisekiswe ukuthi uhlelo lusebenza ngendlela efanele. Lolu hlobo lokulungisa imithetho kulindeleke ukuthi luqedele ukungalingani phakathi kwabantu abakwazi ukukhokha imishwalense yezempilo nalabo abancike ezibhedlela zikahulumeni.,zul,machine,gemma-4-31b-it,I-NHI iwuhlelo lezinsizakalo zempilo eziphuculiwe
"Minister Motsoaledi has recently unveiled the National Health Insurance (NHI) Amendment Bill alongside the Medical Schemes Amendment Bill. These legislative moves are designed to streamline and enhance the delivery of healthcare services across the country. By reforming these frameworks, the government aims to ensure more equitable access to quality medical care for all citizens.",eng,machine,gemma-4-31b-it,I-NHI iwuhlelo lezinsizakalo zempilo eziphuculiwe
I-NHI iwuhlelo oluhloswe ukuthuthukisa nokwenza izinsizakalo zempilo zitholakale kalula kubo bonke abantu. UMongondisa uMotsoaledi wethule uMthethosivivinywa wokuchibiyelwa kwe-NHI kanye noMthethosivivinywa wezikimu zezokwelapha. Le mithethosivivinywa ihloswe ukulungisa uhlelo lwezempilo ukuze kube nokulingana ekutholeni usizo olusezingeni eliphezulu.,zul,machine,gemma-4-31b-it,I-NHI iwuhlelo lezinsizakalo zempilo eziphuculiwe
"The National Health Insurance (NHI) is a program designed to provide improved and more accessible healthcare services. Minister Motsoaledi recently announced the introduction of the NHI amendment bill alongside the Medical Schemes amendment bill. Together, these legislative updates aim to refine the regulatory framework of the healthcare system to ensure better service delivery.",eng,machine,gemma-4-31b-it,I-NHI iwuhlelo lezinsizakalo zempilo eziphuculiwe
I-National Health Insurance (NHI) iwuhlelo oluhlose ukuphucula izinsizakalo zezempilo kubo bonke izakhamuzi. UNgqongqoshe uMotsoaledi ubevele enkundleni yezindaba kamuva nje lapho ambule khona uMthethosivivinywa wokuchibiyelwa kwe-NHI kanye noMthethosivivinywa Wokuchibiyelwa Kwezikimu Zezokwelapha. Le mithethosivivinywa ibukelwe ukuqinisekisa ukuthi izinsizakalo zezempilo zidingeka futhi zifikeleleka kalula kubo bonke.,zul,machine,gemma-4-31b-it,I-NHI iwuhlelo lezinsizakalo zempilo eziphuculiwe
"Minister Motsoaledi recently appeared in the media to unveil key legislative steps aimed at enhancing national healthcare services. During the briefing, he introduced the National Health Insurance (NHI) Amendment Bill and the Medical Schemes Amendment Bill. These legislative updates are intended to refine the framework for healthcare delivery and medical insurance across the country.",eng,machine,gemma-4-31b-it,I-NHI iwuhlelo lezinsizakalo zempilo eziphuculiwe
"U-Wayne Mansfield, omdala iminyaka engama-33 wasePaarl, owake wasebenza njengomdayisi kamalume wakhe eMakethe, uyisibonelo esikhulu sokuthi ukulima kungashintsha impilo. Ngokusekelwa nguHlelo Lokwesekwa Nokuthuthukiswa Kwabalimi, uMansfield ukwazile ukuqala uhambo lwakhe olusha lwezokulima olumlethe empumelelweni. Indaba yakhe iqinisekisa ukuthi ngisho noma impilo ikujikijela ngolamula, ukutshala kuyindlela ephumelelayo yokuziphilisa nokunqoba izinselelo. Lolu hlelo luqhubeka nokunika intsha amandla okuzimela ngokusebenza emhlabathini.",zul,machine,gemma-4-31b-it,"Uma impilo ikujikijela ngolamula, batshale"
"For 33-year-old Wayne Mansfield from Paarl, life has taken a transformative turn. Once a vendor working for his uncle at the local market, Wayne is now thriving through a farmer support and development program designed to empower young agri-preneurs. By transitioning from sales to cultivation, he is embracing a new beginning and planting the seeds for a sustainable future.",eng,machine,gemma-4-31b-it,"Uma impilo ikujikijela ngolamula, batshale"
"Uhlelo Lokwesekwa Nokuthuthukiswa Kwabalimi lusiza intsha efana noWayne Mansfield ukuba ingene emkhakheni wezolimo. UMansfield, oneminyaka engama-33 owasePaarl, ubengumdayisi emakethe lapho ayesebenza khona ngaphansi kamalume wakhe. Lolu hlelo luhambisana nomlayzo othi ""uma impilo ikujikijela ngolamula, batshale,"" lugqugquzela abantu ukuba bazimele ngokulima.",zul,machine,gemma-4-31b-it,"Uma impilo ikujikijela ngolamula, batshale"
"The Farmer Support and Development Program is empowering young people like 33-year-old Wayne Mansfield from Paarl to pursue careers in agriculture. Before joining the initiative, Mansfield worked as a salesman for his uncle at a local market. This program provides essential support and development tools to help emerging farmers build sustainable livelihoods.",eng,machine,gemma-4-31b-it,"Uma impilo ikujikijela ngolamula, batshale"
"Uma impilo ikujikijela ngolamula, ukulima kungaba yindlela enhle yokuzivusa nokuthola amathuba amasha empilweni. Uhlelo Lokwesekwa Nokuthuthukiswa Kwabalimi lusiza intsha efana noWayne Mansfield ukuba ishintshe indlela yempilo yayo ngokungena kwezolimo. Ngisho noma uWayne ebisebenza njengomdayisi, manje ufunda ukuthi ukutshala kungaba yisihluthulelo sokuzimela nokuziphilisa. Lokhu kukhombisa ukuthi ukulima kuyithuba elivulekile kubantu abafuna ukuqala kabusha nokwakha ikusasa eliqinile.",zul,machine,gemma-4-31b-it,"Uma impilo ikujikijela ngolamula, batshale"
"When life presents unexpected challenges or shifts in direction, embracing agriculture can provide a sustainable path toward renewal and growth. This transition is exemplified by Wayne Mansfield, a 33-year-old from Paarl who shifted from a career in sales to farming. Through the Support and Development Program for Farmers, young individuals receive the essential guidance and resources needed to cultivate both their land and their livelihoods. Such initiatives demonstrate that returning to the soil can foster economic independence and professional resilience.",eng,machine,gemma-4-31b-it,"Uma impilo ikujikijela ngolamula, batshale"
"The South African government is championing the belief that nutritional security is fundamental to academic success. Through initiatives led by the Department of Basic Education, students are provided with healthy meals to ensure that no child has to study on an empty stomach. By eliminating hunger in the classroom, the program enables learners to focus fully on their lessons and improve their overall performance. Ultimately, these efforts prove that well-nourished students are better equipped to reach their full potential.",eng,machine,gemma-4-31b-it,Izisu ezigcwele ziholela emiphumeleni engcono
"Uhulumeni waseNingizimu Afrika, ngaphansi koMnyango Wezemfundo Eyisisekelo, uhlinzeka ngokudla okunempilo ezikoleni. Lolu hlelo lwenzelwe ukuqinisekisa ukuthi abafundi bakwazi ukugxila ezifundweni zabo ngaphandle kokuhambiselwa wukulamba. Ukudla okwanele kunika abafundi amandla nengqondo evulekile ukuze bakwazi ukusebenza kanzima. Ngakho-ke, izisu ezigcwele ziba yisisekelo sokuthola imiphumela engcono kwezemfundo.",zul,machine,gemma-4-31b-it,Izisu ezigcwele ziholela emiphumeleni engcono
"The South African government has implemented a school nutrition program to ensure that students have access to healthy meals. This initiative is based on the principle that full stomachs lead to better concentration and improved academic performance. By addressing hunger, the Department of Basic Education aims to create an environment where learners can effectively focus on their schoolwork.",eng,machine,gemma-4-31b-it,Izisu ezigcwele ziholela emiphumeleni engcono
"I-Central Application Clearing House (i-CACH) iwuhlelo olwesikhashana olusungulwe uMnyango weMfundo Ephakeme Nokuqeqesha ukuze lusize abafundi abangakatholi izindawo ezizifanele ezinyuvesi nakamakolishi. Lolu hlelo lusebenza njengebhuloho elixhumanisa abafundi nezikhungo zemfundo ukuze kuqinisekiswe ukuthi akekho umfundi okwazi ukufunda ozosala ngaphandle. Ngonyaka we-2018, i-CACH ibizwakale kakhulu ngokuvula amathuba amaningi kubafundi ababephila ngokukhathazeka ngenxa yokungabi namatheyela ezifundweni zabo.",zul,machine,gemma-4-31b-it,I-Central Application Clearing House (i-CACH) Yowezi-2018
"I-Central Application Clearing House, eyaziwa ngokuthi yi-CACH, kwakungumzamo wesikhashana owasungulwa uMnyango Wemfundo Ephakeme Nokuqeqesha. Lolu hlelo lwakhelwe ukusiza abafundi ababefuna ukuthola izindawo zokufunda ezizifundisweni zemfundo ephakeme. Inhloso yalo enkulu kwakuwukuxhumanisa abafundi abafanelekile nezikhungo zemfundo ebinamanamba avulekile ngonyaka ka-2018. Lokhu kusize ekwenzeni inqubo yokufaka izicelo ibe lula futhi ibe nempumelelo.",zul,machine,gemma-4-31b-it,I-Central Application Clearing House (i-CACH) Yowezi-2018
"The Central Application Clearing House (i-CACH) is a temporary initiative established by the Department of Higher Education and Training. Its primary purpose is to assist students who are seeking placement and admission into higher education institutions. By streamlining the application process, the system helps students find available opportunities to further their studies. This initiative ensures that eligible candidates have a better chance of securing a spot in an academic program.",eng,machine,gemma-4-31b-it,I-Central Application Clearing House (i-CACH) Yowezi-2018
UMnyango Wemfundo Ephakeme Nokuqeqesha usungule uhlelo olubizwa ngokuthi yi-Central Application Clearing House (i-CACH) lwezi-2018. Lolu hlelo lwenzelwe ukusiza abafundi abafuna ukungenisa ezikhungweni zemfundo ephakeme kodwa abangakayithola indawo. I-CACH iyisinyathelo sesikhashana esihlose ukuqinisekisa ukuthi abafundi bathola amathuba emfundo ngendlela esheshayo neyisizungezu.,zul,machine,gemma-4-31b-it,I-Central Application Clearing House (i-CACH) Yowezi-2018
"The Department of Higher Education and Training established the Central Application Clearing House, known as i-CACH, as a temporary initiative to assist students seeking admission to higher education. Launched during the 2018 cycle, the program aimed to streamline the application process and provide critical support to aspiring students. This effort was designed to help applicants efficiently navigate their options for further study and vocational training.",eng,machine,gemma-4-31b-it,I-Central Application Clearing House (i-CACH) Yowezi-2018
"From a childhood marked by poverty in the Eastern Cape, Yolisa has carved a path to success through the intricate art of beadwork. What began as a deep passion for handicrafts evolved into a thriving professional venture, transforming a creative talent into a sustainable livelihood. Today, Yolisa leads an organization dedicated to knowledge-sharing, empowering others in the community to discover their own artistic potential.",eng,machine,gemma-4-31b-it,UYolisa wenza ubuhlalu obumholela  empumelelweni
"Yolisa overcame a childhood of poverty in the Eastern Cape by discovering a passion for arts and crafts. Through her skill in beadwork, she achieved significant success and built a thriving creative career. She now leads her own organization dedicated to sharing her knowledge and empowering others to succeed.",eng,machine,gemma-4-31b-it,UYolisa wenza ubuhlalu obumholela  empumelelweni
"UYolisa uqale uhambo lwakhe ekuphileni impi-lo yobumpofu eMpuma-Kapa, kodwa uthando lwezobuciko nomsebenzi wezandla lumshintshele impilo. Ngokusebenzisa ubuhlalu, ukwazi ukuziqhuba empumelelweni enkulu namuhla. Manje useqhuba inhlangano yakhe yokucobelelana ngolwazi ukuze abele lolu lwazi nabanye.",zul,machine,gemma-4-31b-it,UYolisa wenza ubuhlalu obumholela  empumelelweni
"Yolisa overcame a childhood of poverty in Mpumalanga by embracing her passion for art and traditional beadwork. Through dedication and skill, she transformed her craft into a path toward personal and professional success. Now, she leads her own organization, sharing her knowledge to empower others and uplift her community.",eng,machine,gemma-4-31b-it,UYolisa wenza ubuhlalu obumholela  empumelelweni
"UNgaleka, indoda eseminyakeni yobudala, wayenothando olukhulu lokulima imifino egcekeni lakhe. Wayengazi ukuthi lolu thando lungamholela ekutheni azisebenzele ngokuvula ibhizinisi lezolimo eliphumelelayo. Namuhla, imifino yakhe ithengiswa ezitolo zendawo kanye nezinhlelo zokupha abafundi ukudla ezikoleni, okukhombisa ukuthi ukuzikhandla kuyakhokha.",zul,machine,gemma-4-31b-it,Uthando lukaNgaleka lokulima imifino lwamqhubela ebhizinisini
"What began as a modest home garden has transformed into a flourishing agricultural venture for Ngaleka. The elderly farmer never imagined that his passion for growing vegetables would eventually evolve into a professional business. Today, he serves as a key supplier for local stores and school nutrition programs, providing fresh produce to his community.",eng,machine,gemma-4-31b-it,Uthando lukaNgaleka lokulima imifino lwamqhubela ebhizinisini
"UNgaleka wayenothando olukhulu lokulima imifino egcekeni lakhe, okwamqhubela ekwakheni ibhizinisi lezolimo eliphumelelayo. Leli bhizinisi likhule waze waba umhlinzeki wemifino ezitolo zendawo kanye nezinhlelo zokupha abafundi ukudla ezikoleni. Wayengazi ukuthi igadi yakhe encane izokhula ibe yibhizinisi elikhulu kangaka elizomsiza ekuziphiliseni.",zul,machine,gemma-4-31b-it,Uthando lukaNgaleka lokulima imifino lwamqhubela ebhizinisini
Ngaleka turned a personal passion for growing vegetables in his backyard into a flourishing agricultural business. What began as a simple home garden has now expanded to supply local stores and school feeding schemes. His journey illustrates how a small-scale hobby can evolve into a successful commercial venture.,eng,machine,gemma-4-31b-it,Uthando lukaNgaleka lokulima imifino lwamqhubela ebhizinisini
"Uthando lukaNgaleka lokulima imifino egcekeni lakhe lusebenze njengesisekelo sokwakha ibhizinisi lezolimo elikhulayo. UNgaleka, oneminyaka yobudala, uvuma ukuthi wayengazi ukuthi lokhu kulima okuncane kuzomholela ekuthengiseleni izitolo zendawo kanye nezinhlelo zokupha abafundi ukudla ezikoleni. Lolu thando lwezolimo selumshintshele impilo, lwenza ukuba abe ngumhlinzeki obalulekile wokudla emphakathini wakhe.",zul,machine,gemma-4-31b-it,Uthando lukaNgaleka lokulima imifino lwamqhubela ebhizinisini
Ngaleka’s passion for growing vegetables in his backyard has evolved into a thriving agricultural business. What started as a simple hobby has expanded into a commercial venture that now supplies local stores and school feeding programs. He admits that he never expected his home garden to grow into such a significant operation.,eng,machine,gemma-4-31b-it,Uthando lukaNgaleka lokulima imifino lwamqhubela ebhizinisini
"UNgaleka wayenothando olukhulu lokulima imifino egcekeni lakhe. Wayengazi ukuthi lolu thando luzomqhubela ebhizinisini lezolimo elikhulu ngelinye ilanga. Namuhla, uthengisela izitolo zendawo kanye nezinhlelo zokupha abafundi ukudla ezikoleni. Lokhu kukhombisa ukuthi ukuzikhandla nokuthanda lokho okwenzayo kungakulethela impumelelo ngisho nasebudaleni.",zul,machine,gemma-4-31b-it,Uthando lukaNgaleka lokulima imifino lwamqhubela ebhizinisini
"Ngaleka's passion for growing vegetables in his backyard eventually evolved into a successful agribusiness. Through dedication, he expanded his small garden into a productive enterprise that now supplies local stores and school feeding schemes. His journey demonstrates how a simple hobby, fueled by persistence, can transform into a sustainable livelihood. This serves as an inspiring example of how passion and hard work can lead to community impact.",eng,machine,gemma-4-31b-it,Uthando lukaNgaleka lokulima imifino lwamqhubela ebhizinisini
"Njengengxenye yokugubha Inyanga Yezokuvaka, umasipala uqoqe amathimba ayisithupha aselokishini laseThemba Lethu nase-Pacaltsdorp ukuze bamukele abavakashi abavela phesheya kwezilwandle. Labavakashi abawuvali umlomo ngezibiliboco zakuleli abazizwile, lapho kunambithiswa khona ukudla kwendabuko okumnandi kakhulu. Ukwamukeleka okushisayo kanye nobumnandi bokudla kwethu kubashiye benothando olukhulu ngesiko lendawo. Leli su ligqamisa ukuthi izibiliboco zethu zingaba yisikhali esinamandla sokukhanga abavakashi emhlabeni wonke.",zul,machine,gemma-4-31b-it,Abavakashi baphesheya kwezilwandle abawuvali umlomo ngezibiliboco zakuleli
Abavakashi abavela phesheya kwezilwandle bakhombise ukumangala nokujabula ngezibiliboco zakuleli ngesikhathi kugubha Inyanga Yezokuvaka. Leli su lihlelwe ngumasipala oqoqe amathimba ayisithupha aselokishini laseThemba Lethu nasePacaltsdorp ukuze bamukele laba bavakashi. Inhloso kwakuwukubakhombisa ubuhle bamagugu nezidlo zesintu zalapha endaweni. Lokhu kwenze ukuthi abavakashi bangabi namagama ngenxa yokunambitheka okukhethekile kokudla abakudliwe.,zul,machine,gemma-4-31b-it,Abavakashi baphesheya kwezilwandle abawuvali umlomo ngezibiliboco zakuleli
"International visitors were left amazed by the local flavors and delicacies of the region. This initiative was part of Tourism Month celebrations, organized by the municipality to showcase local hospitality. Six teams from the Themba Lethu and Pacaltsdorp townships were mobilized to welcome and host these overseas guests.",eng,machine,gemma-4-31b-it,Abavakashi baphesheya kwezilwandle abawuvali umlomo ngezibiliboco zakuleli
"Abavakashi baphesheya kwezilwandle bamangaliswe kakhulu yizibiliboco zakuleli ezibashiyile bengavali umlomo. Leli su liyingxenye yokuGubha iNyanga Yezokuvaka, lapho kuphakanyiswa khona ubuhle bamagugu nezithebe zendawo. Umasipala uqoke amathimba ayisithupha aselokishini laseThemba Lethu nasePacaltsdorp ukuze bamukele laba bavakashi ngobunono. Lolu hlelo luhlose ukukhangisa ezokuvaka nokukhombisa ukulungela kwemiphakathi yasemakhaya ukwamukela izivakashi.",zul,machine,gemma-4-31b-it,Abavakashi baphesheya kwezilwandle abawuvali umlomo ngezibiliboco zakuleli
"International tourists were left impressed by local delicacies as part of the region's Tourism Month celebrations. To mark the occasion, the municipality recruited six teams from the Themba Lethu and Pacaltsdorp townships to welcome foreign visitors. These teams played a key role in showcasing the area's unique flavors and hospitality to the international guests.",eng,machine,gemma-4-31b-it,Abavakashi baphesheya kwezilwandle abawuvali umlomo ngezibiliboco zakuleli
"Njengengxenye yokugubha Inyanga Yezokuvaka, abavakashi baphesheya kwezilwandle bamukelwa ngezandla ezimhlophe ezindaweni zaseThemba lethu nase-Pacaltsdorp. Laba bavakashi banikezwa amathuba okuzama izibiliboco zakuleli eziveza ukuceba kwamasiko nezindlela zokupheka zethu. Kuvele kubonakale ukuthi abavakashi abawuvali umlomo ngenxa yokunambitheka okukhethekile nokumnandi kwalezi zidlo zakuleli. Lokhu kusiza kakhulu ekuthuthukiseni ezokuvaka nasekuvuseleni ukuziqhenya ngobuyena bethu emhlabeni wonke.",zul,machine,gemma-4-31b-it,Abavakashi baphesheya kwezilwandle abawuvali umlomo ngezibiliboco zakuleli
"International tourists are often left speechless by the unique and rich culinary delicacies of the region. This cultural showcase is a key part of Tourism Month celebrations, where communities in Themba Lethu and Pacaltsdorp welcome visitors with traditional flavors. Such initiatives promote food tourism and highlight the importance of preserving local heritage through hospitality.",eng,machine,gemma-4-31b-it,Abavakashi baphesheya kwezilwandle abawuvali umlomo ngezibiliboco zakuleli
"The Limpopo Department of Health has placed a high priority on improving breastfeeding support for working mothers across the province. This initiative comes in response to a critical lack of designated facilities in workplaces where mothers can safely express milk or nurse their children during working hours. By addressing these gaps, the department aims to ensure that maternal health and infant nutrition are not compromised by professional obligations.",eng,machine,gemma-4-31b-it,EzeMpilo eLimpopo sezidlulisele ukunceli sa ibele eqophelweni eliphakeme
UMnyango wezeMpilo eLimpopo ukhiphe isaziso seqophelweni eliphakeme mayelana nokuncelisela izingane. Lokhu kwenzeka ngenxa yokushoda kwezindawo ezifanele emisebenzini lapho omama bangakwazi khona ukukhama ubisi. Omama abasebenzayo babhekana nobunzima ngokungabi nazi izindawo ezifanele zokuncelisela izingane zabo ngesikhathi somsebenzi. Lolu hlelo luhlose ukuqinisekisa ukuthi omama bathola indawo ephephelele nenelisekile yokunakekela izingane zabo.,zul,machine,gemma-4-31b-it,EzeMpilo eLimpopo sezidlulisele ukunceli sa ibele eqophelweni eliphakeme
"The Limpopo health department has placed breastfeeding on high priority to address critical gaps in workplace support. This initiative stems from the lack of suitable facilities where nursing mothers can express milk or feed their infants during working hours. By highlighting this issue, the department aims to ensure that mothers have the necessary resources to care for their children while employed.",eng,machine,gemma-4-31b-it,EzeMpilo eLimpopo sezidlulisele ukunceli sa ibele eqophelweni eliphakeme
"Imisebenzi yoMpilo eLimpopo isibeke phambili ukunceli kokuthi kube nezindawo ezifanele zokuncelisela izingane emisebenzini. Lokhu kwenziwa ngenxa yokushoda kwezindawo ezifihlekile lapho omama bengakwazi ukukhipha ubisi noma baphisise izingane zabo ngesikhathi besemisebenzini. Ukuhlinzekwa kwalezi zindawo kuzosiza ekutheni izingane ziqhubeke nokuthola ukudla okunempilo, kanti futhi kuzonika omama ukuthula emoyeni.",zul,machine,gemma-4-31b-it,EzeMpilo eLimpopo sezidlulisele ukunceli sa ibele eqophelweni eliphakeme
"Surfers Not Street Children is an organization dedicated to supporting street children and underprivileged youth living in urban areas. The program provides surfing lessons and training as a positive alternative to life on the streets. By engaging young people through these activities, the initiative aims to empower them and provide a pathway away from homelessness.",eng,machine,gemma-4-31b-it,Amagagasi agcina izingane zingabi uvanzi emgaqweni
"Inhlangano i-Surfers Not Street Children isiza izingane zemigwaqo kanye nentsha eswele ehlala enkebeni yedolobha. Le nhlangano ihlinzeka ngezifundo zamahhala zokuhuhluza emagagasi ukuze kukhuthazwe intsha ukuthi isuke emigwaqweni. Ngale ndlela, lolu hlelo lugcina izingane zingabi uvanzi emgaqweni, lzinikeze ithemba nekusasa elingcono.",zul,machine,gemma-4-31b-it,Amagagasi agcina izingane zingabi uvanzi emgaqweni
"Surfers Not Street Children is an organization dedicated to providing surfing lessons and developmental programs for street children and underprivileged urban youth. The initiative leverages the sport of surfing to keep vulnerable children off the streets and provide them with positive alternatives. By offering these opportunities, the organization aims to empower youth and reduce the number of children living in homelessness within city centers.",eng,machine,gemma-4-31b-it,Amagagasi agcina izingane zingabi uvanzi emgaqweni
"Inhlangano i-Surfers Not Street Children isiza izingane nezintsha ezihlala emgaqweni ngokuzifundisa ukuhuhuluza emagagasini. Lezi zifundo zinika izingane ithemba nendlela entsha yokuphila, zigcina zikude nobubi bemiyala yomgwaqo. Ngokufunda lo mdlalo, izingane zithola ukuzethemba nokuzibona njengabantu abanalo ikusasa eliqhakazile. Ngale ndlela, amagagasi aba yisikhali sokukhipha izingane ebubheni bezomgwaqo zibe ngabantu abaphumelelayo.",zul,machine,gemma-4-31b-it,Amagagasi agcina izingane zingabi uvanzi emgaqweni
"Surfers Not Street Children is an organization dedicated to supporting street children and disadvantaged urban youth. Through the use of surfing lessons and water-based activities, they provide essential developmental tools and empowerment for these children. This initiative aims to prevent youth from remaining on the streets by offering them positive alternatives and a supportive environment. By engaging in these sports, children can build resilience and find a pathway toward a brighter future.",eng,machine,gemma-4-31b-it,Amagagasi agcina izingane zingabi uvanzi emgaqweni
"USithibe manje usephila impilo ejulile nenenjabulo, ebonakala eqhakaza kakhulu ngebala lakhe elimhlophe. Naphezu kokuthi kwakukhona ukungaqondi ukuthi ungubani, ukhombise ukuthi ungumuntu njengabo bonke abantu ngokuzihlanganisa emikhakheni eminingi. Lokhu kukhombisa ukuthi ubuntu abubheki ukubukeka kodwa bubheka indlela omphatha ngayo omunye. Impilo yakhe namuhla iyisibonelo sokunqoba nokwamukeleka emphakathini.",zul,machine,gemma-4-31b-it,USithibe uphila impilo emnandi kakhulu enebala elimhlophe
"USithibe ungumuntu obala elimhlophe ophila impilo ejabulisayo nemnandi. Ugcizelela ukuthi abantu ababala elimhlophe abayizilwane noma imithi njengoba abaningi bekholelwa, kodwa bangabantu njengabo bonke. USithibe utholakala emikhakheni eminingi, ekhombisa ukuthi uyingxenye ebalulekile yomphakathi.",zul,machine,gemma-4-31b-it,USithibe uphila impilo emnandi kakhulu enebala elimhlophe
"Sithibe is an individual with albinism who leads a joyful and fulfilling life. He challenges dangerous myths that dehumanize people with albinism, asserting that they are human beings just like everyone else. By sharing his experience, he advocates for dignity and understanding across the many communities where albinism exists.",eng,machine,gemma-4-31b-it,USithibe uphila impilo emnandi kakhulu enebala elimhlophe
"USithibe uphila impilo emnandi kakhulu naphezu kokuba nebala elimhlophe. Ugcizelela ukuthi abantu abanebala elimhlophe akubona izilwane noma imithi njengoba abaningi becabanga, kodwa bangabantu njengabo bonke abanye. USithibe utholakala emikhakheni eminingi ehlukahlukene, ekhombisa ukuthi ukukhanya kwesikhumba akusimeli isithiyo ekufikeleleni empumelelweni.",zul,machine,gemma-4-31b-it,USithibe uphila impilo emnandi kakhulu enebala elimhlophe
"Sithibe, known for having a white complexion, leads a pleasant life and is active across various sectors. Addressing widespread misconceptions, Sithibe clarified that they are neither medicine nor animals. They emphasize that they are human beings, just like all other people.",eng,machine,gemma-4-31b-it,USithibe uphila impilo emnandi kakhulu enebala elimhlophe
"USithibe ungumuntu ofana nabo bonke abantu, hhayi isilwane noma umuthi njengoba abanye becabanga. Uphila impilo emnandi kakhulu enebala elimhlophe, okukhombisa ukuthi ubuntu bufumaneka kubo bonke. Ngoba utholakala emikhakheni eminingi, usifundisa ukubaluleka kokwamukelana nokuhloniphana. Lokhu kusiza ekutheni siqonde ukuthi sonke singabantu ngaphandle kokubukana ngobala.",zul,machine,gemma-4-31b-it,USithibe uphila impilo emnandi kakhulu enebala elimhlophe
"Sithibe is a figure who challenges societal misconceptions by asserting their humanity, despite others perceiving them as a plant or animal. Characterized by a distinct white appearance, Sithibe leads a very pleasant and fulfilling life. This presence is found across many different sectors, highlighting the diversity of the human experience.",eng,machine,gemma-4-31b-it,USithibe uphila impilo emnandi kakhulu enebala elimhlophe
"Uhulumeni usethule isigaba sempahla engakhokhelwa intela ukuze usize imindeni ehola imali encane. Lolu hlelo luhlose ukunciphisa umthwalo wezimali kulabo abasebenzisa ingxenye enkulu yomholo wabo ekuthengeni izidingo zasendlini. Ngakho-ke, impahla efakwe kulesi sigaba izoba nentengo ephansi, okuzovumela imindeni ukuba ikwazi ukuthenga izinto ezibalulekile ngendlela elula.",zul,machine,gemma-4-31b-it,Uhulumeni usiza imindeni
"The government has introduced a zero-rated tax category for essential household goods to provide much-needed relief to low-income families. This initiative specifically targets households that currently spend a disproportionate amount of their monthly earnings on basic domestic necessities. By removing these taxes, the government aims to lower the cost of living and increase the purchasing power of vulnerable citizens.",eng,machine,gemma-4-31b-it,Uhulumeni usiza imindeni
Uhulumeni usiza imindeni ehola imali encane ngokukhipha intela yokuthenga kwezinye izimpahla zasendlini. Inhloso yalesi senzo ukunciphisa izindleko zezinto ezibalulekile ukuze imindeni ingasebenzisi yonke imali yayo ekuthengeni impahla. Lokhu kusiza kakhulu labo abahlala ngezimali ezincane ukuthi bakwazi ukunakekela izidingo zabo zansuku zonke kalula.,zul,machine,gemma-4-31b-it,Uhulumeni usiza imindeni
"The government is providing support to low-income families by introducing a tax-free category for certain household goods. This initiative is designed to assist individuals who spend a significant portion of their earnings on basic home necessities. By removing the tax on these specific items, the government aims to reduce the financial burden on struggling households.",eng,machine,gemma-4-31b-it,Uhulumeni usiza imindeni
Uhulumeni usebenzisa amasu amasha okusiza imindeni ehola imali encane ngokunciphisa imithwalo yentela. Inhloso yalo nyathelo wukuthi kube nesigaba sempahla yasendlini engakhokhelwa intela yokuthenga (VAT). Lokhu kuzosiza kakhulu imindeni esebenzisa ingxenye enkulu yomholo wayo ukuthenga izinto ezibalulekile zasendlini.,zul,machine,gemma-4-31b-it,Uhulumeni usiza imindeni
"The government is introducing a zero-rated tax category for certain household items to provide financial relief to low-income families. This initiative aims to support households that spend a significant portion of their earnings on basic home essentials. By removing taxes from these specific goods, the government seeks to reduce the cost of living for vulnerable citizens.",eng,machine,gemma-4-31b-it,Uhulumeni usiza imindeni
"Uhulumeni usiza imindeni ehola imali encane ngokwenza impahla ethile yasendlini ingabi nentela yokuthenga. Lolu hlelo luhlose ukunciphisa izindleko kubantu abasebenzisa ingxenye enkulu yomholo wabo ekuthengeni izidingo zasendlini ezibalulekile. Ngokwehlisa le ntela, imindeni izokwazi ukuthenga impahla ngamanani aphansi, okuzosiza ekutheni iphile impilo engcono. Lokhu kuqinisekisa ukuthi izidingo eziyisisekelo zitholakala kalula kubo bonke abahwebi nabathengi abaphansi.",zul,machine,gemma-4-31b-it,Uhulumeni usiza imindeni
"The government supports low-income families by implementing a tax-free category for essential household goods. This initiative is designed to assist those who spend a significant portion of their earnings on basic necessities. By removing taxes on these items, the government makes daily living more affordable for struggling households.",eng,machine,gemma-4-31b-it,Uhulumeni usiza imindeni
"Ukubhalisa umshado wesintu kubaluleke kakhulu ekunikezeni imindeni uvikeleko lwezomthetho oluqinile. Lokhu kusiza ekugcineni amalungelo abashadi, ikakhulukazi abafazi nezingane, lapho kuvela imibango mayelana nobufakazi noma ifa. Ngakho-ke, kubalulekile ukuthi zonke izinhlangano zomshado wesintu zibhaliswe ukuze kugwemeke imibango yasenkantolo nokungaphazamiseka kwemindeni.",zul,machine,gemma-4-31b-it,Ukubhalisa umshado wesi ntu kuvikela imindeni
"Marissa van Niekerk, a legal director at the Commission for Gender Equality, emphasizes the critical importance of registering customary marriages to ensure legal security for all parties involved. She explains that formal registration serves as a vital safeguard, protecting the rights of spouses and children particularly regarding inheritance and property. By documenting these unions, families can avoid costly legal disputes and secure a more stable future. Ultimately, registration transforms traditional agreements into legally recognized contracts that offer essential protection for the family unit.",eng,machine,gemma-4-31b-it,Ukubhalisa umshado wesi ntu kuvikela imindeni
"UMari ssa van Niekerk, uMqondisi wezomthetho weKhomishana Yezokulungelu ngokobulili, ugcizelela ukubaluleka kokubhalisa imishado yesintu. Ukubhalisa lo mshado kuvikela imindeni ngokomthetho, okusiza ekuphepheni kwamalungelo abo. Lokhu kuqinisekisa ukuthi abashadi, ikakhulukazi abafazi nezingane, bathola ukuvikelwa emthethweni lapho kuvela izinkinga. Ngakho-ke, kubalulekile ukuthi abantu baqonde ukuthi imishado yesintu iyavumeleka futhi inamandla lapho ibhalisiwe.",zul,machine,gemma-4-31b-it,Ukubhalisa umshado wesi ntu kuvikela imindeni
"Marissa van Niekerk, the legal director of the Commission for Gender Equality, emphasizes the importance of registering customary marriages to protect families. She provides clarity on what constitutes a customary marriage and outlines critical legal points that couples should consider. By formally registering their union, spouses and children can secure their legal rights and ensure long-term family stability.",eng,machine,gemma-4-31b-it,Ukubhalisa umshado wesi ntu kuvikela imindeni
"Umqondisi wezomthetho weKhomishana Yezokulingana Ngokobulili, uMarissa van Niekerk, ugcizelele ukuthi ukubhalisa imishado yesintu kubalulekile ekuvikeleni imindeni. Uchaza ukuthi imishado yesintu yileyo eyenziwa ngokulandela amasiko nezinkambiso, kodwa kumele ibhaliswe ukuze ithole ukuvikelwa komthetho. Uvan Niekerk uveza ukuthi ukubhalisa lo mshado kunikeza abashadi nabantwana abo amalungelo aqondile, ikakhulukazi mayelana nempahla. Lokhu kusiza kakhulu ekugwemeni imingeni yezomthetho eyenzeka lapho kube nokuhlukana noma ukushona komunye webashadi.",zul,machine,gemma-4-31b-it,Ukubhalisa umshado wesi ntu kuvikela imindeni
"Marissa van Niekerk, the Legal Director of the Commission for Gender Equality, has emphasized that registering customary marriages is essential for the protection of families. During a discussion on the nature of these unions, she outlined key legal points that couples should keep in mind to ensure their rights are safeguarded. By formalizing these marriages, families can achieve greater legal security and stability.",eng,machine,gemma-4-31b-it,Ukubhalisa umshado wesi ntu kuvikela imindeni
"Ukubhalisa umshado wesintu kubalulekile ngoba kunikeza lo mshado isimo somthetho esivikelekile. Lokhu kusiza ekulondolozeni amalungelo abafazi nezingane, ikakhulukazi mayelana nokuluthola ifa nokusebenzisa izinhlelo zezempembeni. Ngokubhalisa, imindeni ivikelwa ezinkingeni zomthetho lapho kungenzeka ukuba kube nokungaboni ngaso linye ngempahla noma emva kokushona komuntu omunye. Ngakho-ke, ukubhalisa kuqinisekisa ukuthi wonke amalungelo omshado ayavikeleka ngokomthetho wezwe.",zul,machine,gemma-4-31b-it,Ukubhalisa umshado wesi ntu kuvikela imindeni
"Registering a traditional marriage is a crucial step in ensuring the legal recognition of a union. This process provides essential protections for both spouses and their children, particularly regarding inheritance and property rights. By formalizing the marriage, families are safeguarded from legal disputes that often arise when a union is not officially recorded. Ultimately, registration promotes stability and gender equality, securing the future of the entire family unit.",eng,machine,gemma-4-31b-it,Ukubhalisa umshado wesi ntu kuvikela imindeni
"Ukuqalisa i-Bed and Breakfast (B&B) kuyithuba elihle lokungena emkhakheni wezokuvakasha nokuzenzela imali. I-B&B yindawo yokulala encane lapho abahambili bathola khona igumbi lokulala kanye nesidlo sasemishweni ekuseni. Ukuze uphumelele, kudingeka uhlelo oluhle, indawo eyamukelayo, kanye nezimvume ezifanele zomthetho. Lesi sihloko sizokusiza uqonde konke okubalulekile ukuze uqale leli bhizinisi ngendlela efanele.",zul,machine,gemma-4-31b-it,Konke okumele ukwazi ngokuqala i-B&B
"Embarking on the journey to start your own Bed and Breakfast can be both rewarding and challenging. A B&B typically provides intimate overnight accommodation paired with a home-cooked breakfast, offering guests a more personal experience than a standard hotel. However, from securing legal permits to maintaining hospitality standards, there are several critical factors to consider before opening your doors. Here is a comprehensive guide to everything you need to know to launch your venture successfully.",eng,machine,gemma-4-31b-it,Konke okumele ukwazi ngokuqala i-B&B
"I-B&B wuhlobo lwebhizinisi elihlinzeka ngezindawo zokulala kanye nokudla kwakusasa kubahambisizwe. Ukuze uqalise leli bhizinisi, kudingeka uhlelo oluhle, indawo efanele, kanye nokulandela yonke imithetho yezobuhulumeni. Kubalulekile ukunikeza usizo olusezingeni eliphezulu ukuze ukwazi ukukhanga amakhasimende amaningi futhi ukhule.",zul,machine,gemma-4-31b-it,Konke okumele ukwazi ngokuqala i-B&B
"This topic provides a comprehensive guide for individuals interested in starting their own Bed and Breakfast (B&B) business. It begins by defining what a B&B is to ensure a clear understanding of the business model. Additionally, it outlines the essential requirements and key steps necessary to successfully launch and operate the venture.",eng,machine,gemma-4-31b-it,Konke okumele ukwazi ngokuqala i-B&B
"Ingabe uhlela ukuqalisa ibhizinisi? Nakhu konke okumele ukwazi ngokuziqalela eyakho i-B&B. I-B&B, okungukuthi i-Bed and Breakfast, yindawo encane yokuhlala lapho abendlela bethola khona igumbi lokulala kanye nesidlo sasekuseni. Ukuze uphumelele kulolu hlobo lwebhizinisi, kubalulekile ukuba nendawo efanele kanye nezimvume zomthetho ezidingekayo. Lokhu kuvula amathuba amaningi okuzimela nokuzenzela imali usebenzisa ikhaya lakho.",zul,machine,gemma-4-31b-it,Konke okumele ukwazi ngokuqala i-B&B
"I-B&B (Bed and Breakfast) indawo yokulala encane lapho izivakashi zithola khona igumbi lokulala kanye nokudla kwasekuseni. Ukuze uqale lebhizinisi, kumele uqinisekise ukuthi unendawo ehlanzekile, ephephile, futhi eyenza izivakashi zizizwe zikhululekile. Kubalulekile ukubhalisa ibhizinisi lakho ngokusemthethweni nokukukhangisa ukuze uthole amakhasimende amaningi. Ukunikeza ukwamukelwa okuhle nokunakekela izivakashi kuyisihluthulelo sempumelelo yale bhizinisi.",zul,machine,gemma-4-31b-it,Konke okumele ukwazi ngokuqala i-B&B
"A Bed and Breakfast, or B&B, is a small lodging establishment that provides overnight accommodation and breakfast for guests. To start one, you must first conduct market research and ensure your property complies with local zoning laws and safety regulations. Creating a welcoming atmosphere and offering a high-quality breakfast are key to attracting and satisfying visitors. Finally, implementing a strong marketing strategy will help you reach potential guests and grow your business.",eng,machine,gemma-4-31b-it,Konke okumele ukwazi ngokuqala i-B&B
"UTshepo waphoqeleka ukuba alale phansi angabuki lutho ngenkathi indoda ehlome ngesikhali idlwengula udadewabo. Namuhla, ukukhala kukadadewabo kusasezindlebeni zakhe, kumshiya esigubhu sokuhlukumezeka okungapheli. Ngemva kulo msebenzi oyingumnyama, lo mdlwenguli wamtshela uTshepo ukuthi ""yiba yindo da, mfana wami."" Le nkulumo eyisinyama yamshiya uTshepo edidekile, efunda incazelo engcolile yobudoda evela kumuntu owayesimenze isigqila sokwesaba.",zul,machine,gemma-4-31b-it,"Ingxoxo ephakathi kwamadoda: Yiba yindo da, mfana wami"
"Forced to lie face down while his sister’s screams filled the air, young Tshepo could do nothing but listen as an armed assailant committed a heinous crime. Following the brutal assault, the attacker turned to the terrified boy with a chilling command: ""Be a man."" In a moment of absolute horror, the perpetrator weaponized a distorted sense of masculinity to silence a child witness to his cruelty.",eng,machine,gemma-4-31b-it,"Ingxoxo ephakathi kwamadoda: Yiba yindo da, mfana wami"
"Lendaba ikhuluma ngoTshepo owayephoqeleleka ukuthi alale phansi angabuki ngesikhathi udadewabo edlwengulwa yindoda eyayihlome ngesikhali. Ngemva kwalesi senzo esibi, le ndoda yazama ukumphoqa uTshepo ukuthi athule ngokumtshela ukuthi ""ayibe yindoda"". Lokhu kukhombisa indlela ubudoda obungasetshenziswa ngendlela ephuthawo ukufihla ubugebengu nokuthulisa iziboneleli.",zul,machine,gemma-4-31b-it,"Ingxoxo ephakathi kwamadoda: Yiba yindo da, mfana wami"
"Isigameko esishaqisayo senzeke lapho indoda eyayehlome ngesikhali idlwengula intombazane phambi komfowabo, uTshepo. Umdlwenguli wayelomele uTshepo ukuba alale phansi futhi angabuki, nakuba uTshepo ayesazwa ukukhala kuka-dadewabo okubuhlungu. Ngemva kokwenza lelo cala, le ndoda itshele uTshepo ukuthi ""yiba yindo da,"" imelele ukuthi abe yindoda ngalolo sikhathi.",zul,machine,gemma-4-31b-it,"Ingxoxo ephakathi kwamadoda: Yiba yindo da, mfana wami"
"This scenario illustrates how traditional notions of masculinity can be weaponized to silence victims and witnesses of gender-based violence. By telling Tshepo to ""be a man,"" the perpetrator attempts to equate silence and the suppression of trauma with strength and maturity. Such manipulation forces the child to internalize shame, effectively isolating him and preventing him from seeking justice or emotional support. Ultimately, this highlights the need to redefine masculinity to include empathy and the courage to speak out against abuse.",eng,machine,gemma-4-31b-it,"Ingxoxo ephakathi kwamadoda: Yiba yindo da, mfana wami"
"I-Victory Body and Nail Studio, esiseBo Tshabelo eFreyistata, iwumzekelo ocacile wokuguqula izinto, lapho indawo eyayiyimjondolo isiphenduke ispa esisezingeni eliphezulu. Leli bhizinisi likhula ngamandla, liheha abantu abaqhamuka ezindaweni ezahlukene abafuna ukuzo mfanyazwa umzimba kanye nokucwalwa kwezinzipho. Ngokunikeza izinsizakalo ezisezingeni eliphezulu, leli spa seliphenduke inkundla yokunethezeka nezenzakalo ezikhethekile emphakathini.",zul,machine,gemma-4-31b-it,Umjondolo ongatheni uguqulwe waba yispa esisezingeni eliphe zulu
"From humble beginnings as a modest shack, Victory Body and Nail Studio in Bo Tshabelo, Free State, has undergone a stunning transformation into a world-class spa. The business is experiencing rapid growth, drawing clients from across the region who seek premium body treatments and professional nail services. This remarkable evolution highlights the studio's commitment to luxury and excellence within the local community.",eng,machine,gemma-4-31b-it,Umjondolo ongatheni uguqulwe waba yispa esisezingeni eliphe zulu
"I-Victory Body and Nail Studio yibhizinisi eliseBo Tshabelo eFreyistata, eliguquke lusuka emjondolweni lwaba yispa esisezingeni eliphezulu. Leli spa linikeza izinsizakalo ezikhethekile zokunakekelwa komzimba kanye nokucwalwa kwezinzipho. Ibhizinisi likhula ngamandla futhi liheha amakhasimende aqhamuka ezindaweni ezahlukene. Lokhu kukhombisa ukuthi nendawo encane ingaguqulwa ibe yibhizinisi eliphumelelayo neyaziwayo.",zul,machine,gemma-4-31b-it,Umjondolo ongatheni uguqulwe waba yispa esisezingeni eliphe zulu
"Umjondolo uguqulwe waba yispa esisezingeni eliphezulu eBo Tshabelo, eFreyistata. Leli bhizinisi elibizwa ngokuthi iVictory Body and Nail Studio, likhula ngamandla futhi linikeza izinsizakalo zokunakekela imizimba kanye nokucwalwa. Ngenxa yalokhu, ispa liheha abantu abaqhamuka ezindaweni ezahlukene abafuna ukuzitholela ukunakekelwa okusezingeni eliphezulu.",zul,machine,gemma-4-31b-it,Umjondolo ongatheni uguqulwe waba yispa esisezingeni eliphe zulu
"Victory Body and Nail Studio, located in Bo Tshabelo, Free State, is transforming its local environment into a high-end spa destination. The business is experiencing rapid growth, attracting a diverse range of clients from various regions. Visitors flock to the studio to enjoy professional body treatments and expert nail services.",eng,machine,gemma-4-31b-it,Umjondolo ongatheni uguqulwe waba yispa esisezingeni eliphe zulu
"Ibhizinisi lakhe, iVictory Body and Nail Studio, liyisibonelo esihle sokuthi ungakwazi ukuguqula umjondolo waba yispa esisezingeni eliphezulu ngomdlandla nokuzimisela. Leli bhizinisi eliseBo Tshabelo eFreyistata likhula ngamandla, liheha abantu abavela ezindaweni ezahlukene abafuna ukucwalwa nokunakekelwa komzimba. Lokhu kufundisa ushintsho olukhulu nokuthi akubalulekile lapho uqala khona, kodwa kubalulekile ukuba nombono wokuthuthuka ukuze ufinyelele empumelelweni.",zul,machine,gemma-4-31b-it,Umjondolo ongatheni uguqulwe waba yispa esisezingeni eliphe zulu
"The Department is launching a support initiative aimed at boosting the quality of teaching and learning in rural basic education. Currently being piloted across several disadvantaged districts, the program seeks to provide essential resources to underserved students. Officials hope that this strategic intervention will significantly improve academic outcomes in these remote areas.",eng,machine,gemma-4-31b-it,Abafundi ezikoleni zase makhaya bathola usizo
"Abafundi bezikolo zasemakhaya manje sebebathola usizo oluhlose ukuphucula imfundo yabo. Umnyango wethemba ukuthi lolu hlelo luzosiza ekukhuliseni izinga lokufunda nokufundisa emfundweni eyisisekelo kulezi zindawo. Okwamanje, lolu hlelo luqala ngokulingwa ezifundeni eziswele kakhulu.",zul,machine,gemma-4-31b-it,Abafundi ezikoleni zase makhaya bathola usizo
"The Department is providing assistance to students in rural schools to enhance the quality of basic education. This initiative aims to improve the overall standards of teaching and learning in these underserved areas. Currently, the program is being piloted in disadvantaged districts to evaluate its impact.",eng,machine,gemma-4-31b-it,Abafundi ezikoleni zase makhaya bathola usizo
"Abafundi bezikolo zasemakhaya sebaqale ukuthola usizo olubalulekile ukuze bathuthuke ezifundweni zabo. Umnyango uyethemba ukuthi lokhu kuzolekelela ekuphuculeni izinga lokufunda nokufundisa ohlelweni lwemfundo eyisisekelo ezindaweni zasemakhaya. Okwamanje, lolu hlelo lusalingwa ezifundeni ezimbi kakhulu ukuze kubukwe ukuhamba kwalo.",zul,machine,gemma-4-31b-it,Abafundi ezikoleni zase makhaya bathola usizo
"Students in rural schools are receiving support aimed at enhancing their educational experience. The Department hopes that this initiative will improve the overall quality of teaching and learning within basic education in rural areas. Currently, the program is being piloted across several disadvantaged districts.",eng,machine,gemma-4-31b-it,Abafundi ezikoleni zase makhaya bathola usizo
"Abafundi ezikoleni zase makhaya manje sebe thola usizo olubalulekile ukuzothuthukisa imfundo yabo. Lolu hlelo luhlose ukuphucula izinga lokufunda nokufundisa ezifundeni ezingakabi nazo izinsiza ezanele. Umnyango weMfundo uyethemba ukuthi lokhu kuzoletha ushintsho oluhle ekuphuculeni imfundo eyisisekelo. Okwamanje, lolu hlelo luqala ngokulingwa ezifundeni ezimbi kakhulu ukuze kuqinisekiswe ukuthi lusebenza ngendlela efanele.",zul,machine,gemma-4-31b-it,Abafundi ezikoleni zase makhaya bathola usizo
"Students in rural schools are receiving essential support to enhance their educational experience. The Department aims for this initiative to improve the overall standards of teaching and learning within basic education in these areas. Currently, the program is being piloted in disadvantaged districts to evaluate its effectiveness. This effort seeks to bridge the educational gap and provide better opportunities for rural learners.",eng,machine,gemma-4-31b-it,Abafundi ezikoleni zase makhaya bathola usizo
"Alikho ikilasi elingcono kunalezi zinda zokwakha ezimahhadlahhadla lapho abanjiniyela abasaqeqeshwa bathola khona ulwazi olungempela. Phakathi kwemisindo yemishini nemijuluko yabantu abasebenza kanzima, laba bashintsha amakhasi ezincwadi babe yizenzo ezibonakalayo. Lokhu kubasiza ukuba bafunde indlela yokubhekana nezinselele ezingalindelekile, okuyinto engatholakali ezincwadini zasesikoleni. Ngakho-ke, lolu hlobo lokuqeqeshwa kuyisisekelo esiqinile sokwakha ikusasa eliqhakazile lobunjiniyela.",zul,machine,gemma-4-31b-it,
"For aspiring engineers, no classroom is more effective than the raw intensity of a bustling construction site. Amidst the roar of heavy machinery and heaps of raw materials, trainees witness the grit of real-world application firsthand. It is here, surrounded by the tireless energy of men and women in the field, that theoretical knowledge truly transforms into practical expertise.",eng,machine,gemma-4-31b-it,
"Izinda zokwakha ziyindawo efanele kakhulu yokufundela onjiniyela abasaqeqeshwa. Kulezi zindawo, bathola ulwazi olubalulekile ngokubona nokusebenza phakathi kokuduma kwemishini nokuzikhandla kwabasebenzi. Lokhu kubasiza ukuba baqonde imisebenzi yangempela yokwakha ngendlela ecacile. Ngakho-ke, ukufunda ngokuzibonela kulezi zindawo kunika isizinda esiqinile sokusebenza.",zul,machine,gemma-4-31b-it,
"Kubonakale ukuthi alikho ikilasi elingcono konjiniyela abasaqeqeshwa kunalezo zizinda zokwakha ezimahhadlahhadla. Lezi zinda zigcwele izintuli nokuduma kwemishini emikhulu ebasebenza ngayo nsuku zonke. Kulezi zinda, kukhona amadoda nabesifazane abamatasa kakhulu, besebenza kanzima ukuze baqinisekise ukuthi imisebenzi iqedwa ngendlela efanele. Lokhu kuthola ulwazi ngokusebenza ngempela kusiza abasaqeqeshwa ukuba bafunde amakhono abalulekile konjiniyela.",zul,machine,gemma-4-31b-it,
"Construction sites are increasingly viewed as the ideal training ground for aspiring engineers. These bustling environments provide essential hands-on experience amidst the noise of heavy machinery and the intensity of active building projects. By working alongside a diverse and hardworking workforce, trainees develop practical skills that complement their formal academic education.",eng,machine,gemma-4-31b-it,
"Trainee engineers find their most valuable lessons not in a traditional classroom, but on active construction sites. These chaotic environments, filled with dust and the roar of machinery, provide essential hands-on experience that textbooks cannot replicate. By observing hardworking professionals in action, students learn to navigate the complexities of real-world engineering. This practical exposure is crucial for bridging the gap between theoretical knowledge and professional expertise.",eng,machine,gemma-4-31b-it,
"Uhlelo lwakwa-Driving Ambitions lunikeza amathuba amaningi kubantu abakhubazekile ukuba bafunde ukushayela izimoto. Lolu hlelo luhlose ukubanika inkululeko nokuzimela, ukuze bangasasebenzisi abanye abantu ukuhamba nsuku zonke. Ngokufana nohlelo lwakwa-QASA olusebenze kahle, i-Driving Ambitions iqhubeka nokuvula iminyango ukuze abakhubazekile bakwazi ukuzithuthukisa. Lokhu kuwunyathelo olubalulekile ekutheni wonke umuntu abe nethuba elifanayo lokuzithuthukisa emphakathini.",zul,machine,gemma-4-31b-it,Abakwa-Driving Ambitions bafundisa abantu abakhubazekile ukushayela
"In a bid to promote independence, Driving Ambitions is empowering individuals with disabilities by teaching them how to drive. Through a unique program facilitated by the Quad Para Association of South Africa (QASA), the initiative has already successfully trained 120 students. This vital service provides critical mobility and opens new opportunities for those who have historically faced barriers to accessing driving lessons.",eng,machine,gemma-4-31b-it,Abakwa-Driving Ambitions bafundisa abantu abakhubazekile ukushayela
"Uhlelo lwabakwa-Driving Ambitions lugxile ekufundiseni abantu abakhubazekile ukushayela izimoto. Lolu hlelo luhlose ukubasiza ukuba babe nokuzimela futhi bathole amathuba amasha empilweni yabo. Ngokusebenzisana ne-Quad Para Association of South Africa (i-QASA), kukhona abantu abayi-120 abasevele bafundisiwe ukushayela. Lokhu kunikeza abantu abakhubazekile ithemba namandla okuziphatha ngokuzimela.",zul,machine,gemma-4-31b-it,Abakwa-Driving Ambitions bafundisa abantu abakhubazekile ukushayela
"An innovative initiative is empowering people with disabilities by providing them with the opportunity to learn how to drive. Through a specialized program led by the Quad Para Association of South Africa (QASA), 120 disabled individuals have already received training. This effort aims to overcome common accessibility barriers and increase independence for the beneficiaries.",eng,machine,gemma-4-31b-it,Abakwa-Driving Ambitions bafundisa abantu abakhubazekile ukushayela
"I-Go George ithatha isinyathelo esibalulekile ekuhlomiseni abantu abakhubazekile ngezinsiza zokuthutha ezifanele. Lokhu kuza ngemva kokuba uMasipala waseGeorge ephakamise iqophelo lokuthi izinhlelo zokuthutha umphakathi kumele zibe nokuqukumbela wonke umuntu ngaphandle kokukhetha. Ngokwenza lokhu, lolu hlelo luhlose ukubuyisela isithunzi nokuzimela kulaba bantu, luqinisekise ukuthi akekho oshiywa emuva.",zul,machine,gemma-4-31b-it,I-GO GEORGE isiza ekuhlomiseni abantu abakhubazekile
"I-Go George wuhlelo lwezothutho olusebenza ekuhlomiseni nokusiza abantu abakhubazekile ukuze bakwazi ukuhamba kalula. UMasipala waseGeorge ugcizelele ukuthi izinhlelo zezokuthutha umphakathi kumele zibe kufanele wonke umuntu, kuhlanganise nabakhubazekile. Lolu hlelo luyingxenye yomzamo omkhulu womasipala wokuxazulula izinkinga zokuthutha nokwandisa amathuba okuhamba. Lokhu kusiza ekutheni abantu abanesidingo bazizwe bebandakanyeka futhi babe nokuzimela emphakathini wabo.",zul,machine,gemma-4-31b-it,I-GO GEORGE isiza ekuhlomiseni abantu abakhubazekile
"Go George is actively supporting individuals with disabilities by helping to provide them with essential equipment. This initiative is part of a broader effort by municipalities to address accessibility challenges within their communities. Specifically, the George Municipality has prioritized the improvement of community transport programs to ensure they are more inclusive. These efforts aim to enhance mobility and independence for people with disabilities.",eng,machine,gemma-4-31b-it,I-GO GEORGE isiza ekuhlomiseni abantu abakhubazekile
"Go George is providing critical support and equipment to people with disabilities to improve their quality of life. This initiative is part of a wider collaborative effort among municipalities to address accessibility challenges within their communities. Specifically, the George Municipality has significantly raised the standard for community transport programs to ensure they are inclusive and effective for all residents.",eng,machine,gemma-4-31b-it,I-GO GEORGE isiza ekuhlomiseni abantu abakhubazekile
"I-GO GEORGE wuhlelo lokuthutha olubhekele wonke umuntu, kuhlanganise nabantu abakhubazekile. Lolu hlelo luhlinzeka ngezithuthi ezifanele nezinikezela ngezidingo ezikhethekile ukuze ukuhamba kube lula futhi kuphephe. Ngokwenza lokhu, i-GO GEORGE isiza ekuhlomiseni abantu abakhubazekile ngokubanika ithuba lokuzimela nokuhamba ngokukhululeka emiphakathini yabo. Lokhu kukhombisa ukuzibophezela koMasipala waseGeorge ekwakheni izinhlelo zokuthutha ezihlanganisa wonke umuntu.",zul,machine,gemma-4-31b-it,I-GO GEORGE isiza ekuhlomiseni abantu abakhubazekile
"Go George is a public transport initiative designed to improve accessibility and empowerment for people with disabilities. By integrating inclusive features, the George Municipality has set a high benchmark for how public transportation systems should serve all members of the community. This approach demonstrates the vital role that local government plays in removing mobility barriers to ensure social inclusivity.",eng,machine,gemma-4-31b-it,I-GO GEORGE isiza ekuhlomiseni abantu abakhubazekile
"U-Childline South Africa, inhlangano evikela amalungelo ezingane, ugqugquzela abazali ukuba baxoxisane kakhulu nezingane zabo. Ukuxoxisana kubaluleke kakhulu ngoba kusiza abazali ukuba bazi futhi baqonde izimo ezingane zabo ezibhekana nazo empilweni. Lokhu kwenza kube lula ukuvikela izingane kuzo zonke izinhlobo zodlame nokunikeza uthando nokwesekwa okufanele.",zul,machine,gemma-4-31b-it,Ukuxoxisana kusemqoka ekutheni wazi ingane yakho
"Childline South Africa, a non-profit organization dedicated to protecting children from violence and promoting their rights, emphasizes the importance of open communication between parents and their children. They assert that regular dialogue is essential for parents to truly understand and get to know their children. This approach helps ensure that children are safe and their fundamental rights are upheld.",eng,machine,gemma-4-31b-it,Ukuxoxisana kusemqoka ekutheni wazi ingane yakho
"Childline South Africa, a non-profit organization dedicated to protecting children from all forms of violence and promoting children's rights, is emphasizing the importance of open communication within families. The organization stresses that consistent dialogue is essential for parents to truly know and understand their children. By fostering these conversations, parents can better support their children's well-being and ensure their safety.",eng,machine,gemma-4-31b-it,Ukuxoxisana kusemqoka ekutheni wazi ingane yakho
"Ukuxoxisana okuvulekile kubalulekile ekwakheni ubudlelwano bokuthembana phakathi komzali nengane. Lokhu kusiza abazali ukuba baqonde imizwa, izidingo, nezinselelo ababhekana nazo abantwana babo nsuku zonke. Uma ingane izizwa izwakala futhi ithembela emzalisini, kuba lula ukuba ibike noma yini eyenza izizwe ingaphephile. Ngakho-ke, ukuxoxisana kuyisihlangu esivikela izingane ekuhlukumezeni futhi kuqinisekisa ukuthi amalungelo azo ayahlonishwa.",zul,machine,gemma-4-31b-it,Ukuxoxisana kusemqoka ekutheni wazi ingane yakho
"Open communication is essential for parents to truly understand their children and build a strong, trusting bond. Childline South Africa, an organization dedicated to protecting children from violence and promoting their rights, emphasizes that regular dialogue is key to a child's well-being. By talking openly, parents can better identify potential risks and provide the necessary support to keep their children safe. This proactive approach ensures that children feel heard, valued, and protected.",eng,machine,gemma-4-31b-it,Ukuxoxisana kusemqoka ekutheni wazi ingane yakho
"Under the Domestic Violence Act, comprehensive protections are in place to safeguard victims from harm within their own homes. Because abuse often manifests in various subtle and overt forms—including emotional, financial, and physical mistreatment—awareness is critical. Empowering women to identify these different types of abuse is the first vital step toward securing their safety and accessing the support they deserve.",eng,machine,gemma-4-31b-it,Yazi izinhlobo ezahlukene zokuhlukunyezwa
"Umthetho Obhekelele Udlame Lwasekhaya wenzelwe ukuvikela zonke izisulu zodlame ngokugcwele. Kubalulekile ukuthi abantu, ikakhulukazi abesifazane, baqonde ukuthi ukuhlukunyezwa kwenzeka ngezindlela eziningi ezehlukene. Ukwazi lezi zinhlobo kusiza abantu ukuba bakwazi ukuzivikela nokuthola usizo olufanele ngesikhathi.",zul,machine,gemma-4-31b-it,Yazi izinhlobo ezahlukene zokuhlukunyezwa
"The Domestic Violence Act provides comprehensive protection for all victims of domestic abuse. Because abuse can manifest in many different forms, it is crucial for individuals, especially women, to be able to identify these various types. Understanding these patterns is essential for victims to seek the legal protections and support available to them.",eng,machine,gemma-4-31b-it,Yazi izinhlobo ezahlukene zokuhlukunyezwa
"Umthetho Obhekelele Udlame Lwasekhaya uvikela ngokugcwele zonke izisulu zodlame lwasekhaya. Ukuhlukumeza kwenzeka ngezindlela ezahlukene, okuhlanganisa udlame lwasemzimbeni, olwasengqondweni, kanye nolwezimali. Kubalulekile kakhulu ukuthi abantu besifazane bazi lezi zinhlobo zokuhlukunyezwa ukuze bakwazi ukuzivikela futhi bafune usizo olufanele.",zul,machine,gemma-4-31b-it,Yazi izinhlobo ezahlukene zokuhlukunyezwa
"The Domestic Violence Act provides comprehensive legal protection for all victims of domestic abuse. Because abuse can manifest in various forms, it is critical for women to be aware of the different types of maltreatment they may encounter. Increasing this awareness ensures that survivors can better identify abuse and access the necessary legal support and protection.",eng,machine,gemma-4-31b-it,Yazi izinhlobo ezahlukene zokuhlukunyezwa
"Kunezinhlobo ezahlukene zokuhlukunyezwa umuntu angakuhlangabezana nakho ekhaya. Lokhu kubandakanya udlame ngokomzimba njengokushaywa, kanye nokuhlukumeza ngokocansi. Ukuhlukumeza ngokomqondo kwenzeka lapho umuntu ethukwa noma acekelwa phansi ukuzethemba kwakhe, kanti ukuhlukumeza ngokwezezimali kulawula imali ukuze omunye angakwazi ukuzimela. Kubalulekile ukwazi lezi zinhlobo ukuze izisulu zikwazi ukubona ukuthi bahlukunyezwa futhi bafune usizo olufanele.",zul,machine,gemma-4-31b-it,Yazi izinhlobo ezahlukene zokuhlukunyezwa
"Domestic violence manifests in various forms, and recognizing these signs is the first step toward safety and healing. Abuse is not only physical; it also encompasses emotional, psychological, financial, and sexual misconduct. Understanding these different types helps victims, especially women, realize that they are being harmed even when there are no visible injuries. The Domestic Violence Act provides critical legal protection to ensure that all survivors can seek help and live free from fear.",eng,machine,gemma-4-31b-it,Yazi izinhlobo ezahlukene zokuhlukunyezwa
Leli wempelasonto yokugcina lapho izakhamuzi zingabhalisela khona ukuze zivote. UMnu. Mashinini uqinisekisile ukuthi zonke izikhungo zokuvota eziyizi-22 932 zizovula kusukela ngo-08h00 kuya ngo-17h00. Lokhu kwenzelwe ukuvumela abaqala ukubhalisa ukuba bathole ithuba lokubhalisa ngaphambi kokuba kuvalwe iminyango.,zul,machine,gemma-4-31b-it,Ithuba lokugcina lokubhalisela ukuvota
"All 22,932 voting stations will be open from 08:00 to 17:00 during the upcoming registration weekend, providing a final opportunity for citizens to sign up. Mr. Mashinini stated that these measures are specifically designed to facilitate access for first-time voters. Eligible residents are encouraged to visit their nearest station to ensure they are registered to vote.",eng,machine,gemma-4-31b-it,Ithuba lokugcina lokubhalisela ukuvota
"Kukhona ithuba lokugcina lokubhalisela ukuvota ngempelasonto ezayo. Zonke izikhungo zokuvota eziyizi-22 932 zizovuleka kusukela ngo-08h00 kuya ngo-17h00. Lokhu kwenzelwa ukuvumela wonke umuntu, ikakhulukazi ababhalisa okokuqala, ukuba babhalise ukuze bakwazi ukuvota.",zul,machine,gemma-4-31b-it,Ithuba lokugcina lokubhalisela ukuvota
"Mashinini announced that all 22,932 voting centers will be open from 08:00 to 17:00 during the upcoming voter registration weekend. This initiative is specifically designed to facilitate the process for first-time voters to register. It serves as the final opportunity for eligible citizens to ensure they are registered to participate in the election.",eng,machine,gemma-4-31b-it,Ithuba lokugcina lokubhalisela ukuvota
"Sekusele kancane isikhathi sokubhalisela ukuvota. UMashinini uthe zonke izikhungo zokuvota eziyizi-22 932 zizovuleka ngempelasonto yokubhalisela ukuvota, kusukela ngo-08h00 kuya ngo-17h00. Lokhu kwenzelwa ukuvumela abaqala ukubhalisa ukuba babe nethuba lokubhalisela ukuvota.",zul,machine,gemma-4-31b-it,Ithuba lokugcina lokubhalisela ukuvota
"Mashinini announced that 22,932 voting stations will be open from 08:00 to 17:00 during the voter registration weekend. This initiative is designed to provide a final opportunity for citizens to register for upcoming elections. The move specifically aims to ensure that first-time voters are able to register and exercise their right to vote.",eng,machine,gemma-4-31b-it,Ithuba lokugcina lokubhalisela ukuvota
Kubalulekile ukuba zonke izakhamizi ezifanelekile zibhalise ukuvota ukuze zisebenzise ilungelo lazo lokukhetha abaholi. Zonke izikhungo zokuvota eziyizi-22 932 zizovula kusukela ngo-08h00 kuya ngo-17h00 ngempelasonto yokubhalisela ukuvota. Leli lithuba elihle kakhulu kubo bonke abaqala ukubhalisa ukuba baye ezikhungweni eziseduze nawo. Sicela ungaphuthelwa yilokhu ukuze ube neqhaza ekulawuleni ikusasa lezwe.,zul,machine,gemma-4-31b-it,Ithuba lokugcina lokubhalisela ukuvota
"The final opportunity for voter registration is taking place this weekend to ensure all eligible citizens can participate in the democratic process. A total of 22,932 voting stations will be open from 08:00 to 17:00 to accommodate those who need to register. This initiative is specifically designed to encourage first-time voters to sign up and make their voices heard. It is essential for unregistered citizens to visit their nearest station during these hours to secure their right to vote.",eng,machine,gemma-4-31b-it,Ithuba lokugcina lokubhalisela ukuvota
"Njengoba isikhathi samaholide sisondele, kubalulekile ukuba siqikelele ukuphepha emigwaqeni ukuze sivikele izimpilo zethu. Qinisekisa ukuthi uhlola imoto yakho ngokuphelele ngaphambi kokuba uphokophele, ukuze uqikelele ukuthi isesimweni esigculisayo. Futhi, wena nabagibeli bakho nifase amabhande ezihlalo ngaso sonke isikhathi nisehambweni. Ngokulandela lezi zinyathelo, singanciphisa izingozi futhi siqinisekise ukuthi sonke sifika lapho siya khona siphephile.",zul,machine,gemma-4-31b-it,Amasu okukugcina uphephile ngale si sikhathi samaholide kaKhisimusi
"As the Christmas holiday season begins, road safety remains a top priority for all travelers. Motorists are urged to thoroughly inspect their vehicles before departing to ensure they are in satisfactory condition for the journey. Additionally, it is critical that drivers and all passengers wear seatbelts at all times. Following these essential precautions can help ensure a safe trip for everyone on the road.",eng,machine,gemma-4-31b-it,Amasu okukugcina uphephile ngale si sikhathi samaholide kaKhisimusi
"Ukuze uhambe uphephile ngalesi sikhathi samaholide kaKhisimusi, kubalulekile ukuhlola imoto yakho ngaphambi kokuba uhambe ukuze uqikelele ukuthi isimo sayo sigculisayo. Ngaphezu kwalokho, wena nabagibeli bakho kufanele nifake amabhande ezihlalo ngaso sonke isikhathi ngenkathi nisendleleni. Ukulandela lezi zinyathelo kuzosiza ekutheni nivikeleke ezingozini futhi nifike niphephile lapho niya khona.",zul,machine,gemma-4-31b-it,Amasu okukugcina uphephile ngale si sikhathi samaholide kaKhisimusi
"As the festive season approaches, it is essential to exercise financial discipline and avoid the temptation of reckless spending. Overspending during the Christmas holidays can create a lingering burden of debt that jeopardizes one's financial stability well into the new year. By budgeting wisely and prioritizing needs over wants, individuals can enjoy the celebrations without compromising their long-term financial security.",eng,machine,gemma-4-31b-it,Sebenzisa imali ngobuhlakani
"Kubalulekile ukusebenzisa imali ngobuhlakani ukuze uqinisekise ikusasa elizinzile. Kufanele sigweme ukuchitha imali ngendlela engafanele, ikakhulukazi ngesikhathi samaholide kaKhisimusi. Ukwenza lokhu kungaholela ekutheni ugcine usezikweletini okungaba nomthelela omubi kwezimali zakho. Ngakho-ke, ukuhlela isabelomali kusiza ekulawuleni impilo yakho yezimali ngendlela efanele.",zul,machine,gemma-4-31b-it,Sebenzisa imali ngobuhlakani
"Managing your finances wisely is essential for maintaining long-term stability and avoiding unnecessary debt. It is particularly important to avoid overspending during the Christmas holiday season, as impulsive purchases can lead to lasting financial strain. By practicing financial discipline now, you can prevent future hardships and ensure a more secure economic future.",eng,machine,gemma-4-31b-it,Sebenzisa imali ngobuhlakani
"Ukusebenzisa imali ngendlela engafanele kungakubeka esimeni esinzima sezimali emva kwamaholide kaKhisimusi. Kubalulekile ukuhlela isabelomali sakho ukuze uqinisekise ukuthi izidingo zakho eziyinhloko zigcinwe. Ukonga imali njalo kusiza ekwakheni ikusasa eliqinile nelingenayo ukukhathazeka. Ngakho-ke, yiba nokuhlakanipha ekuthengeni izinto ozidingayo kuphela, hhayi zonke izinto ozifisayo.",zul,machine,gemma-4-31b-it,Sebenzisa imali ngobuhlakani
"Ukuqedwa komshado ngokomthetho kwenzeka lapho kubonakala ukuthi ayisekho nhlobo indlela efanelekile yokuvuselelwa kobudlelwane phakathi kwabashadile. Lolu hlelo luhlinzekela ngokuhlukaniswa kwempahla ehlanganyelwe noma ukuqinisekiswa kwemigomo okuvunyelwene ngayo phakathi kwombili. Ngakho-ke, lokhu kuqinisekisa ukuthi bobabili bahamba ngokomthetho, kuncishiswe ukungezwani okungaba khona ngemva kokuhlukana.",zul,machine,gemma-4-31b-it,kuqedwa komshado ngokomthetho
"A legal divorce signifies the definitive end of a marriage, occurring when all attempts at reconciliation have failed and the relationship is deemed irretrievable. Beyond the emotional separation, the legal process provides a formal framework to divide shared assets and property fairly between both parties. Furthermore, it ensures that all previously agreed-upon terms and obligations are legally binding and strictly enforced.",eng,machine,gemma-4-31b-it,kuqedwa komshado ngokomthetho
The legal dissolution of marriage occurs when a relationship has broken down to the extent that it can no longer be revived. This process provides a formal mechanism to officially end the union and settle all outstanding legal matters. It specifically facilitates the division of joint property and ensures that any agreed-upon terms are strictly enforced.,eng,machine,gemma-4-31b-it,kuqedwa komshado ngokomthetho
"Ukuqedwa komshado ngokomthetho kusho ukuphela ngokusemthethweni kobudlelwane phakathi kwabashadile. Lokhu kuveza ukuthi ayisekho nhlobo indlela efanelekile engasetshenziswa ukuze kuvuselelwe ubudlelwane phakathi kwalezi zinhlangothi zombili. Ngaphezu kwalokho, lo mthetho uhlinzekela ngokuhlukaniswa kwempahla ehlanganyelwe noma ukuphoqelela imigomo okuvunyelwene ngayo.",zul,machine,gemma-4-31b-it,kuqedwa komshado ngokomthetho
"An ectopic pregnancy is a critical medical emergency that requires immediate attention. According to Dr. Bushy Mhlari, a Senior Registrar in Obstetrics and Gynaecology at Dr George Mukhari Academic Hospital, this condition occurs when a pregnancy develops outside the uterus. Prompt diagnosis and treatment are essential to prevent severe complications and ensure the patient's safety.",eng,machine,gemma-4-31b-it,Ukukhulelwa Okungekho Esibelethweni (ectopic pregnancy) kuyisimo esiphuthumayo sezempilo
"Dr. Bushy Mhlari, a Senior Registrar in Obstetrics and Gynaecology at Dr. George Mukhari Academic Hospital, has warned that ectopic pregnancy is a critical medical emergency. He explained that this condition occurs when a fertilized egg implants outside the uterus, which can lead to life-threatening complications if not treated promptly. Dr. Mhlari emphasized the importance of immediate medical intervention to ensure patient safety.",eng,machine,gemma-4-31b-it,Ukukhulelwa Okungekho Esibelethweni (ectopic pregnancy) kuyisimo esiphuthumayo sezempilo
"Ukukhulelwa okungekho esibelethweni kwenzeka lapho i-embryo ikhula ngaphandle kwesibeletho, imvamisa emtubeni we-fallopian. NgokukaDoktere Bushy Mhlari, onguSenior Registrar e-Dr George Mukhari Academic Hospital, lokhu kuyisimo esiphuthumayo sezempilo esidinga ukwelashwa ngokushesha. Uma kungelashwa, kungaholela ekutheni uthambo lwe-fallopian luqhume, okungadala ukugcwala igazi okungaba yingozi empilweni yomama. Ngakho-ke, kubalulekile ukubona udokotela ngokushesha lapho kuzwakala ubuhlungu obubukhali esiswini nokugcwala igazi.",zul,machine,gemma-4-31b-it,Ukukhulelwa Okungekho Esibelethweni (ectopic pregnancy) kuyisimo esiphuthumayo sezempilo
"An ectopic pregnancy occurs when a fertilized egg implants and grows outside the main cavity of the uterus, most commonly in a fallopian tube. According to Dr. Bushy Mhlari, a Senior Registrar in Obstetrics and Gynaecology at Dr. George Mukhari Academic Hospital, this is a critical medical emergency. If left untreated, the growing embryo can cause the surrounding tissue to rupture, leading to life-threatening internal bleeding. Immediate medical intervention is essential to ensure the patient's safety and survival.",eng,machine,gemma-4-31b-it,Ukukhulelwa Okungekho Esibelethweni (ectopic pregnancy) kuyisimo esiphuthumayo sezempilo
"Ngeshwa, u-Enock akusiyena yedwa ingane edlulile emhlabeni ngenxa yezizathu ebezingagwemeka, uma ngabe abantu abadala bebesigcinile isibophezelo sokunakekela lezi zingane ngendlela efanele. Siyayikhumbula le ndaba ngobuhlungu, kodwa kufanele isibe isifundo sokuthi ukuvikela izingane kuwumsebenzi wethu sonke. Ukuze sakhe isizwe esinakekela izingane, kudingeka ukuba abazali nabagadi babeqapile futhi banikeze uthando nokunakekelwa okufanele. Akumelwe kube nokuvumela ukuthi izingane zife ngenxa yokunganakekelwa, ngoba zingumsizi wakamuso wesizwe.",zul,machine,gemma-4-31b-it,Sakha isizwe esinakekela izingane
"Lokhu kubaluleka kokwakha isizwe esinakekela izingane kuqala ngokuvikela amalungelo azo nokuzinikela ekuzinakekeleni. Isigameko sika-Enock sikhombisa ukuthi kunezinhlekelele ezingagwemeka uma abantu abadala bebesigcine isibophezelo sabo sokunakekela izingane. Kudingeka sisebenzisane sonke ukuze siqinisekise ukuthi zingane zonke zikhula ezindaweni eziphephile futhi zinakekelwa ngendlela efanele. Ngale ndlela, sizokwakha ikusasa eliqhakazile lapho izingane zingasebanga engozini ngenxa yokunganakekelwa.",zul,machine,gemma-4-31b-it,Sakha isizwe esinakekela izingane
"This topic focuses on building a society that prioritizes the care and protection of children. It highlights the tragedy of preventable deaths, such as that of Enock, which occur when adults fail to uphold their responsibilities. The goal is to ensure a collective commitment to safeguarding children and providing them with a secure, nurturing environment.",eng,machine,gemma-4-31b-it,Sakha isizwe esinakekela izingane
"Siyazama ukwakha isizwe esinakekela izingane ukuze kuqinisekiswe ukuphepha kwazo. Ngeshwa, u-Enock akusiyena yedwa ingane edlulile emhlabeni ngenxa yezizathu ebezingagwemeka. Lokhu kwenzeka ngenxa yokungagcinwa kwesibophezelo sabantu abadala sokunakekela lezi zingane ngendlela efanele. Kubalulekile ukuthi sonke sibambisane ukuze kuvikelwe ukuphila kwezingane zakithi.",zul,machine,gemma-4-31b-it,Sakha isizwe esinakekela izingane
"There is a growing call to build a nation that prioritizes the care and protection of children. The tragic death of a child named Enock highlights a critical failure in adult responsibility, as his passing was deemed preventable. This tragedy is not an isolated incident, reflecting a wider pattern of negligence toward vulnerable youth. Consequently, there is an urgent demand for adults to uphold their duty of care to ensure the safety and well-being of all children.",eng,machine,gemma-4-31b-it,Sakha isizwe esinakekela izingane
"Obakeng Mabotja, the Station Manager at Matimba Power Station, has highlighted the devastating impact that South Africa's electricity shortage is having on the daily lives of its citizens. He warned that the lack of sufficient power supply creates severe disruptions, affecting everything from basic household needs to industrial productivity. According to Mabotja, this ongoing energy crisis has become a significant burden, hindering socio-economic stability across the country.",eng,machine,gemma-4-31b-it,Ukukhanyiswa nokucishwa kukagesi
"Ibamba lomphathi wesiteshi sokuphehla ugesi e-Matimba Power Station, u-Obakeng Mabotja, uthi ukushoda kwamandla kagesi eNingizimu Afrika kunomthelela omubi kakhulu ezimpilweni zabantu. Uveze ukuthi lokhu kushoda kwamandla kuphazamisa kakhulu imisebenzi yansuku zonke kanye nokuthuthukiswa komnotho wezwe. Ngakho-ke, ukukhanyiswa nokucishwa kukagesi kubonakala kube yisikhubekiso esikhulu ekunqubeni kwempilo yabakwaNingizimu Afrika.",zul,machine,gemma-4-31b-it,Ukukhanyiswa nokucishwa kukagesi
"Ukukhanyiswa nokucishwa kukagesi kwenzeka lapho amandla kagesi akhiqizwayo engasanele ukuhlangabezana nezidingo zezwe lonke. Njengoba kusho uMphathi weSiteshi saseMatimba, lokhu kushoda kwamandla kunomthelela omubi kakhulu ezimpilweni zabantu nasemnothweni weNingizimu Afrika. Lokhu kubangela ukuthi imisebenzi yansuku zonke yime, kanti futhi kungeza ubungozi ezindaweni eziningi. Ngakho-ke, kubalulekile ukuthi sisebenzise ugesi ngobunono kanti kuhle ukuthi kufunwe izindlela ezintsha zokukhiqiza amandla.",zul,machine,gemma-4-31b-it,Ukukhanyiswa nokucishwa kukagesi
"Load shedding, referred to as ""ukukhanyiswa nokucishwa kukagesi,"" is the deliberate shutdown of electric power in specific areas to prevent a total collapse of the national power grid. This occurs when the demand for electricity exceeds the available supply, often due to technical failures or maintenance issues at power stations. These scheduled outages disrupt essential services and negatively impact the daily lives and economic stability of citizens. By rotating the outages, utility providers attempt to manage the limited energy resources across the country.",eng,machine,gemma-4-31b-it,Ukukhanyiswa nokucishwa kukagesi
"I-ADHD ne-ADD ziyizimo ezithinta ikhono lokugxilisa umqondo nokuzilawula, okungaba nomthelela omkhulu ekuthuthukeni kwengane. Kubalulekile ukuba abazali baqaphele lezi zimpawu kusasele isikhathi ukuze ingane ithole usizo olufanele. Uma lezi zimo zingalashwa, zingaholela ekutheni ingane ihluleke ezifundweni zayo kanye nokuba nezinkinga zobudlelwano nabanye. Ngakho-ke, ukuthola usizo lwezempilo masinyana kuyisihluthulelo sokuphepha ikusasa lomntwana.",zul,machine,gemma-4-31b-it,Konke okumele ukwazi  nge-ADHD ne-ADD
"This topic provides essential information regarding Attention Deficit Hyperactivity Disorder (ADHD) and Attention Deficit Disorder (ADD). It focuses on how these conditions affect a child's ability to maintain focus and exercise self-control. The text emphasizes that without proper treatment, these disorders can lead to significant negative impacts on a child's development.",eng,machine,gemma-4-31b-it,Konke okumele ukwazi  nge-ADHD ne-ADD
"Alikho ikilasi elingcono konjiniyela abasaqeqeshwa kunalezo zinda zokwakha ezimahhadlahhadla. Lapha, izintuli nokuduma kwemishini kuhamba kanye nemijuluko yamadoda nabesifazane abasebenza ngokuzikhandla. Kubonakala ukuthi ubuchwepheshe bangempela bufundwa phakathi kwalolu phutha nokuxaka kwemisebenzi. Yilokhu okwakha onjiniyela abaqinile nabazwisise imisebenzi yabo ngokugcwele.",zul,machine,gemma-4-31b-it,
"For aspiring engineers, no lecture hall can compete with the gritty reality of a live construction site. Amidst the swirling dust and the thunderous roar of heavy machinery, the most vital lessons are learned. It is here, immersed in the frantic energy of a hardworking crew, that theoretical knowledge finally meets real-world practice.",eng,machine,gemma-4-31b-it,
"Izizinda zokwakha zibonwa njengekilasi elingcono kakhulu labanjiniyela abasaqeqeshwa. Kulawa mazinda, abafundi bafunda ngokuzibandakanya emsebenzini ongempela ophakathi kokuduma kwemishini nokuphuthuma kwabasebenzi. Lokhu kubasiza ukuba baqonde ukuthi ukwakha kusebenza kanjani ngokubona amakhono okusebenza ngqo. Ngakho-ke, ukufunda ngokuzibandakanya kubaluleke kakhulu ekuthuthukiseni amakhono abo obunjiniyela.",zul,machine,gemma-4-31b-it,
"For trainee engineers, there is no better learning environment than a bustling construction site. These settings are characterized by dust, loud machinery, and the constant activity of hard-working individuals. Such hands-on experience provides practical insights that are far more valuable than traditional classroom instruction.",eng,machine,gemma-4-31b-it,
"Trainee engineers are finding that practical experience on active construction sites provides the most effective learning environment for their development. These sites offer immersive exposure to the realities of the industry, characterized by the constant noise of heavy machinery and demanding conditions. Both men and women are working diligently on-site to gain the hands-on skills necessary for their profession. This real-world application is considered superior to traditional classroom settings for mastering engineering fundamentals.",eng,machine,gemma-4-31b-it,
"For aspiring engineers, there is no substitute for the practical experience gained on a bustling construction site. These chaotic environments, filled with the noise of machinery and the dust of active labor, provide real-world lessons that textbooks cannot offer. By working alongside skilled professionals in the field, trainees learn to navigate complex challenges and the physical demands of the industry. Ultimately, this immersive approach transforms theoretical knowledge into essential professional skill.",eng,machine,gemma-4-31b-it,
"The QuadPara Association of South Africa (QASA) is breaking barriers through its unique ""Driving Ambitions"" program, which empowers people with disabilities to get behind the wheel. The initiative has already successfully taught 120 individuals how to drive, providing them with essential skills for independence and mobility. By removing these physical obstacles, QASA is opening new doors for a community often overlooked in traditional driver training.",eng,machine,gemma-4-31b-it,Abakwa-Driving Ambitions bafundisa abantu abakhubazekile ukushayela
"Uhlelo lwa-Driving Ambitions lugxile ekufundiseni abantu abakhubazekile ukushayela izimoto. Ngokusebenzisana ne-QuadPara Association of South Africa (QASA), kulethwe amathuba ayingqayizivele okufunda leli khono. Lolu hlelo seluphumelele kakhulu ngokufundisa abantu abayi-120 abakhubazekile ukuba bakwazi ukushayela. Lokhu kusiza kakhulu ekunikeni laba bantu inkululeko nokuzimela empilweni yabo yansuku zonke.",zul,machine,gemma-4-31b-it,Abakwa-Driving Ambitions bafundisa abantu abakhubazekile ukushayela
Uhlelo luka-Driving Ambitions lusebenza kanzima ukufundisa abantu abakhubazekile ukushayela izimoto. Okunye kwalawa mathuba okufunda ukushayela kugxile ekusebenziseni izimoto eziyizimo to. Uhlelo oluyingqayizivele lwe-Quad Para Association of South Africa (i-QASA) luye lwafundisa abantu abayi-120 abakhubazekile ukuba bakwazi ukushayela.,zul,machine,gemma-4-31b-it,Abakwa-Driving Ambitions bafundisa abantu abakhubazekile ukushayela
"I-Driving Ambitions inhlangano ezinika amandla abantu abakhubazekile ngokubafundisa ukushayela izimoto. Lolu hlelo luwasiza ukuba babe nokuzimela, ukuze bakwazi ukuhamba kalula ngaphandle kokuthembele kwabanye. Njengoba kwenzeka ohlelweni lwe-QASA, lezi zinhlelo zidala amathuba okuthuthukisa impilo yabantu abakhubazekile. Ukufunda ukushayela kuvula iminyango eminingi emisebenzini nasekwakheni ikusasa elingcono.",zul,machine,gemma-4-31b-it,Abakwa-Driving Ambitions bafundisa abantu abakhubazekile ukushayela
"Programs like Driving Ambitions focus on empowering individuals with disabilities by teaching them how to drive. A notable example is the Quad Para Association of South Africa (QASA), which implements a unique program to provide these essential skills. Through this initiative, QASA has already successfully taught 120 people with disabilities to drive. By providing these opportunities, such programs promote independence and increase mobility for those with physical impairments.",eng,machine,gemma-4-31b-it,Abakwa-Driving Ambitions bafundisa abantu abakhubazekile ukushayela
"Go George is taking significant strides in improving accessibility and support for people with disabilities. This initiative aligns with a growing national trend as municipalities increasingly step in to address mobility challenges within their communities. By prioritizing inclusive transport solutions, the George Municipality is setting a new standard for how public infrastructure can better serve all citizens.",eng,machine,gemma-4-31b-it,I-GO GEORGE isiza ekuhlomiseni abantu abakhubazekile
I-GO GEORGE isiza ekuhlomiseni abantu abakhubazekile ukuze kube lula ukuhamba kwabo. Omasipala bakuleli sebezibandakanye kulolu hlelo lokusombulula le nkinga ebhekene nalaba abakhubazekile. Kanti uMasipala waseGeorge usukhuphule kakhulu iqophelo lokuthi izinhlelo zezokuthutha umphakathi kumele zime kuphi ukuze zonke izidingo zigcwaliswe.,zul,machine,gemma-4-31b-it,I-GO GEORGE isiza ekuhlomiseni abantu abakhubazekile
"The Go George public transport initiative is providing critical support and equipment for people with disabilities. This effort reflects a broader trend of municipalities across the country collaborating to solve accessibility challenges. Through these measures, the George Municipality has significantly raised the benchmark for the standard and inclusivity of public transportation programs.",eng,machine,gemma-4-31b-it,I-GO GEORGE isiza ekuhlomiseni abantu abakhubazekile
"Go George is an initiative dedicated to improving mobility and accessibility for people with disabilities. As part of a broader effort by South African municipalities to address transportation challenges, the George Municipality has set a high standard for inclusive public transit. By implementing these supportive systems, the city ensures that all citizens, regardless of their physical abilities, can move freely and independently.",eng,machine,gemma-4-31b-it,I-GO GEORGE isiza ekuhlomiseni abantu abakhubazekile
"U-Childline South Africa ugcizelela ukuthi ukuxoxisana phakathi kwabazali nezingane kuwukhiye ekwakheni ubudlelwano obuqinile nobuntandano. Lokhu kusiza abazali ukuba bazi kangcono imizwa nezingqinamba ezibhekana nazo izingane zabo nsuku zonke, okuyinto ebalulekile ekulondolozweni kwazo. Ngokuvula iminyango yokukhuluma, izingane zizizwa ziphephile futhi ziba nesibindi sokubika noma yikuphi udlame olungenzeka. Ngakho-ke, kubalulekile ukuba abazali bibe nesikhathi sokulalela izingane zabo ngothando nangokubekezela ukuze kuvikelwe amalungelo azo.",zul,machine,gemma-4-31b-it,Ukuxoxisana kusemqoka ekutheni wazi ingane yakho
"Ukuxoxisana phakathi kwabazali nezingane kubalulekile ukuze abazali bakwazi ukuzwa nokuzwisisa imizwa nezinselelo ababhekana nazo abantwana babo. Inhlangano ka-Childline South Africa igcizelela ukuthi ukukhuluma ngokuvuleka kusiza ekuvikeleni izingane kuzo zonke izinhlobo zodlame. Lokhu kwenza kube lula ukuthi amalungelo ezingane ahlonishwe futhi zizizwe ziphephe emakhaya azo. Ngakho-ke, kubalulekile ukwakha ubudlelwano bokwethemba ngokuxoxisana njalo nengane.",zul,machine,gemma-4-31b-it,Ukuxoxisana kusemqoka ekutheni wazi ingane yakho
"Childline South Africa, a non-profit organization dedicated to protecting children from violence and upholding their rights, emphasizes the importance of open communication. They believe that regular dialogue between parents and children is essential for parents to truly know and understand their children. This practice helps foster a supportive environment that promotes the overall well-being and safety of the child.",eng,machine,gemma-4-31b-it,Ukuxoxisana kusemqoka ekutheni wazi ingane yakho
"Childline South Africa, a non-profit organization dedicated to protecting children from violence and promoting their rights, emphasizes the importance of open communication between parents and their children. The organization states that regular dialogue is essential for parents to truly know and understand their children. By fostering these connections, parents can better ensure the safety and well-being of the youth in South Africa.",eng,machine,gemma-4-31b-it,Ukuxoxisana kusemqoka ekutheni wazi ingane yakho
"Ukuxoxisana nabantwana kubaluleke kakhulu ukuze abazali bakwazi ukuqonda imizwa nezinselelo ezibhekene nezingane zabo. Lokhu kwenza ukuba ingane izizwe ithembeke futhi iphephile, okuyikho okuyisisekelo sokwakha ubudlelwano obuqinile. Uma abazali bexoxisana nezingane, kuba lula ukubona izimpawu zodlame noma ukuhlupheka, okusiza ekutheni zingane zivikelwe masinyane. Ngakho-ke, kubalulekile ukudala isikhala sokukhuluma ngokuvuleka ukuze amalungelo ezingane ahlonishwe futhi avikelwe.",zul,machine,gemma-4-31b-it,Ukuxoxisana kusemqoka ekutheni wazi ingane yakho
"Umthetho Obhekelele Udlame Lwasekhaya uvikela ngokuphelele izisulu zodlame lwasemakhaya. Kubalulekile ukuba abantu, ikakhulukazi abesifazane, baqonde ukuthi ukuhlukumeza kwenzeka ngezindlela ezahlukene, hhayi ngokomzimba kuphela. Lokhu kuqonda kusiza izisulu ukuba zibone ukuthi zihlukunyezwa futhi zikwazi ukufuna usizo olufanele ukuze ziphephe.",zul,machine,gemma-4-31b-it,Yazi izinhlobo ezahlukene zokuhlukunyezwa
"This topic focuses on the importance of recognizing the various forms of abuse. It highlights that the Domestic Violence Act provides comprehensive protection for all victims of domestic violence. Specifically, it emphasizes that women must be aware of the different ways abuse occurs to better ensure their safety and rights.",eng,machine,gemma-4-31b-it,Yazi izinhlobo ezahlukene zokuhlukunyezwa
"Umthetho Obhekelele Udlame Lwasekhaya uvikela ngokuphelele izisulu zodlame lwasekhaya. Ukuhlukumeza kwenzeka ngezindlela ezahlukene, kanti kubaluleke kakhulu ukuthi abantu besifazane bazi lezi zindlela zokuhlukunyezwa. Lokhu kusiza ekutheni abantu bakwazi ukubona lapho behlukunyezwa khona futhi bafune usizo olufanele ngokomthetho.",zul,machine,gemma-4-31b-it,Yazi izinhlobo ezahlukene zokuhlukunyezwa
"The Domestic Violence Act provides comprehensive legal protection for all victims of domestic abuse. Because abuse can manifest in various forms, it is crucial for women to recognize the different ways they may be mistreated. Increasing awareness of these patterns is essential for ensuring that survivors can seek the necessary help and legal recourse.",eng,machine,gemma-4-31b-it,Yazi izinhlobo ezahlukene zokuhlukunyezwa
"Ukuhlukunyezwa akukona kuphela ukushaywa komzimba, kodwa kuhamba ngezindlela eziningi ezahlukene. Lokhu kubandakanya ukuhlukumeza ngokomzimba, ngokwasemoyeni okufana nokuthukwa nokwehliswa isithunzi, kanye nokuhlukumeza ngokocansi. Kukhona futhi ukuhlukunyezwa ngokwezimali lapho umuntu elawulwa ngokumnqabela ukusebenzisa imali yakhe. Kubalulekile ukwazi lezi zinhlobo ukuze abantu bakwazi ukuzibona besesimweni sokuhlukunyezwa futhi bafune usizo olufanele ngokomthetho.",zul,machine,gemma-4-31b-it,Yazi izinhlobo ezahlukene zokuhlukunyezwa
"It is essential to recognize the various forms of abuse to ensure the safety and well-being of all individuals. Abuse can manifest in many ways, including physical violence, emotional manipulation, sexual assault, and financial control. Under the Domestic Violence Act, victims are provided with comprehensive legal protections to help them escape harmful environments. By understanding these different types of abuse, women can better identify warning signs and seek the necessary support and justice.",eng,machine,gemma-4-31b-it,Yazi izinhlobo ezahlukene zokuhlukunyezwa
Abahlali bayakhunjuzwa ukuthi kusekhona ithuba lokugcina lokubhalisela ukuvota ngempelasonto ezayo. UMashinini uveze ukuthi zonke izikhungo zokuvota eziyizi-22 932 zizovulwa kusukela ngo-08h00 kuya ngo-17h00. Lokhu kwenzelwe ukuvumela ikakhulukazi abaqala ukubhalisa ukuba bathole ithuba lokwenza lokhu kalula. Kukhuthazwa bonke abezakhi okungakabhalisanga ukuba bazisebenzise lezi zikhungo ukuze baqinisekise ilungelo labo lokuvota.,zul,machine,gemma-4-31b-it,Ithuba lokugcina lokubhalisela ukuvota
"Kukhona ithuba lokugcina lokubhalisela ukuvota lapho zonke izikhungo zokuvota eziyizi-22 932 zizovuleka. Lezi zikhungo zizovuleka kusukela ngo-08h00 kuya ngo-17h00 ngempelasonto yokubhalisela. Inhloso yalesi senzo ukuvumela abantu, ikakhulukazi abaqala ukubhalisa, ukuba babhalise ukuze bakwazi ukuvota.",zul,machine,gemma-4-31b-it,Ithuba lokugcina lokubhalisela ukuvota
"All 22,932 voting stations will be open from 08:00 to 17:00 during the designated voter registration weekend. According to Mashinini, this initiative is designed to provide a final opportunity for eligible citizens to register. A primary goal of this effort is to ensure that first-time voters are able to successfully register.",eng,machine,gemma-4-31b-it,Ithuba lokugcina lokubhalisela ukuvota
"Isikhathi sokubhalisela ukuvota sesisondele ekupheleni. UMashinini umathe zonke izikhungo zokuvota eziyizi-22 932 zizovuleka ngempelasonto yokubhalisela, kusukela ngo-08h00 kuya ngo-17h00. Lokhu kwenzelwe ukuvumela ikakhulu abaqala ukubhalisa ukuba bathole ithuba lokuzibhalisa kalula.",zul,machine,gemma-4-31b-it,Ithuba lokugcina lokubhalisela ukuvota
"All 22,932 voting centers will be open from 08:00 to 17:00 during the upcoming voter registration weekend. Mashinini stated that this initiative is intended to provide an opportunity for first-time voters to register. This period serves as the final chance for eligible citizens to ensure they are on the electoral roll.",eng,machine,gemma-4-31b-it,Ithuba lokugcina lokubhalisela ukuvota
Ukubhalisela ukuvota kuyisinyathelo esibalulekile kubantu bonke abafuna ukuba nezwi ezikhethweni. Zonke izikhungo zokuvota eziyizi-22 932 zizovuleka kusukela ngo-08h00 kuya ngo-17h00 ngempelasonto yokubhalisela. Leli thuba lihle kakhulu kulabo abaqala ukubhalisa ukuze baqiniseke ukuthi amagama abo asemhlwini lwabavoti. Sicela nisebenzise leli thuba ukuze nibe yingxenye yokuzikhethela ikusasa lezwe.,zul,machine,gemma-4-31b-it,Ithuba lokugcina lokubhalisela ukuvota
"To facilitate the voter registration process, 22,932 voting centers will be open from 08:00 to 17:00 during the designated registration weekend. This period serves as a critical opportunity for eligible citizens to ensure they are registered to vote. Special emphasis is placed on allowing first-time voters to easily access these services and join the electoral roll. Registering is an essential step for anyone wishing to participate in the democratic process.",eng,machine,gemma-4-31b-it,Ithuba lokugcina lokubhalisela ukuvota
"Ngalesi sikhathi samaholide kaKhisimusi, kubalulekile ukuthatha izinyathelo zokuphepha lapho uhamba. Qinisekisa ukuthi uhlola imoto yakho ngokuphelele ngaphambi kokuhamba ukuze uqikelele ukuthi isesimweni esigculisayo. Futhi, wena nabagibeli bakho kufanele nifake amabhande okuphepha ngaso sonke isikhathi. Lokhu kuzosiza ekutheni nibe nohambo oluphephile nolujabulisayo.",zul,machine,gemma-4-31b-it,Amasu okukugcina uphephile ngale si sikhathi samaholide kaKhisimusi
"To ensure a safe journey during the Christmas holiday period, it is essential to prioritize road safety. Begin by thoroughly checking your vehicle before departure to ensure it is in optimal working condition. Additionally, the driver and all passengers must always wear their seatbelts while in the car. Following these simple precautions helps protect everyone on the road.",eng,machine,gemma-4-31b-it,Amasu okukugcina uphephile ngale si sikhathi samaholide kaKhisimusi
"Njengoba sisondele ezikhathini zamaholide kaKhisimusi, kubalulekile ukubeka ukuphepha kuqala emafutheni omgwaqo. Abashayeli bakhuthazwa ukuba bahlole izimoto zabo ngaphambi kokuhamba ukuze baqinisekise ukuthi zisemweni esigculisayo. Ngaphezu kwalokho, kubalulekile ukuthi umshayeli kanye nabagibeli bafase amabhande abo ngaso sonke isikhathi. Lawa masu alula angasiza ekunqandeni izingozi nokonga izimpilo ngalesi sikhathi somcimbi.",zul,machine,gemma-4-31b-it,Amasu okukugcina uphephile ngale si sikhathi samaholide kaKhisimusi
"Motorists are urged to prioritize safety during the upcoming Christmas holiday period. Drivers are advised to thoroughly inspect their vehicles before departure to ensure they are in optimal working condition. Additionally, it is essential that both the driver and all passengers wear seatbelts at all times while on the road. These precautions are vital for ensuring a safe journey for everyone throughout the festive season.",eng,machine,gemma-4-31b-it,Amasu okukugcina uphephile ngale si sikhathi samaholide kaKhisimusi
Kubalulekile ukuhlola imoto yakho ngaphambi kokuba uhambe ukuze uqinisekise ukuthi isimo sayo sigculisayo. Wena nabagibeli bakho kufanele nifase amabhande ngokuhlala ukuze niphephe endleleni. Lezi zinyathelo ezilula zizokusiza ukuba ubujabulele amaholide kaKhisimusi uphephile.,zul,machine,gemma-4-31b-it,Amasu okukugcina uphephile ngale si sikhathi samaholide kaKhisimusi
"To stay safe during the Christmas holiday season, it is essential to prioritize road safety before traveling. Begin by thoroughly inspecting your vehicle to ensure it is in optimal condition for the journey. Additionally, ensure that you and all your passengers wear seatbelts at all times while on the road. Following these simple precautions helps guarantee a safe and joyful trip for everyone.",eng,machine,gemma-4-31b-it,Amasu okukugcina uphephile ngale si sikhathi samaholide kaKhisimusi
"Kubalulekile ukuhlela imali yakho ngobuhlakani, ikakhulukazi ngesikhathi samaholide. Ukuchitha imali ngendlela engafanele ngelinye iholide likaKhisimusi kungaholela ezikweletini ezingashayiwa, okungaba nomthelela omubi empilweni yakho. Ngakho-ke, kumele sigweme ukuthenga izinto esingazidingi, kodwa sigxile kulokho okubalulekile. Ukwenza lokhu kuzosisiza ukuba siqale unyaka omusha sizizwe siphephile ngokwezezimali.",zul,machine,gemma-4-31b-it,Sebenzisa imali ngobuhlakani
"Practicing financial prudence is essential for long-term stability, as reckless spending often becomes a lingering burden. As the festive season approaches, consumers are urged to avoid excessive Christmas expenditures to prevent severe financial strain in the new year. Making smart choices now ensures a more secure and stress-free future.",eng,machine,gemma-4-31b-it,Sebenzisa imali ngobuhlakani
"Kubalulekile ukuphatha imali ngobuhlakani ukuze ugwembe izikweleti ezingadingeki. Kufanele siqaphele ukungachithi kakhulu ngesikhathi samaholide kaKhisimusi, ngoba lokhu kungaba nomthelela omubi esimo sezimali esikhathini esizayo. Ngokugwema ukuthenga izinto ezingabalulekile, singakwazi ukulondoloza imali nokunakekela ikusasa lethu. Ukuhlela isabelomali kusiza ekutheni sibe nesimo sezimali esizinzile futhi esiphephile.",zul,machine,gemma-4-31b-it,Sebenzisa imali ngobuhlakani
"Using money wisely is essential to avoid the long-term burden of debt. It is particularly important to avoid impulsive spending during the Christmas holiday season to prevent negative financial consequences. By practicing financial discipline, individuals can ensure a more stable and secure future.",eng,machine,gemma-4-31b-it,Sebenzisa imali ngobuhlakani
"Abantu bakhuthazwa ukuba basebenzise imali yabo ngobuhlakani ngalesi sikhathi samaholide. Ochwepheshe baxwayisa ukuthi ukusebenzisa imali ngendlela engafanele kufana nokuthwala isikweleti esisinda emahlombe. Ngakho-ke, kubalulekile ukugwema ukuchitha imali ngokweqile kulezi zinsuku zikaKhisimusi ngoba lokhu kungaba nomthelela omkhulu ekuziphileni kwabo ngomuso.",zul,machine,gemma-4-31b-it,Sebenzisa imali ngobuhlakani
"Experts are urging the public to manage their finances wisely during the festive season to avoid falling into unnecessary debt. Many individuals risk overspending during the Christmas holidays, which can lead to significant financial strain and long-term instability. By prioritizing mindful spending, consumers can protect their financial health and ensure a more secure start to the new year.",eng,machine,gemma-4-31b-it,Sebenzisa imali ngobuhlakani
"Using money wisely is essential for maintaining long-term financial stability and avoiding the burden of debt. It is especially important to avoid impulsive spending during the Christmas holidays to prevent negative impacts on your future finances. By budgeting carefully and prioritizing needs over wants, you can enjoy the festive season without compromising your financial security.",eng,machine,gemma-4-31b-it,Sebenzisa imali ngobuhlakani
"Ukuqedwa komshado ngokomthetho kwenzeka lapho kusebenza khona ukuthi ayisekho nhlobo indlela efanelekile yokuvuselelwa kobudlelwane phakathi kwabashadile. Le nkqubo ihlinzekela ngokuhlukaniswa kwempahla ehlanganyelwe ngendlela efanele ukuze kube nokulungiseka phakathi kwabo. Ngaphezu kwalokho, kuqinisekisa ukuphoqelela imigomo okuvunyelwene ngayo yombili ohlangothini ukuze kuqedwe yonke imibango ngokomthetho.",zul,machine,gemma-4-31b-it,kuqedwa komshado ngokomthetho
"The legal dissolution of marriage occurs when a couple determines that their relationship is irretrievably broken and cannot be restored. This formal process provides a structured mechanism for the fair division of joint assets and shared property. Furthermore, it ensures the enforcement of agreed-upon terms, providing legal certainty as both individuals move forward separately.",eng,machine,gemma-4-31b-it,kuqedwa komshado ngokomthetho
Ukuqedwa komshado ngokomthetho kusho ukuphela kobudlelwane phakathi kwabantu abashadile ngokusemthethweni. Lokhu kwenzeka lapho kutholakala ukuthi ayisekho nhlobo indlela efanelekile engasetshenziswa ngayo ukuze kuvuselelwe ubudlelwane. Le nqubo ihlinzekela ngokwahlukaniswa kwempahla ehlanganyelwe noma ukuqinisekisa ukuthi imigomo abavunyelwane ngayo iyalandelwa.,zul,machine,gemma-4-31b-it,kuqedwa komshado ngokomthetho
"The legal dissolution of marriage serves as the final step when a union is officially terminated. This process signifies that there is no longer any viable means of restoring the relationship between the spouses. Additionally, it provides a formal framework for the division of shared assets and the enforcement of agreed-upon terms.",eng,machine,gemma-4-31b-it,kuqedwa komshado ngokomthetho
"The legal dissolution of marriage occurs when a marital union is formally terminated through a court of law. This process is typically pursued when it is determined that the relationship has irretrievably broken down and there is no longer any viable way to restore the bond. Furthermore, a legal divorce provides a structured framework for the fair division of joint assets and the enforcement of terms previously agreed upon by both parties.",eng,machine,gemma-4-31b-it,kuqedwa komshado ngokomthetho
"Dr. Bushy Mhlari, a Senior Registrar in Obstetrics and Gynaecology at Dr George Mukhari Academic Hospital, has warned that an ectopic pregnancy is a critical medical emergency. He emphasized that this condition, where a fertilized egg develops outside the uterus, requires immediate medical intervention to prevent life-threatening complications. Prompt diagnosis and urgent treatment are essential to ensuring the safety and survival of the mother.",eng,machine,gemma-4-31b-it,Ukukhulelwa Okungekho Esibelethweni (ectopic pregnancy) kuyisimo esiphuthumayo sezempilo
"Ukukhulelwa okungekho esibelethweni (ectopic pregnancy) kuyisimo esiphuthumayo sezempilo esidinga ukunakekelwa ngokushesha ukuze kusindiswe impilo yomama. Lokhu kuqinisekiswa nguDokotela Bushy Mhlari, onguSenior Registrar we-Obstetrics and Gynaecology esibhedlela i-Dr George Mukhari Academic Hospital. UDkt. Mhlari uchaze ukuthi lolu hlobo lokukhulelwa lwenzeka lapho i-embryo ingayohlala ngaphakathi esibelethweni, okungaholela ekutheni igazi liphume kakhulu emzimbeni. Ngakho-ke, abesifazane bakhuthazwa ukuba bafune usizo lwezokwelapha ngokushesha lapho bezwa izimpawu ezingajwayelekile.",zul,machine,gemma-4-31b-it,Ukukhulelwa Okungekho Esibelethweni (ectopic pregnancy) kuyisimo esiphuthumayo sezempilo
"Dr. Bushy Mhlari has warned that an ectopic pregnancy is a critical medical emergency requiring immediate attention. As a Senior Registrar in Obstetrics and Gynaecology at Dr. George Mukhari Academic Hospital, Dr. Mhlari emphasized the urgency of the condition. He noted that prompt medical intervention is essential to ensure patient safety and prevent severe complications.",eng,machine,gemma-4-31b-it,Ukukhulelwa Okungekho Esibelethweni (ectopic pregnancy) kuyisimo esiphuthumayo sezempilo
"Ukukhulelwa okungekho esibelethweni kwenzeka lapho i-embryo inganamathelanga ngaphakathi esibelethweni, kodwa inamathela enye indawo, njengasezintubeni zokuphatha i-ovum. Lokhu kuyisimo esiphuthumayo sezempilo ngoba kungaholela ekudabekeni kwezintubo, okubangela ukugwazuka kwegazi okuningi ngaphakathi emzimbeni. Uma kungalashwa ngokushesha, lokhu kungaba yingozi enkulu empilweni yomama. Ngakho-ke, kubalulekile ukufuna usizo lwezokwelapha ngokushesha lapho ezwakala izimpawu ezinjengobuhlungu obukhulu esiswini.",zul,machine,gemma-4-31b-it,Ukukhulelwa Okungekho Esibelethweni (ectopic pregnancy) kuyisimo esiphuthumayo sezempilo
"An ectopic pregnancy occurs when a fertilized egg implants outside the main cavity of the uterus, creating a critical medical emergency. According to Dr. Bushy Mhlari, a Senior Registrar in Obstetrics and Gynaecology at Dr George Mukhari Academic Hospital, this condition requires immediate medical intervention to prevent life-threatening complications. If left untreated, the growing embryo can cause the fallopian tube to rupture, leading to severe internal bleeding. Prompt diagnosis and treatment are essential to ensure the safety and survival of the patient.",eng,machine,gemma-4-31b-it,Ukukhulelwa Okungekho Esibelethweni (ectopic pregnancy) kuyisimo esiphuthumayo sezempilo
"Siyayikhumbula le nkathi ebuhlungu, kodwa kufanele lolu daba lusisebenzele njengesixwayiso sokuthi izingane zethu zidinga ukuvikelwa okungaphezulu. Kubalulekile ukuba sonke, njengomphakathi, sibambisane ukuqinisekisa ukuthi akusekho omunye umntwana ozohlupheka noma ashone ngenxa yokunganakiwa. Ngale ndlela, sizokwazi ukwakha isizwe esinakekela izingane ngokweqiniso, lapho zonke izibophezelo zabazali nabagadi zifezwa ngokuphelele ukuze kuvikelwe ikusasa lethu.",zul,machine,gemma-4-31b-it,Sakha isizwe esinakekela izingane
"Enock’s tragic death is a heartbreaking reminder that far too many children perish due to preventable circumstances when adults fail in their fundamental duty of care. His story is not an isolated incident, but rather a symptom of a broader failure to protect our most vulnerable citizens. It is now imperative that we commit ourselves to building a nation that truly cherishes, protects, and safeguards every child.",eng,machine,gemma-4-31b-it,Sakha isizwe esinakekela izingane
"This initiative focuses on building a society that prioritizes the safety and well-being of all children. It highlights the tragic reality that many children lose their lives to preventable causes when adults fail to fulfill their caregiving responsibilities. By emphasizing accountability and proper supervision, the movement seeks to prevent such avoidable tragedies. Ultimately, the goal is to ensure a protective environment where every child is properly nurtured and safe.",eng,machine,gemma-4-31b-it,Sakha isizwe esinakekela izingane
"Kumele siqonde ukuthi ukuvikela nokunakekela izingane kuwumthwalo wethu sonke njengesizwe. Uma abantu abadala bengagcini isibophezelo sabo, kulahleka izimpilo ezingenasonto njengokwenziwa kuka-Enock. Ukuze sakhe isizwe esiqinile, kumele siqinisekise ukuthi ingane ngayiphi ihlangana nokuphepha, ukunakekelwa kwezempilo, nothando. Lokhu kuzosiza ekugwemeni izinhlekelele ezingagwemeka, kuqiniseke futhi ikusasa eliqhakazile labo abasasebancane.",zul,machine,gemma-4-31b-it,Sakha isizwe esinakekela izingane
"Building a nation that cares for children requires a collective commitment from all adults to protect and nurture the youngest members of society. Many avoidable tragedies occur when guardians fail to uphold their fundamental responsibility to provide a safe and supportive environment. By prioritizing child welfare and ensuring proper care, we can prevent unnecessary loss of life and promote healthy development for every child. Ultimately, safeguarding our children is the essential foundation for a stronger and more compassionate future for the entire nation.",eng,machine,gemma-4-31b-it,Sakha isizwe esinakekela izingane
"Obakeng Mabotja, the Station Manager at Matimba Power Station, has warned that South Africa's shortage of sufficient electrical power is having a devastating impact on the lives of its citizens. He noted that the ongoing energy crisis severely disrupts daily activities and hinders socioeconomic stability across the country. According to Mabotja, the lack of a reliable power supply continues to place an immense burden on both households and businesses.",eng,machine,gemma-4-31b-it,Ukukhanyiswa nokucishwa kukagesi
"Ukukhanyiswa nokucishwa kukagesi kuyinkinga enkulu ebhekene neNingizimu Afrika ngenxa yokushoda kwamandla kagesi anele. UMphathi wesiteshi sase-Matimba, u-Obakeng Mabotja, ugcizelela ukuthi lokhu kushoda kagesi kunomthelela omubi kakhulu ezimpilweni zabantu. Lolu hlelo luvimbela intuthuko futhi luthinta kakhulu imisebenzi yansuku zonke kanye nomnotho wezwe. Ngakho-ke, kubalulekile ukuthi kube nezixazululo ezinqobile ukuze kubuyiswe ukukhanya okuzinzile.",zul,machine,gemma-4-31b-it,Ukukhanyiswa nokucishwa kukagesi
"Obakeng Mabotja, the Station Manager at Matimba Power Station, has highlighted the severe negative impact that electricity shortages are having on the lives of people in South Africa. He emphasizes that the lack of sufficient power disrupts daily activities and creates significant hardships for the population. This ongoing energy crisis underscores the critical need for stable electricity to ensure the well-being of citizens.",eng,machine,gemma-4-31b-it,Ukukhanyiswa nokucishwa kukagesi
"Ibamba lomphathi wesiteshi sokuphehla ugesi e-Matimba Power Station, u-Obakeng Mabotja, uveze ukukhathazeka kwakhe ngokushoda kwamandla kagesi eNingizimu Afrika. Ubika ukuthi lokhu kukhanyiswa nokucishwa kukagesi kunomthelela omubi kakhulu ezimpilweni zabantu nsuku zonke. Uphinde ugcizelele ukuthi le nkinga ihambisana nokubamba phansi komsiziwe nemisebenzi ebalulekile emphakathini.",zul,machine,gemma-4-31b-it,Ukukhanyiswa nokucishwa kukagesi
"Obakeng Mabotja, the Station Manager at Matimba Power Station, has highlighted the severe impact of electricity shortages in South Africa. He stated that the lack of adequate power supply is having a devastating effect on the daily lives of citizens. According to Mabotja, these ongoing energy challenges continue to disrupt essential services and hinder societal wellbeing.",eng,machine,gemma-4-31b-it,Ukukhanyiswa nokucishwa kukagesi
"Understanding Attention Deficit Hyperactivity Disorder (ADHD) and Attention Deficit Disorder (ADD) is crucial for ensuring a child's healthy development. These conditions, characterized by difficulty concentrating and poor impulse control, can lead to significant long-term challenges if left untreated. Early intervention and proper support are essential to help affected children overcome these hurdles and reach their full potential.",eng,machine,gemma-4-31b-it,Konke okumele ukwazi  nge-ADHD ne-ADD
"I-ADHD yisimo lapho ingane ihluleka ukugxilisa umqondo futhi ibonakalise ukungakwazi ukuzilawula, kanti i-ADD igxile ekuhlulekeni ukugxila. Kubalulekile ukuthi lezi zimo zilashwe ngokushesha ngoba zingaba nomthelela omubi ekuthuthukeni kwengane empilweni. Ukuthola usizo olufanele kusiza ingane ukuba ikwazi ukulawula imizwa yayo futhi iphumelele ezifundweni nasemiphakathini. Ukwazi kabanzi ngalezi zimo kuvula indlela yokusekela ingane ukuze ibe nekusasa eliqhakazile.",zul,machine,gemma-4-31b-it,Konke okumele ukwazi  nge-ADHD ne-ADD
"ADHD and ADD are conditions characterized by difficulties with focus and, in the case of ADHD, a lack of impulse control. It is critical that children diagnosed with these disorders receive appropriate treatment and support. Without proper intervention, these conditions can lead to significant negative impacts on a child's overall development and well-being.",eng,machine,gemma-4-31b-it,Konke okumele ukwazi  nge-ADHD ne-ADD
"Kubalulekile ukuqonda umehluko nokubaluleka kokwelashwa kwe-ADHD ne-ADD. I-ADHD ibonakala ngokuhluleka kwengane ukugxilisa umqondo kanye nokungakwazi ukuzilawula, kanti i-ADD igxile kakhulu ekuhlulekeni ukugxilisa umqondo entweni eyodwa. Uma lezi zimo zingalashwa ngesikhathi, zingaba nomthelela omubi kakhulu ekuthuthukeni nasekufundeni kwengane.",zul,machine,gemma-4-31b-it,Konke okumele ukwazi  nge-ADHD ne-ADD
"I-ADHD ne-ADD ziyizimo zenhliziyo nomqondo eziphazamisa ikhono lomuntu lokugxila kanye nokuzilawula. I-ADHD ihlanganisa ukungakwazi ukugxila kanye nokuba nomdlandla omningi (hyperactivity), kanti i-ADD igxile kakhulu ekuhlulekeni ukugxilisa umqondo. Kubalulekile ukuthola usizo lwezempilo kusasele isikhathi ukuze ingane ikwazi ukufunda kahle futhi igweme imiphumela emibi esikolweni nasekuphilisaneni nabanye. Ngokusebenzisa amasu olasho nokusekelwa emndenini, laba bantu bangaphumelela kakhulu empilweni yabo.",zul,machine,gemma-4-31b-it,Konke okumele ukwazi  nge-ADHD ne-ADD
"ADHD (Attention Deficit Hyperactivity Disorder) and ADD (Attention Deficit Disorder) are neurodevelopmental conditions that affect a person's ability to focus and control impulsive behavior. While ADHD often involves a combination of hyperactivity and inattention, ADD is primarily characterized by difficulty concentrating. If these conditions are left untreated in children, they can lead to significant challenges in academic performance and social development. Early diagnosis and proper support are essential for helping children manage their symptoms and reach their full potential.",eng,machine,gemma-4-31b-it,Konke okumele ukwazi  nge-ADHD ne-ADD
"Izimo zomnotho zonyaka wezi-2020 zibukeka zinzima kakhulu kunazo zonke esike sazibona, okwenza kube kubalulekile ukuba sibheke ngeso lokhozi. Kubalulekile ukuba ucubungule isimo sakho sezimali futhi uhlele konke ngobuhlakani ukuze ukwazi ukumelana nezinselelo ezibhekene nathi. Lolu hlobo lokuhlela luwukhiye oyedwa okungakusiza ukuba uthole inkululeko kwezezimali ngisho nasezikhathini ezinzima.",zul,machine,gemma-4-31b-it,Hlela Izimali Zakho Ngobuhlakani
"Ngenxa yezimo zomnotho ezizondizayo, kubalulekile ukuthi uhlele izimali zakho ngobuhlakani. Kumele ubheke ngeso lokhozi futhi uhlaziye isimo sakho sezimali ukuze ukwazi ukubhekana nezinselele. Lokhu kuzokusiza ukuba uthole inkululeko kwezezimali futhi uvikele ikusasa lakho.",zul,machine,gemma-4-31b-it,Hlela Izimali Zakho Ngobuhlakani
"Izimo zomnotho zonyaka wezi-2020 zibukeka zizoba nzima ukwedlula ezowezi-2019. Ngakho-ke, kubalulekile ukuthi abantu babheke ngeso lokhozi futhi bacubungule ngokujula isimo sabo sezimali. Ukuhlela izimali ngobuhlakani kuyindlela eyodwa yokuthola inkululeko kwezezimali ngalesi sikhathi esinzima.",zul,machine,gemma-4-31b-it,Hlela Izimali Zakho Ngobuhlakani
"With economic conditions in 2020 projected to be more challenging than those of 2019, experts are urging individuals to plan their finances with greater wisdom. It has become essential to remain vigilant and carefully analyze one's financial status to navigate these hardships. By adopting a strategic approach to money management, individuals can better protect their assets and mitigate risks. Ultimately, these proactive measures are key to achieving long-term financial freedom.",eng,machine,gemma-4-31b-it,Hlela Izimali Zakho Ngobuhlakani
"Ezikhathini zanamuhla, izimo zomnotho ziba nzima kakhulu, okwenza ukuthi kube kubalulekile ukuhlela izimali zakho ngobuhlakani. Kumele uqale ngokwenza ibhajethi eqondile, uhlukanise phakathi kwezidingo ezibalulekile nezifiso nje. Ukubeka eceleni imali yosizo ezimweni ezingalindelekile kuzokusiza ukuba ungancishi ngenxa yezikweletu. Uma ubheka ngeso lokhozi futhi uhlala unonise imizamo yakho yokonga, uzokwazi ukuthola inkululeko kwezezimali esikhathini esizayo.",zul,machine,gemma-4-31b-it,Hlela Izimali Zakho Ngobuhlakani
"BMW has committed to combating Gender-Based Violence (GBV) in South Africa through a strategic donation of vehicles. This handover was marked by the presence of President Cyril Ramaphosa and German Chancellor Angela Merkel, signifying strong international cooperation. The cars were donated to a South African organization dedicated to addressing health and violence. Such initiatives demonstrate how corporate partnerships can provide essential resources to fight social injustices.",eng,machine,gemma-4-31b-it,Inkampani yakwa-BMW Ihlanganyela empini yokulwa ne-GBV
"Kuyinto engephikiswe ukuthi intsha ingumgogodla wendlela-kucabanga kanye nohlaka oluyisisekelo lwezwe lethu. Naphezu kokuthi kukhona ababona abasha njengabantu abangenalo uqotho, iqiniso lithi lolu luhlobo lwentsha luletha imibono emisha nokuqonda okujulile okudingeka ekuthuthukiseni isizwe. Bame njengengonyama egqamile ezoholela ekwakheni umphakathi ozinzile nonenqubekela phambili. Ngakho-ke, ukubaxhasa nokubanika amathuba kuwukwakha igugu elizohlala liyingonyama yezizukulwane ezizayo.",zul,machine,gemma-4-31b-it,Abantu abasha bayingo muso lezwe lethu
"It is undeniable that the youth serve as the fundamental backbone of our nation's intellectual and structural framework. Contrary to common misconceptions that paint young people as indifferent or undisciplined, they are the primary catalysts for innovation and societal progress. By embracing their vision and energy, the country can secure a more resilient and forward-thinking future.",eng,machine,gemma-4-31b-it,Abantu abasha bayingo muso lezwe lethu
"Intsha iyinsika nomgogodla wendlela-kucabanga kanye nohlaka oluyisisekelo lwezwe lethu. Balezisa imiqondo emisha namandla adingekile ukuze isizwe siqhubekele phambili ngokuthuthuka. Kunokuba sibabone njengabantu abangazibheki, kufanele siqonde ukuthi yibona abaphethe ithemba nekusasa lethu. Lokhu kwenza ukuthi intsha ibe yingomuso nobunqaba bokuzinza kwendawonye sonke.",zul,machine,gemma-4-31b-it,Abantu abasha bayingo muso lezwe lethu
"Young people serve as the fundamental backbone and intellectual foundation of the nation. This perspective challenges negative stereotypes that often portray youth as irresponsible or disrespectful. Ultimately, it emphasizes that the strength and future development of the country rely heavily on the contributions of the younger generation.",eng,machine,gemma-4-31b-it,Abantu abasha bayingo muso lezwe lethu
"Kuyinto engephikiswe ukuthi intsha ingumgogodla wendlela-kucabanga kanye nohlaka oluyisisekelo lwezwe lethu. Ngokuphambene kakhulu nendlela-kubuka ethi abantu abasha bathatha phansi izinto, kukhombiseka ukuthi balethe amasu amasha okuthuthukisa umphakathi. Le ntsha idlala indima ebalulekile ekusizeni izwe ukuba lihambe phambili ngokusebenzisa ulwazi lwezobuchwepheshe nemibono emisha. Ngakho-ke, abantu abasha bayingo muso nethemba lekusasa lezwe lethu.",zul,machine,gemma-4-31b-it,Abantu abasha bayingo muso lezwe lethu
"The youth are widely recognized as the backbone of the nation's intellectual growth and structural development. Contrary to stereotypes that characterize young people as indifferent, they are proving to be essential drivers of social and economic progress. Their innovative thinking provides a critical foundation for the country's future stability. Consequently, the younger generation remains central to the nation's long-term vision and success.",eng,machine,gemma-4-31b-it,Abantu abasha bayingo muso lezwe lethu
"Intsha iyinhliziyo nekusasa lezwe lethu. Amandla abo nemibono emisha bakhuthaza intuthuko nokushintsha kwendlela yokusebenza emphakathini. Kubalulekile ukuba sibaqeqeshe futhi sibafundise ukuze bahole ngokuhlakanipha nokuzinikela. Ngakho-ke, abantu abasha bayingo muso negolide lezwe lethu elidinga ukunakekelwa.",zul,machine,gemma-4-31b-it,Abantu abasha bayingo muso lezwe lethu
"Young people serve as the essential backbone of our nation's foundational structure and intellectual growth. While some may mistakenly perceive the youth as irresponsible or dismissive, they are actually the primary drivers of societal progress. By shaping innovative ways of thinking, they ensure the continued evolution and stability of the country.",eng,machine,gemma-4-31b-it,Abantu abasha bayingo muso lezwe lethu
"Kusebalulekile ukuba sisebenze ngokubambisana ukuze silungise isimo sezimali zethu. Izibalo ziveza ngokucacile ukuthi sichitha imali eningi kunaleyo esiyitholayo, okuyinto eyingozi kakhulu. Uma singasukumi manje shintshe indlela esiphatha ngayo imali, sizobhekana nezikhathi ezinzima kakhulu esikhathini esizayo.",zul,machine,gemma-4-31b-it,Asisebenze ngokubambisana ukulungisa izimali zethu
"Current figures provide a stark warning: unless we take immediate action to change our course, we face a period of severe hardship. It is evident that our spending has far exceeded our income, creating an unsustainable situation. We must now work together to restore our financial health and secure our future.",eng,machine,gemma-4-31b-it,Asisebenze ngokubambisana ukulungisa izimali zethu
"There is an urgent need for collective action to stabilize our financial situation. Current data indicates that spending has exceeded income, creating an unsustainable trend. Unless immediate changes are made, we face the risk of significant hardship in the future.",eng,machine,gemma-4-31b-it,Asisebenze ngokubambisana ukulungisa izimali zethu
There is an urgent call for collaborative effort to stabilize current financial standings. Latest figures indicate that spending has significantly surpassed total earnings. Analysts warn that failure to implement immediate reforms will lead to severe economic hardships in the future.,eng,machine,gemma-4-31b-it,Asisebenze ngokubambisana ukulungisa izimali zethu
IVulekamali is an initiative dedicated to empowering the people of South Africa. It was established two years ago by Mgcinimafa Kazwelonke in collaboration with various community organizations. The project's impact was recently recognized with an award at the 17th Sector Innov event.,eng,machine,gemma-4-31b-it,IVulekamali ihlomisa abantu baseNingizimu Afrika
"IVulekamali iqhubeka nokuhlomisa abantu baseNingizimu Afrika ngokuthuthukisa imiphakathi yabo. Le ngosi yasungulwa eminyakeni emibili edlule nguMgcinimafa Kazwelonke ngokubambisana nezinhlangano eziningi zomphakathi. Njengamanje, le projekthi isihlonyiswe ngomklomelo obalulekile emcimbini we-17th Sector Innov.",zul,machine,gemma-4-31b-it,IVulekamali ihlomisa abantu baseNingizimu Afrika
"IVulekamali, an initiative founded two years ago by Mgcinimafa Kazwelonke, is working to empower citizens across South Africa. Established in collaboration with various community organizations, the project focuses on driving local development and support. This impactful effort was recently recognized and honored with an award at the 17th Sector Innov event.",eng,machine,gemma-4-31b-it,IVulekamali ihlomisa abantu baseNingizimu Afrika
"IVulekamali wuhlelo olwasungulwa eminyakeni emibili edlule ngu Mgcinimafa Kazwelonke ngokubambisana nezinhlangano zomphakathi eziningi. Le projekthi ihlonishwe ngokuthola umklomelo emcimbini we-17th Sector Innov ngenxa yomsebenzi wayo omuhle. Inhloso yalo hlelo wukuhlomisa abantu baseNingizimu Afrika ngokubanika amakhono nezithuba zokuthuthuka. Ngale ndlela, abantu abaningi bayakwazi ukuzithuthukisa nokwakha ikusasa eliqhakazile.",zul,machine,gemma-4-31b-it,IVulekamali ihlomisa abantu baseNingizimu Afrika
"IVulekamali is an initiative dedicated to empowering people across South Africa. It was launched through Ingosi, an organization founded two years ago by Mgcinimafa Kazwelonke in collaboration with various community organizations. The project's innovative approach was recently recognized with an award at the 17th Sector Innov event.",eng,machine,gemma-4-31b-it,IVulekamali ihlomisa abantu baseNingizimu Afrika
"INingizimu Afrika ihamba phambili empi yomhlaba wonke yokulwa nesifo sofuba, kodwa impumelelo yalo mzamo incike kakhulu ekwesekweni kweziguli. Ukunikeza iziguli usizo olufanele kuqinisekisa ukuthi ziqedela imithi yazo, okuyinto ebalulekile ekunciphiseni ukubaluleka kwalolu sifo emphakathini. Lo mzamo useqinisekiswa usizo oluvela e-USAID, olugxile ekuthuthukiseni izindlela zokunakekela abagulayo ukuze kufike isisombululo esigcwele.",zul,machine,gemma-4-31b-it,Ukwesekwa kweziguli kusemqoka ekulweni neSifo Sofuba
"South Africa has emerged as a global leader in the fight against tuberculosis (TB), spearheading critical initiatives to curb the epidemic. This effort is significantly bolstered by the United States Agency for International Development (USAID), which has stepped in to provide essential resources and expertise. Central to this mission is the understanding that robust patient support is vital for ensuring treatment adherence and improving recovery outcomes. Together, these partnerships are working to create a sustainable path toward a TB-free future.",eng,machine,gemma-4-31b-it,Ukwesekwa kweziguli kusemqoka ekulweni neSifo Sofuba
INingizimu Afrika ithatha isikhundla sobuholi empini yokulwa neSifo Sofuba emhlabeni wonke. I-United States Agency for International Development (USAID) nayo isingenelele ngokunikeza usizo olubalulekile kule mpi. Kubaluleke kakhulu ukuthi iziguli zithole ukwesekwa okufanele ukuze zikwazi ukuphumelela ekwelashweni nasekuhluleni lesi sifo. Lokhu kubambisana kuqinisekisa ukuthi iziguli ziyaphila futhi ukubaluleka kwalesi sifo kuyancipha emphakathini.,zul,machine,gemma-4-31b-it,Ukwesekwa kweziguli kusemqoka ekulweni neSifo Sofuba
"South Africa has taken a leadership role in the global effort to combat Tuberculosis (TB). To strengthen this fight, the United States Agency for International Development (USAID) has provided critical assistance and resources. A central focus of these initiatives is the understanding that comprehensive patient support is essential for successfully treating and eradicating the disease.",eng,machine,gemma-4-31b-it,Ukwesekwa kweziguli kusemqoka ekulweni neSifo Sofuba
INingizimu Afrika isithathe isikhundla sobuholi empini yomhlaba wonke yokulwa nesifo sofuba (TB). Le mpi isekelwa i-United States Agency for International Development (USAID) enikeza usizo olubalulekile ukuze kuthuthukiswe izindlela zokwelapha. Kugcizelelwa ukuthi ukwesekwa kweziguli kusemqoka kakhulu ukuqinisekisa ukuthi abagulayo baqeda imithi yabo futhi baphulukise ngokuphelele. Lolu hlelo luhlose ukunciphisa izinga lokufa nokuthuthukisa impilo yabantu emphakathini.,zul,machine,gemma-4-31b-it,Ukwesekwa kweziguli kusemqoka ekulweni neSifo Sofuba
"South Africa has taken a leading role in the global fight against tuberculosis (TB), emphasizing that patient support is crucial to eradicating the disease. To strengthen these efforts, the United States Agency for International Development (USAID) has intervened by providing critical assistance. This collaborative initiative aims to improve healthcare outcomes through enhanced support systems for those affected by TB.",eng,machine,gemma-4-31b-it,Ukwesekwa kweziguli kusemqoka ekulweni neSifo Sofuba
"Patient support is essential in the global effort to combat Tuberculosis (TB). South Africa has taken a leading role in this fight, implementing critical strategies to manage and eradicate the disease. To bolster these initiatives, the United States Agency for International Development (USAID) provides vital assistance and resources. Together, these efforts ensure that patients receive the care and encouragement needed to complete their treatment successfully.",eng,machine,gemma-4-31b-it,Ukwesekwa kweziguli kusemqoka ekulweni neSifo Sofuba
"Uhulumeni kanye nezinhlangano zezempilo zigqugquzela umphakathi ukuba ubambisane ekulweni nengubo ye-COVID-19. Kubalulekile ukulandela imithetho yezempilo, okuhlanganisa nokugqoka imaski kanye nokugeza izandla njalo. Ukuthatha imigapha yokugomela kubonakala kuyindlela ephumelelayo yokunciphisa ukubhebhetheka kwalesi sifo. Ngokubambisana, singakwazi ukuvikela abantu ababuthakathaka futhi sibuyele empilweni ejwayelekile.",zul,machine,gemma-4-31b-it,Ngokubambisana Singayinqoba i-COVID-19
"The public health campaign ""Ngokubambisana Singayinqoba i-COVID-19"" emphasizes the critical role of community unity in combating the pandemic. Translated as ""Together we can defeat COVID-19,"" the initiative encourages citizens to adhere to safety protocols and increase vaccination rates. By fostering a collective effort, health officials aim to reduce transmission and protect vulnerable populations across the region. This strategic approach highlights the importance of social cooperation in achieving long-term public health goals.",eng,machine,gemma-4-31b-it,Ngokubambisana Singayinqoba i-COVID-19
"Kumele sibambisane sonke ukuze sinqobe lo bhubhane lwe-COVID-19. Ngokugeza izandla ngokuvamile nokugqoka imaski, singavimbela ukusabalala kwegciwane emphakathini. Kubalulekile futhi ukuthola imigomo yokugomela ukuze sivikele imizimba yethu kanye nabanye abantu. Uma silandela imithetho yezempilo ngokuzithiba, sizovikela othandiwe bethu futhi siyonga izimpilo.",zul,machine,gemma-4-31b-it,Ngokubambisana Singayinqoba i-COVID-19
"The phrase ""Ngokubambisana Singayinqoba i-COVID-19"" highlights the critical importance of unity and collective action in overcoming the pandemic. By consistently following health guidelines, such as vaccination and social distancing, communities can effectively slow the spread of the virus. Supporting one another ensures that vulnerable individuals are protected and that healthcare systems remain stable. Ultimately, working together transforms individual efforts into a powerful collective defense for global public health.",eng,machine,gemma-4-31b-it,Ngokubambisana Singayinqoba i-COVID-19
"Isifo se-COVID-19 sesishaye emhlabeni wonke, sishiya imiphumela ebuhlungu kubantu abaningi. Lolu bhubhane alukhethi ukuthi ungubani noma uvela kuphi, ngakho-ke sonke simele siqaphele futhi sizivikele. Ngokulandela imithetho yoKuzivikela nokubambisana njengomphakathi, singakwazi ukunciphisa ukusabalala kwalo gciwane. Kubalulekile ukukhumbula ukuthi ngokubambisana kuphela singanqoba lolu bhubhane siphilele ngokuphepha.",zul,machine,gemma-4-31b-it,Ngokubambisana singalwisana ne-COVID-19
"The rapid global spread of the coronavirus has escalated into a pandemic that threatens populations worldwide without discrimination. In the face of such a widespread crisis, individual efforts alone are not enough to curb the transmission. By uniting and working together, we can implement the necessary measures to protect our communities and save lives. Only through collective action and solidarity can we effectively fight and overcome COVID-19.",eng,machine,gemma-4-31b-it,Ngokubambisana singalwisana ne-COVID-19
"Isifo se-COVID-19 sibe yibhubhane elisabalale emhlabeni wonke ngokushesha okukhulu. Lolu gciwane alukhethi, lungahlasela noma ubani noma kuphi lapho ekhona. Ngakho-ke, kubalulekile ukuthi sonke sibambisane ukuze sinqobe lolu bhubhane. Ngokulandela imithetho yezempilo nokusizana, singakwazi ukuvikela imiphefumulo eminingi.",zul,machine,gemma-4-31b-it,Ngokubambisana singalwisana ne-COVID-19
"The coronavirus has spread rapidly across the globe, resulting in a global pandemic that affects people indiscriminately. Because the virus does not discriminate, a collective and unified effort is required to manage the crisis. By working together and collaborating, we can effectively fight against COVID-19.",eng,machine,gemma-4-31b-it,Ngokubambisana singalwisana ne-COVID-19
"Ukusabalala kwegciwane le-corona, okubangela isifo esaziwa nge-COVID-19, sekudlondlobale ngokushesha okuyisimanga, njengamanje selithathwa njengobhubhane emhlabeni jikelele. Lolu bhubhane alukhethi, lucindezela wonke umuntu ngaphandle kokubheka iminyaka noma isimo somuntu. Ngakho-ke, kubalulekile ukuthi sonke sibambisane ngokulandela imithetho yezempilo ukuze sikwazi ukulwisana nalesi sifo sibe phumelele.",zul,machine,gemma-4-31b-it,Ngokubambisana singalwisana ne-COVID-19
"The rapid spread of the coronavirus, which causes COVID-19, has led to its classification as a global pandemic. This health crisis does not discriminate, impacting populations across the entire world. Consequently, collective action and international cooperation are essential to effectively combat the virus. By working together, the global community can successfully fight and overcome the pandemic.",eng,machine,gemma-4-31b-it,Ngokubambisana singalwisana ne-COVID-19
"Kuyashisa inhliziyo ukubona umehluko omkhulu phakathi kwabaphila ngokunethezeka nalabo abahlupheka kakhulu emphakathini wethu. Kubalulekile ukuthi labo abanazo bazinikele ekusizeni abantu ababuthaka ukuze kuncishiswe lolu hlupho olubuhlungu. Ngokwabelana ngezinto ezincane, singakwazi ukubuyisela isithunzi nokunika ithemba kulabo abazabalazela nsuku zonke. Ubuntu buyasikhumbuza ukuthi siyisizwe esisodwa, ngakho-ke masibambisane ekulwiseni indlala nokushoda.",zul,machine,gemma-4-31b-it,Ukusizwa kwezakhamuzi zakithi ezibuthaka
"Kubalulekile ukuthi sisonke sisebenze ukulwa nobumpofu nokungalingani okukhona emphakathini wethu. Kumele sisekele abantu ababuthaka ngokubanika ukudla, izingubo, kanye nokwesekwa ngokomqondo ukuze bakwazi ukuphila impilo engcono. Ngisho nokusiza okuncane kungashintsha impilo yomuntu obhekana nobunzima obukhulu. Uma sizonana futhi sisizana, singakha umphakathi lapho wonke umuntu ezizwa ephephile futhi enokunethezeka.",zul,machine,gemma-4-31b-it,Ukusizwa kwezakhamuzi zakithi ezibuthaka
"Helping vulnerable members of our community is essential for creating a fair and just society. It is a profound injustice when some individuals live in luxury while others struggle to meet their most basic daily needs. By sharing our resources and supporting those in poverty, we can ensure that everyone has the opportunity to live with dignity. Together, we can bridge the gap of inequality and build a more compassionate community for all.",eng,machine,gemma-4-31b-it,Ukusizwa kwezakhamuzi zakithi ezibuthaka
"Abanikazi bamabhizinisi amancane nabathengisa bemigwaqo bahlangabezana nobunzima obukhulu ngenxa yokugwinywa kwezwe ngesikhathi seCOVID-19. Ukuze baphume kulesi simo, kube khona imizamo yohulumeni kanye nezinhlanganiso zabamabhizinisi yokunikeza izinkcesho nemishwana yezimali. Lokhu kusekwa kube kubaluleke kakhulu ekuvikeleni imisebenzi nasekuqinisekiseni ukuthi lezi zinkampani zingaphinda zime ngezinyawo.",zul,machine,gemma-4-31b-it,Ukwesekwa kwamabhizinisi amancane ngesikhathi seCOVID-19
"Small business owners and street vendors across South Africa were among the hardest hit by the stringent lockdown measures imposed during the COVID-19 pandemic. Faced with a sudden loss of income, many struggled to keep their enterprises afloat during this period of extreme instability. Consequently, targeted support initiatives became essential in helping these entrepreneurs weather the storm and secure their livelihoods.",eng,machine,gemma-4-31b-it,Ukwesekwa kwamabhizinisi amancane ngesikhathi seCOVID-19
"Isikhathi seCOVID-19 sabathinta kakhulu abanikazi bamabhizinisi amancane nabathengisa emgwaqeni eNingizimu Afrika ngenxa yokuvalwa kwezwe. Lokhu kwabangela ukuthi abaningi balahlekelwe yizindlela zabo zokuziphilisa, okwenza ukuthi kube nesidingo esikhulu sokusizwa. Kwakudingeka usizo lwezimali kanye nezinye izindlela zokwesekwa ukuze laba bathengisi bakwazi ukumelana nalesi sikhathi esinzima. Lolu hlelo lwasiza ekugcineni amabhizinisi amancane evulekile nasekuvuseleleni imnotho wasendaweni.",zul,machine,gemma-4-31b-it,Ukwesekwa kwamabhizinisi amancane ngesikhathi seCOVID-19
"Small business owners and street vendors in Southern Africa were among those most severely impacted by the lockdowns during the COVID-19 pandemic. These entrepreneurs faced significant economic hardships and challenges in maintaining their livelihoods. Consequently, there was a critical need for support mechanisms to help them navigate this difficult period and sustain their operations.",eng,machine,gemma-4-31b-it,Ukwesekwa kwamabhizinisi amancane ngesikhathi seCOVID-19
"Abanikazi bamabhizinisi amancane nabathengisa emgwaqeni baseNingizimu Afrika babe yingxenye yabantu abashayeke kakhulu ngenxa yokuvalwa kwezwe ngesikhathi se-COVID-19. Lesi simo sabenza ukuthi amabhizinisi amaningi alahlekelwe yimali futhi alwe kakhulu ukuze asale ephila. Ukuze badlule kulesi sikhathi esinzima, kube nokunikezwa kwezibonelelo kanye nokusekelwa nguhulumeni ukuze bakwazi ukuvuselela imisebenzi yabo. Lezi zinhlelo zibe nendima enkulu ekuncedeni laba abathengisa ukubuyela emisebenzini yabo yansuku zonke.",zul,machine,gemma-4-31b-it,Ukwesekwa kwamabhizinisi amancane ngesikhathi seCOVID-19
"Small business owners and street vendors in Southern Africa were among those hardest hit by the lockdowns implemented during the COVID-19 pandemic. These restrictions severely disrupted their livelihoods and created significant financial instability for many micro-enterprises. To survive this challenging period, these businesses relied on various support initiatives and adaptive strategies to maintain their operations. Such efforts were crucial in preventing the total collapse of the local informal economy.",eng,machine,gemma-4-31b-it,Ukwesekwa kwamabhizinisi amancane ngesikhathi seCOVID-19
"Commuters using taxis and other public transport, as well as those in crowded areas, face an increased risk of contracting infectious diseases. To mitigate this danger, it is essential to follow strict guidelines when using face masks, ensuring they completely cover both the nose and mouth. Furthermore, users should avoid touching the mask while wearing it and replace it regularly to maintain optimal hygiene and protection.",eng,machine,gemma-4-31b-it,Izindlela okumele uzilandele zokusebenzisa isifonyo sobuso
Kubalulekile ukugqoka isifonyo sobuso lapho usebenzisa izokuthutha zomphakathi noma usendaweni enabantu abaningi ukuze ugwembe ukutheleleka kwezifo. Isifonyo kumele sivalelise impumulo nomlomo ngokuphelele ukuze uvikeleke ngokugcwele. Geza izandla zakho ngensipho noma usebenzise i-sanitizer ngaphambi kokufaka isifonyo nangemva kokususa sona. Qinisekisa ukuthi isifonyo sakho sihlala sihlanzekile ngokusishintsha noma usigeze njalo.,zul,machine,gemma-4-31b-it,Izindlela okumele uzilandele zokusebenzisa isifonyo sobuso
"This guide outlines the proper methods for using face masks to prevent the spread of diseases. It is especially important for individuals using public transport or visiting crowded areas where the risk of infection is higher. By following these guidelines, people can better protect themselves and others from contracting illnesses.",eng,machine,gemma-4-31b-it,Izindlela okumele uzilandele zokusebenzisa isifonyo sobuso
"Izikhungo zezempilo zikhumbuza umphakathi ukuthi kubalulekile ukugcina imithetho yokusebenzisa isifonyo sobuso ngendlela efanele. Abagibeli abahamba ngamatekisi nezinye izindlela zezokuthutha zomphakathi, kanye nabantu abachitha isikhathi ezindaweni lapho kunamaqhelele, bayakhuthazwa ukuba bafake izifonyo zabo. Lokhu kwenziwa ukuze kuvimbeke ukubhebhetheka kwezifo nokuvikela impilo yomphakathi. Le nyathelo libalulekile ekunciphiseni ukutheleka kwezifo ezithinta ukuphefumula.",zul,machine,gemma-4-31b-it,Izindlela okumele uzilandele zokusebenzisa isifonyo sobuso
"Public transport commuters and individuals in crowded queues are being urged to wear face masks to prevent the spread of infectious diseases. These high-traffic areas significantly increase the risk of transmission, making protective measures essential for public health. Authorities emphasize the importance of following proper mask-wearing guidelines to ensure maximum effectiveness in these environments.",eng,machine,gemma-4-31b-it,Izindlela okumele uzilandele zokusebenzisa isifonyo sobuso
"Faka isifonyo esincane esifanele ngesandla sakho. Hlikihla izandla zakho kahle, uqinisekise ukuthi zonke izindawo, kuhlanganise phakathi kweminwe naseemuva kwezandla, zithinteka. Qhubeka uzihlikihla izandla kuze kube yilapho zomile ngokuphelele. Lokhu kubalulekile ukuze uzivikele ezifweni lapho uhamba ngematekisi noma usulindile ezindaweni eziningi abantu.",zul,machine,gemma-4-31b-it,Izindlela okumele uzilandele zokusebenzisa isifonyo sobuso
"After spending time in crowded areas or using public transport, it is essential to cleanse your face to remove accumulated pollutants and germs. Begin by applying a small amount of facial cleanser to damp skin, massaging it gently in circular motions. Rinse your face thoroughly with lukewarm water to ensure all impurities are completely washed away. Finally, pat your skin dry with a clean towel to maintain hygiene and keep your complexion healthy.",eng,machine,gemma-4-31b-it,Izindlela okumele uzilandele zokusebenzisa isifonyo sobuso
"When the national state of disaster was declared six weeks ago, South Africa had recorded only 61 confirmed cases of COVID-19. However, as the virus continues to spread, the need for a coordinated and collective response has become urgent. The nation is now called upon to unite in a concerted effort to curb the infection rate and safeguard public health. By standing together and strictly adhering to safety protocols, South Africans can effectively combat the pandemic.",eng,machine,gemma-4-31b-it,Asibumbane Ekulweni neCOVID-19
"iNingizimu Afrika imenyzele isimo senhlekelele kazwelonke ngenxa yokubhebhetheka kwegciwane le-COVID-19. Nakuba izibalo zabasuleleke zaqala zincane, kwakubalulekile ukuthatha izinyathelo eziqinile ukuze kuvikelwe impilo yomphakathi. Kudingeka ukuba sonke sibumbane futhi silandele imiyalelo kahle ukuze silwe nale gciwane. Ngokusebenzisana, singakwazi ukunciphisa ukubhebhetheka kwayo futhi sivikele izimpilo zethu.",zul,machine,gemma-4-31b-it,Asibumbane Ekulweni neCOVID-19
"This topic encourages collective unity in the effort to combat the COVID-19 pandemic in South Africa. It notes that a national state of disaster was declared six weeks prior to manage the crisis. At the time of that declaration, the country had recorded only 61 confirmed cases of the virus.",eng,machine,gemma-4-31b-it,Asibumbane Ekulweni neCOVID-19
"South Africa had only 61 confirmed cases of coronavirus when a national state of disaster was declared six weeks ago. This measure was implemented to proactively combat the spread of the virus across the country. The initiative emphasizes national unity in the fight against the pandemic under the theme ""Asibumbane Ekulweni neCOVID-19.""",eng,machine,gemma-4-31b-it,Asibumbane Ekulweni neCOVID-19
"When South Africa declared a national state of disaster, the country had only 61 confirmed cases of COVID-19. This proactive measure was implemented to limit the spread of the virus and protect the health of all citizens. To successfully combat the pandemic, it is essential for the community to unite and strictly follow safety protocols. By working together and staying informed, society can reduce the risk of infection and save lives.",eng,machine,gemma-4-31b-it,Asibumbane Ekulweni neCOVID-19
"Kuyabonakala ukuthi abantu baseNingizimu Afrika banomdlandla wokuthatha izinyathelo zezepolitiki, njengoba kuveza ucwaningo lwe-Pew Research Center. Lo mbono wokuzibandakanya kumele siwusebenzise manje ekulweni noCOVID-19, lapho intando yeningi yethu izoba yisikhali esinamandla sokunqoba leli vutha. Uma sisonke sithatha izinyathelo ezinhle ngokuhlanganyela, singaqinisekisa ukuphepha kwethu sonke nokuvikela imiphakathi yethu.",zul,machine,gemma-4-31b-it,Intando yeningi yethu izosisiza ukunqoba  iCOVID-19
Kukholelwa ukuthi intando yeningi yethu kanye nomoya wobumbano kuzosisiza kakhulu ekunqobeni i-COVID-19. Lokhu kuhambisana nokuba nezakhamuzi ezizibandakanyayo kakhulu kwezepolitiki emhlabeni jikelele. Inhlolovo yonyaka ka-2018 eyenziwa i-Pew Research Center ibonisa ukuthi abantu baseNingizimu Afrika bazimisele kakhulu ukuthatha izinyathelo zezepolitiki. Lolu lwazi lugcizelela amandla omphakathi ekulweni nezinselelo ezinkulu ezibhekene nezwe.,zul,machine,gemma-4-31b-it,Intando yeningi yethu izosisiza ukunqoba  iCOVID-19
"Collective willpower is being highlighted as a critical factor in the effort to overcome COVID-19. This sentiment aligns with a broader global trend of increasing citizen engagement in political processes. Specifically, a 2018 study by the Pew Research Center indicated that South Africans are highly determined to take political action. Such civic commitment is seen as a vital asset in coordinating a successful response to the pandemic.",eng,machine,gemma-4-31b-it,Intando yeningi yethu izosisiza ukunqoba  iCOVID-19
"Ukuvalwa kokuthengiswa kukagwayi kubonakala kuyisinyathelo esibalulekile ekugcineni impilo yabantu abaningi iphephile. Lokhu kubalulekile ngoba i-COVID-19 iyigciwane elihlasela uhlelo lokuphefumula, okwenza ukuba abantu ababhemayo babe sengozini enkulu. Ngokubambisana nocwaningo, ababhemayo bangaba nezimpawu ezibucayi kakhulu kunalabo abangabhemi. Ngakho-ke, ukunqanda ukuthengiswa kukagwayi kungasiza kakhulu ekunciphisekeni kokufa nokuvikela amaphaphu omphakathi.",zul,machine,gemma-4-31b-it,Ukuvalwa kokuthengiswa kukagwayi kuzovikela impilo yabantu abaningi
"Banning the sale of cigarettes could significantly safeguard public health, particularly in the wake of the COVID-19 pandemic. Because the virus primarily attacks the respiratory system, smokers face a heightened risk of experiencing severe symptoms compared to non-smokers. Consequently, restricting access to tobacco is seen as a critical step in reducing the population's vulnerability to life-threatening lung complications.",eng,machine,gemma-4-31b-it,Ukuvalwa kokuthengiswa kukagwayi kuzovikela impilo yabantu abaningi
"Ukubhema ugwayi kulimaza ohlelo lophefu-mula, okwenza abantu ababhemayo babe sengozini enkulu yokuthola izimpawu ezibucayi ze-COVID-19. Njengoba le gciwane ihlasela amaphaphu, ukuvalwa kokuthengiswa kukagwayi kungasiza ekunciphiseni ukubhebhetheka kwezifo zokuphefumula. Ngakho-ke, lesi sinqumo sizovikela impilo yabantu abaningi futhi sithuthukise inhlalakahle yomphakathi wonke.",zul,machine,gemma-4-31b-it,Ukuvalwa kokuthengiswa kukagwayi kuzovikela impilo yabantu abaningi
"Banning the sale of cigarettes can significantly protect public health by reducing the risks associated with smoking. This is particularly critical during the COVID-19 pandemic, as the virus primarily targets the respiratory system. Since smokers are more prone to developing severe symptoms than non-smokers, restricting access to tobacco can help decrease overall health complications.",eng,machine,gemma-4-31b-it,Ukuvalwa kokuthengiswa kukagwayi kuzovikela impilo yabantu abaningi
"Ukuvalwa kokuthengiswa kukagwayi kulindeleke ukuthi kuvikele impilo yabantu abaningi. Lokhu kuza ngenxa yokuthi i-COVID-19 iyigciwane elihambisana nenkinga yokuvaleka kokuphefu-mula. Ngokusho kwezingcweti zezempilo, abantu ababhemayo bangaba sengozini ephindaphindekile yezimpawu ezibucayi ukwedlula abantu abangabhemi.",zul,machine,gemma-4-31b-it,Ukuvalwa kokuthengiswa kukagwayi kuzovikela impilo yabantu abaningi
"Banning the sale of cigarettes is expected to protect the health of many individuals by reducing respiratory risks. Since COVID-19 is associated with airway obstruction and lung complications, smokers are considered more vulnerable to the virus. Consequently, those who smoke face a higher risk of developing severe symptoms compared to non-smokers.",eng,machine,gemma-4-31b-it,Ukuvalwa kokuthengiswa kukagwayi kuzovikela impilo yabantu abaningi
"Ukubhema ugwayi kulimaza amaphaphu futhi kwenza abantu babe sengozini enkulu yokuthola izifo zokuphefumula njenge-COVID-19. Ukuvalwa kokuthengiswa kukagwayi kuzosiza ekunciwiseni abantu ababhemayo, okuzothuthukisa impilo yomphakathi wonke. Uma abantu beyeka ukubhema, amaphaphu abo aba namandla okulwa nezigciwane ezibucayi. Ngakho-ke, le nyathelo liyabalulekile ekuvikeleni nasekoseni impilo yabantu abaningi.",zul,machine,gemma-4-31b-it,Ukuvalwa kokuthengiswa kukagwayi kuzovikela impilo yabantu abaningi
"Banning the sale of cigarettes can significantly protect public health by reducing respiratory vulnerabilities. Since COVID-19 primarily targets the respiratory system, individuals who smoke are at a higher risk of experiencing more severe symptoms than non-smokers. By restricting access to tobacco, lung function can be better preserved, making the population more resilient against such infections. Consequently, these measures serve as a vital step in safeguarding overall community well-being.",eng,machine,gemma-4-31b-it,Ukuvalwa kokuthengiswa kukagwayi kuzovikela impilo yabantu abaningi
"Ensuring the safety and well-being of our children is not just a parental duty, but a collective societal imperative. By actively protecting them from harm and providing unwavering support, we lay the foundation for a resilient and successful future generation. It is time for the community to unite in creating a nurturing environment where every child has the opportunity to thrive.",eng,machine,gemma-4-31b-it,Asivikele siphinde sesekele abantwana bethu
"Kubalulekile ukuthi njengomphakathi siqinisekise ukuthi abantwana bethu bavikelwe kuzo zonke izinhlobo zokuhlukunyezwa nokulimala. Ngaphandle kokuvikela, kumele sibanike uthando, imfundo, kanye neseluleko esidingekayo ukuze bakhule babe ngabantu abaqotho. Ukusekela abantwana kusiza ekutheni zakhe ukuzethemba futhi babe nekusasa eliqhakazile elizozuza nomphakathi wonke. Masisebenzisane ukuze sidalise indawo ephephile lapho wonke umntwana engakhula khona ngokuphelele.",zul,machine,gemma-4-31b-it,Asivikele siphinde sesekele abantwana bethu
"The phrase ""Asivikele siphinde sesekele abantwana bethu"" is a call to action to protect and support children. It emphasizes the necessity of safeguarding youth from harm while providing the emotional and physical resources they need to thrive. By combining protection with active support, the goal is to ensure a secure environment that fosters healthy development. Ultimately, this approach aims to empower the next generation to reach their full potential.",eng,machine,gemma-4-31b-it,Asivikele siphinde sesekele abantwana bethu
"A new community initiative titled ""Asivikele siphinde sesekele abantwana bethu"" has been launched to prioritize the safety and wellbeing of children. The campaign focuses on protecting minors from harm while providing essential emotional and educational support. Organizers aim to create a secure environment where children can thrive through collective societal effort. Local leaders are calling on all parents and guardians to actively participate in these critical safeguarding measures.",eng,machine,gemma-4-31b-it,Asivikele siphinde sesekele abantwana bethu
"South Africa is set to transition to the third alert level as the government adjusts its strategy against the COVID-19 pandemic. In his recent address, the President emphasized the importance of forward planning to mitigate ongoing risks associated with the virus. He noted that the country will now adopt a different approach to managing the crisis to ensure a balanced response to the evolving situation.",eng,machine,gemma-4-31b-it,INingizimu Afrika iya esigabeni  sokuqapha sesithathu
"INingizimu Afrika isishintshela esigabeni sokuqapha sesithathu ukuze kubalanswe phakathi kokulawula i-COVID-19 nokuvuselela umnotho wezwe. Lokhu kusho ukuthi okunye kwezinqubo zokuvalwa kwezwe kukhululwa kancane, kodwa kubalulekile ukuba abantu baqhubeke nokuzivikela. Kumele siqhubeke nokugqoka imaski nokugeza izandla njalo ukuze kuvikelwe impilo yethu kanye neyabanye. Ukulalela imiyalelo kahle kuzosiza ekutheni isimo sibe ngcono kuleli lizwe.",zul,machine,gemma-4-31b-it,INingizimu Afrika iya esigabeni  sokuqapha sesithathu
"Lolu cwangu lukhuluma ngomama onesifo esiyimbelesela owakwazi ukunqoba igciwane le-COVID-19. Abantu abanezifo eziyimbelesela, njengesifo sikashukela nomfutho wegazi ophakeme, bavame ukuba nezimpawu ezibucayi kakhulu lapho behlaselwa yileli gciwane. Naphezu kwalezi zinselelo zempilo, lo mama ukwazile ukulwa nalesi sigciwane waphuma ephilile. Indaba yakhe inika ithemba kubantu abaningi abanesifo ezifana nalezo ukuba baqhubeke nokulwela impilo yabo.",zul,machine,gemma-4-31b-it,Umama onesifo esiyimbelesela unqobe iCOVID-19
"This account details how a mother successfully recovered from COVID-19 despite living with a chronic illness. It emphasizes that individuals with underlying health conditions, such as asthma, hypertension, diabetes, and kidney disease, are more vulnerable to the virus. Her recovery serves as an important example of overcoming the health risks associated with these pre-existing conditions.",eng,machine,gemma-4-31b-it,Umama onesifo esiyimbelesela unqobe iCOVID-19
"Umama onesifo esiyimbelesela uphumelele ekunqobeni igciwane le-COVID-19. Ochwepheshe bezempilo baxwayisa ukuthi abantu abanezifo eziyimbelesela—njengesifuba somoya, umfutho wegazi ophakeme, izifo zezinso kanye nesifo sikashukela—bangahlangabezana nezimpawu ezibucayi kakhulu kule gciwane. Ukunqoba kwakhe kulolu gciwane kunika ithemba elikhulu kwabanye abantu abahlangabezana nezimo ezifanayo.",zul,machine,gemma-4-31b-it,Umama onesifo esiyimbelesela unqobe iCOVID-19
"Umama onesifo esiyimbelesela ulwise impi futhi wanqoba ugciwane lwe-COVID-19. Nakuba izifo eziyimbelesela njengesifo sikashukela nomfutho wegazi ophakeme kwenza umzimba ube buthaka, ukuthola usizo lwezempilo ngokushesha kuyasiza kakhulu. Ngokulandela imiyalelo yodokotela nokunakekela impilo yakhe, ukwazi ukululama ngokuphelele. Lokhu kusifundisa ukuthi ithemba nokuthola usizo lwezokwelapha kuyisihluthulelo sokunqoba lo gciwane, noma ngabe uneso sifo esiyimbelesela.",zul,machine,gemma-4-31b-it,Umama onesifo esiyimbelesela unqobe iCOVID-19
"Women with chronic conditions such as diabetes, asthma, and high blood pressure may be more vulnerable to the effects of COVID-19. These pre-existing health issues, including chronic kidney diseases, can complicate the symptoms and progression of the virus. To overcome the illness, it is essential for mothers to maintain their regular medical treatments and follow health guidelines. By prioritizing their health and taking preventative measures, they can better protect themselves and their families.",eng,machine,gemma-4-31b-it,Umama onesifo esiyimbelesela unqobe iCOVID-19
"Uhulumeni usebenza kanzima ekulungiseleleni ukudlondlobala ngamandla nesifo se-COVID-19 ukuze kuvikelwe impilo yomphakathi. Nakuba kulindeleke ukuthi isibalo sezigameko zesifo segciwane lecorona senyuke kulamaviki ezayo, uhulumeni umatasa usebenza engaphumuli. Lokhu kwenziwa ukuze kuqinisekiswe ukuthi umkhakha wezempilo uhleli esimweni esilulun futhi ukwazi ukubhekana nanoma yiziphi izinselelo.",zul,machine,gemma-4-31b-it,Uhulumeni ulungiselela ukudlondlobala ngamandla kweCOVID-19
"The government is bracing for a significant spike in COVID-19 cases over the coming weeks. In response, officials are working tirelessly to bolster the healthcare system and ensure it is well-equipped to handle the projected increase. These proactive measures aim to safeguard public health as infection rates are expected to rise.",eng,machine,gemma-4-31b-it,Uhulumeni ulungiselela ukudlondlobala ngamandla kweCOVID-19
Kulindeleke ukuthi izinga zezifo ze-COVID-19 linyuke kakhulu kulamaviki ezayo. Uhulumeni usebenza kanzima ukulungiselela lolu shintsho ukuze kuqinisekiswe ukuthi zonke izinhlelo zihamba kahle. Lokhu kubalulekile ukuze kuqinisekiswe ukuthi umkhakha wezempilo uhlala usezimweni ezinhle futhi ulungele ukusebenza.,zul,machine,gemma-4-31b-it,Uhulumeni ulungiselela ukudlondlobala ngamandla kweCOVID-19
"The government is preparing for a projected sharp decline in COVID-19 cases over the coming weeks. To manage this transition, officials are working tirelessly to ensure that the healthcare sector remains stable and well-equipped. These efforts are focused on maintaining a strong health system to effectively handle the evolving situation.",eng,machine,gemma-4-31b-it,Uhulumeni ulungiselela ukudlondlobala ngamandla kweCOVID-19
"Uhulumeni ulungiselela ukudlondlobala ngamandla kwezifo ze-COVID-19 ezweni. Kulindeleke ukuthi izigameko zesifo segciwane lecorona zenyuke kakhulu kulamaviki ezayo. Ngenxa yalokhu, uhulumeni umatasa usebenza engaphumuli ukuqinisekisa ukuthi umkhakha wezempilo usesimweni esilulun.",zul,machine,gemma-4-31b-it,Uhulumeni ulungiselela ukudlondlobala ngamandla kweCOVID-19
"COVID-19 cases are expected to decrease in the coming weeks. In response, the government is working tirelessly to ensure that the healthcare sector remains in a stable and strong position. These efforts aim to maintain the efficiency of health services as the impact of the pandemic subsides.",eng,machine,gemma-4-31b-it,Uhulumeni ulungiselela ukudlondlobala ngamandla kweCOVID-19
"The government is preparing for an expected increase in COVID-19 cases over the coming weeks. To address this potential surge, officials are working tirelessly to ensure that the healthcare sector remains stable and well-equipped. These proactive measures are designed to strengthen medical capacity and ensure that patients receive necessary care. Such preparations are critical for maintaining public health stability during a spike in infections.",eng,machine,gemma-4-31b-it,Uhulumeni ulungiselela ukudlondlobala ngamandla kweCOVID-19
"South Africa's youth stand as a powerful beacon of inspiration and hope for the nation. Regardless of their background or location, these young people possess an inherent potential to transform the world around them. As they relentlessly pursue personal growth and improvement, they are simultaneously striving to build a stronger, more prosperous community for all.",eng,machine,gemma-4-31b-it,Intsha yaseNingizimu Afrika ingumthombo wogqozi nethemba
"Intsha yaseNingizimu Afrika iyisisekelo sethemba nogqozi olukhulu ekwakheni ikusasa eliqhakazile. Noma ngabe baphuma kuphi, laba bashintsha umhlaba ngokuzimisela nangokufuna ukulungisa izinto. Ngenkathi bezama ukuthuthukisa izimpilo zabo, bagxile futhi ekwakheni umphakathi ongcono nobungane. Lokhu kukhombisa ukuthi intsha iyinsika ebalulekile ekuletheni ushintsho oluhle ezweni lethu.",zul,machine,gemma-4-31b-it,Intsha yaseNingizimu Afrika ingumthombo wogqozi nethemba
"South African youth are regarded as a profound source of inspiration and hope for the future. Regardless of their background or current circumstances, they possess an inherent drive to create positive change in the world. While they strive to improve their own individual lives, they are equally committed to building better and stronger communities.",eng,machine,gemma-4-31b-it,Intsha yaseNingizimu Afrika ingumthombo wogqozi nethemba
"Intsha yaseNingizimu Afrika ibonakala njengomthombo omkhulu wogqozi nethemba ekusaseni lezwe. Noma ngabe bahlala kuphi futhi noma ngabe benzani, bonke ngamunye banentshi-sekelo yokushintsha umhlaba. Ngesikhathi befuna ngoku-ngangabazeki ukuthuthukisa izimpilo zabo, baphinde bafise ukubona umphakathi wakubo uthuthuka futhi ube ngcono.",zul,machine,gemma-4-31b-it,Intsha yaseNingizimu Afrika ingumthombo wogqozi nethemba
"South African youth are emerging as a significant source of inspiration and hope for the nation. Regardless of their background or location, many young people possess a strong drive to effect positive change on a global scale. While striving to improve their own lives, they remain equally committed to the development and upliftment of their communities.",eng,machine,gemma-4-31b-it,Intsha yaseNingizimu Afrika ingumthombo wogqozi nethemba
"We stand in profound admiration of the courageous men and women dedicated to the noble calling of healthcare. Through immense sacrifice and tireless effort, these professionals have shouldered a heavy burden to ensure the well-being of others. As the front-line warriors in the fight against the pandemic, their resilience and unwavering devotion remain an inspiration to us all.",eng,machine,gemma-4-31b-it,Amazwi okuhlonipha abasebenzi basemkhakheni wezempilo
"Abasebenzi bezempilo benza umsebenzi obaluleke kakhulu nobuyigugu emphakathini. Bahlala phambili ekulweni nezifo kanye nalolu bhubhane, bebonana nokugula nokushona kwabantu. Siyabahlonipha kakhulu ngenxa yokuzidela kwabo nokuzinikela ukuze abanye baphile. Laba bangamaqhawe angempela asisiza sonke ukuba sibe nempilo.",zul,machine,gemma-4-31b-it,Amazwi okuhlonipha abasebenzi basemkhakheni wezempilo
"Kuhlonishwa kakhulu ukuzinikela kwabasebenzi bezempilo ababebekela impilo yabantu phambili. Ukugula nokudlula emhlabeni kube kwashayela kakhulu amadoda nabantu besifazane abenza lo msebenzi ohloniphekile noyigugu kangaka. Yibona ababehamba phambili ekulweni nalo bhubhane, bebakhombisa isibindi nokuzidela okungazenzeki. Lo msebenzi wabo ubonakala njengoyigugu kakhulu emphakathini wonke.",zul,machine,gemma-4-31b-it,Amazwi okuhlonipha abasebenzi basemkhakheni wezempilo
"UNomagcinandile Suduka, oneminyaka engama-27, ungumlimi osemusha okhulisa ifa lomndeni wakhe ngokutshala izimali zakhe kwezolimo. Ungumnikazi we-4 U and 4 Me Primary Cooperative esigodini sase-Mooiplaas, lapho azama khona ukwakha umcebo ngokusebenza kanzima. Njengamanje, uSuduka uthole uxhaso lwe-COVID-19 oluzomsiza ekuthuthukiseni imisebenzi yakhe nokulwa nobunzima obulethwe yile nkulungwane. Lokhu kuxhaso kuzovula amathuba amaningi okukhulisa imikhiqizo yakhe nokondla umphakathi wasendaweni.",zul,machine,gemma-4-31b-it,Umlimi omncane uthola uxhaso lweCOVID-19
"UNomagcinandile Suduka, oneminyaka engu-27, uthole uxhaso lwe-COVID-19 oluzomsiza ekuthuthukiseni imisebenzi yakhe yezolimo. Ungumnikazi we-4 U and 4 Me Primary Cooperative esigodini sase-Mooiplaas. Usebenzisa leli thuba ukutshala izimali zakhe kwezolimo ukuze akhulise ifa lomndeni wakhe kanye nomcebo.",zul,machine,gemma-4-31b-it,Umlimi omncane uthola uxhaso lweCOVID-19
"UNomagcinandile Suduka, oneminyaka engu-27, uyisibonelo somlimi omncane okhulisa ifa lomndeni wakhe ngokutshala izimali kwezolimo. Ungumnikazi we-4 U and 4 Me Primary Cooperative esigodini sase-Mooiplaas. Ngaphansi kokuxhaswa lwezinhlelo ze-COVID-19, ukwazile ukuqinisa ibhizinisi lakhe nokubhekana nezinselelo zezomnotho. Lokhu kukhombisa ukuthi ukusekela abalimi abasha kubaluleke kakhulu ekuthuthukiseni ukudla nokwakha imisebenzi emiphakathini yethu.",zul,machine,gemma-4-31b-it,Umlimi omncane uthola uxhaso lweCOVID-19
"Nomagcinandile Suduka, a 27-year-old entrepreneur from Mooiplaas, is expanding her family's wealth through her agricultural venture, 4 U and 4 Me Primary Cooperative. To overcome the challenges brought by the pandemic, she has received essential COVID-19 support for her small-scale farming operation. This assistance helps young farmers like Suduka sustain their businesses and contribute to local food security. Such initiatives highlight the importance of providing financial aid to youth in agriculture to ensure long-term economic stability.",eng,machine,gemma-4-31b-it,Umlimi omncane uthola uxhaso lweCOVID-19
"Ngichithe isikhathi eside ngikhathazekile ngokuxhaso lwezimali ngenxa yokuba ngiphuma ekhaya elintulayo. Konke kodwa kwashintsha ngonyaka wezi-2018 lapho ngithola khona umfundaze ophuma ku-MISA, okwakuyisikhala sokukhanya empilweni yami. Le thuba lingivulele iminyango eminingi futhi langinika ithemba lokuphumelela. Lokhu kuqinisekisa ukuthi ngosizo olufanele, noma ngubani angakwazi ukwakha impilo engcono futhi aqhube phambili.",zul,machine,gemma-4-31b-it,Ukwakha impilo engcono
"For years, the dream of a better life felt distant due to the crushing weight of financial hardship and a lack of resources. This trajectory shifted in 2018, when a transformative bursary from MISA provided the essential lifeline needed to pursue their goals. By removing these economic barriers, the scholarship has paved the way for a brighter and more stable future.",eng,machine,gemma-4-31b-it,Ukwakha impilo engcono
"A local student is sharing their journey of building a better life despite facing severe financial hardships. Coming from an underprivileged background, they struggled significantly with funding their education until a turning point arrived in 2018. That year, they were awarded a life-changing bursary from MISA, providing the necessary support to pursue their goals. This opportunity has paved the way for a brighter and more secure future.",eng,machine,gemma-4-31b-it,Ukwakha impilo engcono
"Ukwakha impilo engcono kudinga ukuzimisela nokufuna amathuba anganika ithemba. Imfundo nokusekelwa ngokwezimali, njengomfundaze we-MISA, kuyizihluthulelo ezibalulekile zokuphuma ebunzimeni bokuntuleka. Kubalulekile ukusebenzisa lezi zinsiza ngobuhlakani ukuze kuqinisekiswe ikusasa eliqhakazile. Ngale ndlela, isiqalo esinzima singashintsha siphenduke indaba yempumelelo.",zul,machine,gemma-4-31b-it,Ukwakha impilo engcono
"Building a better life often requires access to opportunities that can break the cycle of poverty. Education serves as a powerful tool for transformation, especially when scholarships provide the necessary financial support for students from disadvantaged backgrounds. By acquiring knowledge and skills, individuals can overcome systemic barriers and create a more secure and prosperous future for themselves.",eng,machine,gemma-4-31b-it,Ukwakha impilo engcono
"INingizimu Afrika isenza imizamo enkulu yokulwa nokuntuleka kwemishini yokuphefumula ukuze kusindiswe izimpilo zabantu. Kugxilwe kakhulu emishinini ebizwa nge-CPAP, eyisiza iziguli ezine-COVID-19 ukuthi ziphefumule kalula ngokuzihlinzekela ngomfutho olungiswe kahle womoya. Lo mnyakazo uhlose ukuqinisekisa ukuthi izibhedlela zinezinsiza ezanele zokunakekela iziguli ezibhekene lobu bhadi.",zul,machine,gemma-4-31b-it,INingizimu Afrika yenza umnyakazo  wokubhekana nokuntuleka kwemishini yokuphefumula
INingizimu Afrika isenza imizamo yokulungisa inkinga yokuntuleka kwemishini yokuphefumula ebizwa nge-CPAP. Le mishini ibaluleke kakhulu ezigulini ezinempawu ze-COVID-19 ngoba izisiza ukuba ziphefumule kalula. Lokhu kwenzeka ngokuthi umshini uhlinzeke ngomfutho womoya olingene emoyeni weziguli. Lo mnyakazo uhlose ukuqinisekisa ukuthi iziguli zithola usizo oludingekayo ukuze zisindiswe.,zul,machine,gemma-4-31b-it,INingizimu Afrika yenza umnyakazo  wokubhekana nokuntuleka kwemishini yokuphefumula
"INingizimu Afrika isenza imizamo yokulwa nokuntuleka kwemishini yokuphefumula ezibhedlela. Phakathi kwale mishini kukhona leyo ebizwa nge-Continuous Positive Airway Pressure (i-CPAP), esiza iziguli ezinezimpawu ze-COVID-19 ukuba ziphefumule kalula ngokuzihlinzeka ngomfutho olingene womoya. Lo mnyakazo uhlose ukuqinisekisa ukuthi iziguli eziningi zithola usizo olufanele ukuze kusindiswe izimpilo.",zul,machine,gemma-4-31b-it,INingizimu Afrika yenza umnyakazo  wokubhekana nokuntuleka kwemishini yokuphefumula
"UVuyiseka Arendse (26), oyisicishamlilo esisesincane, uyingxenye ye-Crew Juliet, okulithimba lokuqala lezicishamlilo zasendle ezinabesifazane kuphela. Ubonisa amandla nokuzimisela okukhulu ekwakheni igama lakhe kulo mkhakha onzima noyingozi. Ngokusixoxela indaba yakhe, uVuyiseka uveza indlela ababhekana ngayo nezinselelo ukuze baphumelele. Lolu hambo lwakhe luyikhuthaza iminyaka eminingi yentsha ukuthi lungapheli ithemba ngezifiso zawo.",zul,machine,gemma-4-31b-it,Ilunga lethimba lezicishamlilo i-Crew Juliet lisixoxela udaba lwalo
"Twenty-six-year-old Vuyiseka Arendse is defying expectations as a member of Crew Juliet, the first all-female wildland firefighting team. Driven by determination and a desire to make her mark, Arendse is carving out a unique path in a challenging and demanding profession. She shares the inspiring story of her journey and the collective strength of her pioneering team.",eng,machine,gemma-4-31b-it,Ilunga lethimba lezicishamlilo i-Crew Juliet lisixoxela udaba lwalo
UVuyiseka Arendse ungumuntu osencane oyisicishamlilo oyingxenye yethimba le-Crew Juliet. Leli thimba liyisipesheli ngoba liyithimba lokuqala lezicishamlilo zasendle elakhiwe ngabesifazane kuphela. UVuyiseka unomdlandla nokuzimisela okukhulu kokuzakhela igama elihle kulo mkhakha. Indaba yakhe igqamisa amandla nobuholi babesifazane ekulweni nomlilo zasendle.,zul,machine,gemma-4-31b-it,Ilunga lethimba lezicishamlilo i-Crew Juliet lisixoxela udaba lwalo
"UVuyiseka Arendse, osicishamlilo esincane oneminyaka engama-26, uyingxenye yethimba le-Crew Juliet. Leli ithimba lokuqala lezicishamlilo zasendle ezakhiwe ngabesifazane kuphela. UVuyiseka usixoxela indaba yakhe, ekhombisa amandla nokuzimisela okungaka ekuzakheleni igama kulo mkhakha onzima.",zul,machine,gemma-4-31b-it,Ilunga lethimba lezicishamlilo i-Crew Juliet lisixoxela udaba lwalo
"Vuyiseka Arendse, a 26-year-old firefighter, is a proud member of Crew Juliet, the first all-female wildland firefighting team. Arendse is driven by a strong determination to establish her name and make a mark within the profession. Her story highlights the groundbreaking efforts of the team in tackling wildland fires.",eng,machine,gemma-4-31b-it,Ilunga lethimba lezicishamlilo i-Crew Juliet lisixoxela udaba lwalo
"Vuyiseka Arendse is a 26-year-old firefighter and a proud member of Crew Juliet. This pioneering group is the first all-female wildland firefighting team, breaking traditional gender barriers in the field. Driven by strength and determination, Vuyiseka is working hard to establish her reputation and excel in this challenging profession.",eng,machine,gemma-4-31b-it,Ilunga lethimba lezicishamlilo i-Crew Juliet lisixoxela udaba lwalo
Kumele sithathe izinyathelo ezizinzile manje njengoba ukusabalala kwe-COVID-19 kukhula ngokushesha ezweni lethu. Kuyisibopho sethu sonke ukulandela imithetho nezikhombiso ezisishayelwe yizazi zezempilo ukuze sivikele imindeni yethu. Izinyathelo ezilula njengokugeza izandla nokugqoka imaski zingasiza kakhulu ekunciphiseni ukutheleleka kwalolu gciwane. Masibambisane sonke ukuqinisekisa ukuthi sivikela impilo nabantu baseNingizimu Afrika.,zul,machine,gemma-4-31b-it,Siza ukunqanda ukusabalala kweCOVID-19
"Izazi zezempilo zase ziqhakambise ngokukhula kwesibalo sabantu abanegciwane i-COVID-19, okusevele kwenzeka manje. Kukhonjiswe ukuthi abantu baseNingizimu Afrika abangaphezu kwekota lesigidi sebetheleleke ngalesi cigawane. Ngakho-ke, kubalulekile ukuba sonke sibambisane ukuze sisize ekunqandeni ukusabalala kuka-COVID-19 emphakathini.",zul,machine,gemma-4-31b-it,Siza ukunqanda ukusabalala kweCOVID-19
"South Africa is experiencing a significant surge in COVID-19 infections, surpassing the warnings previously issued by health experts. The situation has escalated rapidly, with more than a quarter of a million South Africans now having contracted the virus. Public health officials continue to urge citizens to take necessary precautions to help curb the further spread of the disease.",eng,machine,gemma-4-31b-it,Siza ukunqanda ukusabalala kweCOVID-19
"Ukuze sinqande ukusabalala kwe-COVID-19, kubalulekile ukuthi sonke silandele imithetho ezempilo. Geza izandla zakho njalo ngamanzi nomsipho, noma usebenzise i-sanitizer. Gqoka imaski lapho uvela phambi kwabanye abantu futhi ugcine ibanga elanele phakathi kwakho nabanye. Okubaluleke kakhulu, thola imigomo yokugoma ukuze uvikele wena nomndeni wakho kuleli gciwane.",zul,machine,gemma-4-31b-it,Siza ukunqanda ukusabalala kweCOVID-19
"To help prevent the spread of COVID-19, it is essential to follow basic health and safety guidelines. Wash your hands frequently with soap and water or use an alcohol-based hand sanitizer. Maintain a safe physical distance from others and wear a mask in crowded indoor spaces. By taking these simple precautions, you can protect yourself and your community from infection.",eng,machine,gemma-4-31b-it,Siza ukunqanda ukusabalala kweCOVID-19
"Abantu abaningi eNingizimu Afrika abahlonzwe nge-COVID-19 babhekana nobunzima obukhulu ekuzihlalela bodwa ngenxa yokushoda kwendawo emakhaya abo. Lokhu kwenza kube nzima kakhulu ukulawula ukubaluleka kwegciwane, okukhulisa amathuba okutheleka kwalo emindenini. Ngakho-ke, izindawo zokunakekela ziba neqhaza elibalulekile ekunikezeni laba bantu indawo ephephile yokulashwa nokuzivikela. Kubalulekile ukuba kube nokusekelwa kwemigomo eqinile yokulawula lo bhala, hhayi kuphela emakhaya kodwa nakulezi zindawo zokunakekela.",zul,machine,gemma-4-31b-it,Ukulawulwa kweCOVID-19 : Ekhaya kanye nasezindaweni zokunakekela
"This topic discusses the management of COVID-19 within homes and care facilities. It specifically highlights the challenges faced by many South Africans who find it difficult to isolate after being diagnosed. Due to small and overcrowded living spaces, maintaining the necessary separation from other household members is often impossible.",eng,machine,gemma-4-31b-it,Ukulawulwa kweCOVID-19 : Ekhaya kanye nasezindaweni zokunakekela
"Many South Africans who have tested positive for COVID-19 are finding it difficult to adhere to self-isolation guidelines. The challenge stems from overcrowded living conditions, where small homes make it nearly impossible for infected individuals to stay separate from their families. This lack of space significantly hinders the ability to effectively manage the virus at home and increases the risk of household transmission.",eng,machine,gemma-4-31b-it,Ukulawulwa kweCOVID-19 : Ekhaya kanye nasezindaweni zokunakekela
"Ngoba amakhaya amaningi mancane, kubalulekile ukuzama ukudala indawo ekude kancane lapho ogulayo angahlala khona ukuze kungasabalali igciwane. Amalungu omndeni kumele agqoke imaski futhi ageze izandla njalo lapho benakekela lowo ogulayo, kanti kufanele kugwenywe ukusebenzisa izitsha ezifanayo. Uma indawo yasekhaya ingasavumela ukuhlukana ngokuphelele, kubalulekile ukusebenzisa izindawo zokunakekela ezisemthethweni ukuze kuqinisekiswe ukuphepha kwabo bonke.",zul,machine,gemma-4-31b-it,Ukulawulwa kweCOVID-19 : Ekhaya kanye nasezindaweni zokunakekela
"Managing COVID-19 in small households can be challenging when strict isolation is physically impossible. To reduce the risk of transmission, individuals should wear masks, improve ventilation by opening windows, and maintain rigorous hand hygiene. If a safe space cannot be created at home, utilizing designated care facilities is essential to protect other family members. These practical steps help mitigate the spread of the virus in high-density living environments.",eng,machine,gemma-4-31b-it,Ukulawulwa kweCOVID-19 : Ekhaya kanye nasezindaweni zokunakekela
"Kubalulekile ukuba abantu abasululame ekugulweni nge-COVID-19 balandele imigomo yezempilo eqinile ngaphambi kokubuyela emsebenzini. Ngisho noma izimpawu sezihambile, kumele kuhlonishwe isikhathi sokuzihlela ukuze kuvikelwe abanye osebenza nabo. Futhi, labo abahlonzwe ngethuluzi kodwa babe ngaphandle kwezimpawu, kumele baqhubeke nokuzivikela ngokuqapha. Lokhu kuzosiza ekutheni indawo yokusebenza ihlale iphephile futhi kuvikelwe ukusabalala kwalesi sifo.",zul,machine,gemma-4-31b-it,Ukubuyela emsebenzini emva kokululama kwiCOVID-19
"Employees returning to the workplace after recovering from COVID-19 are urged to follow strict isolation protocols to ensure the safety of their colleagues. This requirement applies to all diagnosed individuals, including those who remained asymptomatic throughout their infection. By adhering to these mandatory quarantine periods, workers can help prevent further outbreaks and maintain a healthy environment for everyone.",eng,machine,gemma-4-31b-it,Ukubuyela emsebenzini emva kokululama kwiCOVID-19
"Abantu abalulama ekugulweni yi-COVID-19 kumele balandele imiyalelo ethile lapho bebuyela emsebenzini. Kubalulekile ukuzihlukanisa nabanye isikhathi esithile ukuze kugwemeke ukubulalela abanye igciwane. Ngisho noma umuntu engenazo izimpawu zokugula, kumele aqhubeke nokulandela imithetho yokuzihlukanisa. Lokhu kusiza ekugcineni indawo yokusebenza iphephile futhi kuvikele abanye abasebenzi.",zul,machine,gemma-4-31b-it,Ukubuyela emsebenzini emva kokululama kwiCOVID-19
"This text provides guidelines on returning to work after recovering from COVID-19. It addresses the specific duration individuals must remain in isolation following a positive diagnosis. Furthermore, it clarifies that these isolation protocols apply to both symptomatic and asymptomatic cases.",eng,machine,gemma-4-31b-it,Ukubuyela emsebenzini emva kokululama kwiCOVID-19
"Abantu abaphumelele ekululameni ekugulwa i-COVID-19 bakhuthazwa ukuthi balandele imithetho yezempilo ngaphambi kokubuyela emsebenzini. Uma uhlonzwa ukuthi unayo i-COVID-19, kumele uhlale endaweni yokuzihlala ngowedwa isikhathi esibekwe nguhulumeni ukuze uvikele abanye ekuthelweni yigciwane. Ngisho noma abantu behlonzwa ukuthi bane-COVID-19 kodwa bengenawo izimpawu, kumele baqhubeke ngokuzihlala ngabodwa nokulandela imithetho yokuvikela. Lezi zinyathelo zibalulekile ukuqinisekisa ukuthi indawo yokusebenza ihlala iphephile kubo bonke abasebenzi.",zul,machine,gemma-4-31b-it,Ukubuyela emsebenzini emva kokululama kwiCOVID-19
"Employees returning to work after a COVID-19 diagnosis must adhere to specific isolation protocols to ensure workplace safety. Individuals who test positive are required to isolate at home for a designated period, regardless of whether they exhibit symptoms. These guidelines are essential to prevent further transmission of the virus among colleagues. Employees are encouraged to follow current public health recommendations before resuming their professional duties.",eng,machine,gemma-4-31b-it,Ukubuyela emsebenzini emva kokululama kwiCOVID-19
"When returning to work after recovering from COVID-19, it is essential to follow official health guidelines regarding isolation periods. Individuals should ensure they are no longer contagious and are free of fever or significant symptoms before entering the workplace. To protect colleagues, it is recommended to maintain good hygiene practices and monitor for any recurring symptoms. Consulting a healthcare provider or reviewing company policy can ensure a safe transition back to professional duties.",eng,machine,gemma-4-31b-it,Ukubuyela emsebenzini emva kokululama kwiCOVID-19
"South African women have come a long way since the historic struggles of 1956, evolving from the constraints faced by their grandmothers into the leaders of today. Central to this progress is the celebration of women's growing inclusion in the economy, where they are increasingly driving innovation and financial growth. By breaking systemic barriers and seizing entrepreneurial opportunities, women are fundamentally reshaping the country's economic landscape. This transformation not only honors the legacy of the past but secures a more prosperous and equitable future for all.",eng,machine,gemma-4-31b-it,Ukubungazwa kwabesifazane Ukubungazwa kwabesifazane ngokubabandakanya kwezomnothongokubabandakanya kwezomnotho
Isimo sabesifazane baseNingizimu Afrika namuhla sehluke kakhulu futhi sesithuthuke kakhulu kunaleso sango-1956. Ukubungazwa kwabo manje kugcizelela kakhulu ukubabandakanya kwezomnotho ukuze baziqhenye ngokuzimela kwabo. Lokhu kukhombisa ukuthi abesifazane sebethatha iqhaza elibalulekile ekukhuliseni umnotho wezwe. Ukuhambela phambili kulokhu kusiza ekufinyeleleni ekulinganeni nasekuvikelweni kwamalungelo abo wonke.,zul,machine,gemma-4-31b-it,Ukubungazwa kwabesifazane Ukubungazwa kwabesifazane ngokubabandakanya kwezomnothongokubabandakanya kwezomnotho
"Namuhla, iNingizimu Afrika ibungaza amandla kanye nombandakanyeko lwabesifazane kwezomnotho. Isimo nabesifazane abakuso namuhla sehluke kakhulu kunaleso esabhekana nomama nogogo bethu ngowe-1956. Sesibuya kude kakhulu ekunikezeni abesifazane amandla nethuba lokuphumelela kwezezomnotho ezweni leNingizimu Afrika. Lokhu kuveza intuthuko enkulu ekubeni nabesifazane ababamba izikhundla ezibalulekile emphakathini.",zul,machine,gemma-4-31b-it,Ukubungazwa kwabesifazane Ukubungazwa kwabesifazane ngokubabandakanya kwezomnothongokubabandakanya kwezomnotho
South Africa is celebrating the significant progress made in the economic empowerment and participation of women. The current landscape for women in the country differs vastly from the challenges faced by their mothers and grandmothers during the landmark events of 1956. This evolution reflects a transformative journey toward greater financial independence and professional inclusion within the South African economy.,eng,machine,gemma-4-31b-it,Ukubungazwa kwabesifazane Ukubungazwa kwabesifazane ngokubabandakanya kwezomnothongokubabandakanya kwezomnotho
"Sibungaza impumelelo yabesifazane, ikakhulukazi indima yabo ekhulayo kwezomnotho. Ngokungafani nesimo sowe-1956, abesifazane namuhla banamathuba amaningi okuhola nokuba ngabanikazi bamabhizinisi eNingizimu Afrika. Ukubandakanyeka kwabo kwezomnotho kusiza ekukhuleni kwezwe futhi kwakha ikusasa elingcono kubo bonke. Kubalulekile ukuqhubeka nokusekela ukunikezwa kwabesifazane amandla kwezomnotho ukuze kufike ulingano emphakathini.",zul,machine,gemma-4-31b-it,Ukubungazwa kwabesifazane Ukubungazwa kwabesifazane ngokubabandakanya kwezomnothongokubabandakanya kwezomnotho
"Celebrating women in South Africa today involves recognizing the vast progress made since the historic struggles of 1956. A key part of this celebration is empowering women through active participation and leadership within the economy. By removing financial barriers and promoting entrepreneurship, society honors the strength of women while driving national growth. This shift toward economic inclusion ensures a more equitable and prosperous future for all.",eng,machine,gemma-4-31b-it,Ukubungazwa kwabesifazane Ukubungazwa kwabesifazane ngokubabandakanya kwezomnothongokubabandakanya kwezomnotho
"UMashego, ovela eSebokeng endaweni yase-Vaal eGauteng, ubike ukuthi usizo lwe-NSFAS lube yisihluthulelo sempumelelo yakhe. Uthi ubengeke akwazi ukuzikhokhela imali yokufunda kanye nezinye izindleko ezibandakanya imfundo ephakeme ukuba kwaba yilo mnikelo. Ngakho-ke, ubona ukuthi le nkqubo isiza kakhulu abafundi abaswele ukuba baqinisekise ikusasa labo ngokufinyelela emaphuphweni abo ezemfundo.",zul,machine,gemma-4-31b-it,I-NSFAS ifeze amaphu pho ami
"For UMashego, a resident of Sebokeng in Gauteng's Vaal region, NSFAS has been the key to unlocking his academic dreams. He admits that pursuing higher education would have been an impossible feat without the funding to cover his tuition and essential living expenses. This critical financial support ensured that economic barriers did not stand in the way of his pursuit of a degree.",eng,machine,gemma-4-31b-it,I-NSFAS ifeze amaphu pho ami
"UMashego ovela eSebokeng, Gauteng, ulandisa ngokuthi i-NSFAS imsizile kanjani ekufundeni kwakhe. Uthi ubengeke akwazi ukukhokhela imali yokufunda nezinye izindleko zemfundweni ephakeme ngaphandle kwale mfundaze. Ngakho-ke, le nsizakalo imvulele amathuba amaningi futhi ifeze amaphupho akhe okuthola imfundo.",zul,machine,gemma-4-31b-it,I-NSFAS ifeze amaphu pho ami
"Mashego, a resident of Sebokeng in Gauteng, shares how NSFAS funding has been vital in pursuing higher education. Without this financial assistance, they would have been unable to afford tuition fees and other essential study costs. This highlights the significant impact that NSFAS has on helping students from underprivileged backgrounds achieve their academic dreams.",eng,machine,gemma-4-31b-it,I-NSFAS ifeze amaphu pho ami
"I-NSFAS iyinhlelo yokwesekela abafundi abavela emindeni ephansi ukuze bakwazi ukuthola imfundo ephakeme emanyuvesi nakamakolishi. Le nhlelo ikhokhela imali yokufunda, izincwadi, kanye nezinye izidingo ezibalulekile ukuze umfundi agxile ezifundweni zakhe ngaphandle kokukhathazeka ngokwezimali. Njengoba kukhonjiswa endlalweni kaMashego, i-NSFAS ivula amathuba amaningi kulabo abangenayo imali yokuzikhokhela. Ngaleyo ndlela, lolu hlelo lusiza ekulweni nobubha nasekuthuthukiseni ikusasa lentsha yaseNingizimu Afrika.",zul,machine,gemma-4-31b-it,I-NSFAS ifeze amaphu pho ami
"The National Student Financial Aid Scheme (NSFAS) is a government initiative designed to provide financial support to eligible students from disadvantaged backgrounds in South Africa. By covering tuition fees and other essential costs, such as accommodation and learning materials, it removes the financial barriers that often hinder access to higher education. For students like UMashego from Sebokeng, this funding is crucial for pursuing tertiary studies that would otherwise be unaffordable. Ultimately, NSFAS empowers youth to achieve their academic goals and improve their future socio-economic prospects.",eng,machine,gemma-4-31b-it,I-NSFAS ifeze amaphu pho ami
"Kubalulekile ukuthi siqhubeke nokugcinana siphephile kulezi zinsuku ezinzima esibhekana nazo. Ngemuva kwezinyanga eziyisihlanu siphila ngaphansi kwemikhawulo eqinile, isobala ukuthi senze inqubekela phambili ekunciphiseni ukubaluleka kwalesi sifo. Kodwa-ke, akumele sikhohlwe ukulandela imithetho ukuze siqinisekise ukuthi siphuma kuleli khizi ngokuphelele. Masibambisane ukuze sizivikele thina nemindeni yethu.",zul,machine,gemma-4-31b-it,Masigcinane siphephile
"South Africans are experiencing a sense of relief following five months of stringent restrictions under the ""Masigcinane siphephile"" initiative. This easing of measures marks significant progress in the national effort to reduce infection rates. The development is seen as a positive step forward for citizens who have endured prolonged lockdowns.",eng,machine,gemma-4-31b-it,Masigcinane siphephile
"Le ndaba igcizelela ukubaluleka kokuvikela abesifazane nabantwana ekuhlukunyezweni nasebudlovini. Isizwe sishaywe kakhulu ukulahlekelwa izimpilo ngabesifazane abaningi, kufaka phakathi u-Uyinene Mrwetyana, u-Leighandre Jegels, no-Jesse Hess. Lezi zehlakalo zikhombisa ubuhlungu nengozi ebangelwa amadoda anesihluku emphakathini wethu. Kubalulekile ukuthi sibambisane sonke ukuze siqede lobu budlova futhi siqinisekise ukuphepha kwabo.",zul,machine,gemma-4-31b-it,Masivikele abesifazane nabantwana bethu
"This topic advocates for the urgent protection of women and children against gender-based violence. It is driven by the profound grief and shock following the murders of Uyinene Mrwetyana, Leighandre Jegels, Jesse Hess, and many other women. These tragedies highlight a devastating pattern of violence perpetrated by men against women. The movement calls for immediate societal action to end these killings and ensure the safety of vulnerable individuals.",eng,machine,gemma-4-31b-it,Masivikele abesifazane nabantwana bethu
"Isizwe sibizwa ukuba sime ngokuzimisele ekutheni sivikele abesifazane nabantwana bethu ekuhlukunyezweni. Lokhu kuza ngesikhathi kusaqhubeka nokukhungathwe ukubulawa kuka-Uyinene Mrwetyana, u-Leighandre Jegels, kanye no-Jesse Hess. Kunabanye abesifazane abaningi abalahlekelwa izimpilo zabo ngezandla yamadoda anesihluku, okwenza kube kubalulekile ukuba kuthathwe izinyathelo ezinqabile ukuyisa lolu hlukunyezo.",zul,machine,gemma-4-31b-it,Masivikele abesifazane nabantwana bethu
"There is an urgent call to protect women and children as the nation continues to grapple with gender-based violence. The country was deeply shaken by the brutal murders of Uyinene Mrwetyana, Leighandre Jegels, and Jesse Hess, among many others. These tragedies highlight a disturbing pattern of women losing their lives at the hands of violent men. Consequently, there is a growing demand for stronger interventions to ensure the safety and security of all vulnerable citizens.",eng,machine,gemma-4-31b-it,Masivikele abesifazane nabantwana bethu
Ukubulawa kwabesifazane abafana no-Uyinene Mrwetyana no-Jesse Hess kusikhumbuza ngobuhlungu bodlame olusathungatha abesifazane emphakathini wethu. Kubalulekile ukuthi sonke sibambisane ukuvikela abesifazane nabantwana bethu ukuze baphephe ebunzimeni nasekubulaweni. Kumele silwe ngokuzimisela ngokugcina ukuhlonipha nokufundisa amadoda ukuthi udlame aluyona isisombululo. Masimise ukuhlukumeza manje ukuze sakhe isizwe esiphephile nesithobekile.,zul,machine,gemma-4-31b-it,Masivikele abesifazane nabantwana bethu
"Gender-based violence and femicide remain critical crises that devastate families and societies, as evidenced by the tragic deaths of women like Uyinene Mrwetyana. It is imperative that we unite as a community to protect our women and children from cruelty and systemic abuse. By fostering a culture of respect and holding perpetrators accountable, we can create a safer environment for the most vulnerable. Together, we must commit to ending this cycle of violence to ensure a future where everyone can live without fear.",eng,machine,gemma-4-31b-it,Masivikele abesifazane nabantwana bethu
Uhlelo lwenkantolo olubizwa ngokuthi iKe Bona Lesedi lwenzelwe ukusekela izisulu zezenzo zokuhlukumeza abantu (GBV). Lolu hlelo lutholakala eziNkantolo eziningi ezibheka amacala okuhlukumeza ocansi kanye nezinye izizalo ze-GBV. Inhloso yalo ukunikeza izisulu usekelo olufanele ngenkathi zibhekana nenqubo yezinkantolo. Lokhu kusiza ekutheni izisulu zizizwe ziphephile futhi zithole ubulungiswa ngendlela enenhlonipho.,zul,machine,gemma-4-31b-it,Inkantolo yeseka izisulu ze-GBV
Inkantolo ithatha izinyathelo ezibalulekile zokusekela izisulu zezenzo zokuhlukumeza ngokobulili (GBV). Uhlelo lwenkantolo olubizwa ngokuthi i-Ke Bona Lesedi selutholakala eziNkantolo eziningi ezibheka izenzo zokuphula uMthetho Wezocansi kanye nezinye izinkantolo ezizwa amacala ahlobene ne-GBV. Lolu hlelo luhlose ukuqinisekisa ukuthi izisulu zithola usekelo olufanele ngenkathi zibhekana nezinhlelo zezomthetho ukuze kuncishiswe ukwesaba nokukhathazeka.,zul,machine,gemma-4-31b-it,Inkantolo yeseka izisulu ze-GBV
"The ""Ke Bona Lesedi"" court program is now available across numerous courts specializing in domestic violence and gender-based violence (GBV) cases. This initiative is designed to provide critical support to victims as they navigate the legal system. By integrating these services, the courts aim to ensure that survivors of GBV receive the necessary assistance and protection during their legal proceedings.",eng,machine,gemma-4-31b-it,Inkantolo yeseka izisulu ze-GBV
Izinkantolo zisebenza kanzima ukusekela izisulu zezenzo zokuhlukumeza abantu (GBV) ukuze zithole ubulungiswa. Uhlelo Lwenkantolo iKe Bona Lesedi luyatholakala eziNkantolo eziningi ezibheka amacala ocuphiwo kanye nezinye izenzo ze-GBV. Lolu hlelo lwakhelwe ukunikeza izisulu indawo ephephile nenesisekelo ukuze zingezwa ukwesaba lapho zifaka isikhalo. Lokhu kusiza ekutheni izisulu zizizwe zivikelekile futhi zikwazi ukuxoxa iqiniso ngaphandle kokwesaba.,zul,machine,gemma-4-31b-it,Inkantolo yeseka izisulu ze-GBV
"The Ke Bona Lesedi Court Program is a dedicated initiative designed to support victims of Gender-Based Violence (GBV). This program is available across various courts that specialize in sexual offenses and other GBV-related cases. Its primary goal is to ensure that survivors receive the necessary care and guidance while navigating the legal process. By providing a supportive environment, the program helps victims feel safer and more empowered as they pursue justice.",eng,machine,gemma-4-31b-it,Inkantolo yeseka izisulu ze-GBV
UMnyango weMfundo eyiSisekelo (DBE) usethule ngokusemthetho uhlelo lwe-Woza Matrics oluhlose ukunikeza usizo olukhethekile kubafundi bakaMatric. Lolu hlelo luze ngemva kokuba abafundi babehlangabezana nezingqinamba eziningi zemfundo ngenxa yesifo segciwane le-COVID-19. Inhloso wukuthi kuqinisekiswe ukuthi bonke abafundi balungiselele kahle izivivinyo zabo zokugcina ukuze baphumelele ngobunono.,zul,machine,gemma-4-31b-it,Kwethulwe ngokusemthethweni uhlelo  lweWoza Matrics
"The Department of Basic Education has officially launched the ""Woza Matrics"" program to provide critical support to this year's Grade 12 learners. The initiative comes as students struggle with significant academic disruptions and obstacles caused by the COVID-19 pandemic. Through this program, the DBE aims to ensure that matriculants receive the necessary interventions to overcome these challenges and succeed in their final examinations.",eng,machine,gemma-4-31b-it,Kwethulwe ngokusemthethweni uhlelo  lweWoza Matrics
Uhlelo lweWoza Matrics selwethulwe ngokusemthethweni ukuze lusize abafundi bakaMatric bakulonyaka. Lolu hlelo lwethulwe ngenxa yezinselelo nezingqinamba eziningi abafundi ababhekane nazo ngenxa yesifo segciwane lecorona (iCOVID-19). UMnyango Wemfundo Eyi-sisekelo (i-DBE) ufisa ukuqinisekisa ukuthi abafundi bathola usizo olwanele ukuze baphumelele ezivivinyweni zabo.,zul,machine,gemma-4-31b-it,Kwethulwe ngokusemthethweni uhlelo  lweWoza Matrics
"The Department of Basic Education (DBE) has officially launched the ""Woza Matrics"" program to support final-year students. This initiative was established to help Matric learners overcome the numerous academic challenges caused by the COVID-19 pandemic. By providing additional resources and guidance, the program aims to ensure that students are better prepared for their examinations.",eng,machine,gemma-4-31b-it,Kwethulwe ngokusemthethweni uhlelo  lweWoza Matrics
Kwethulwe ngokusemthethweni uhlelo lwe-Woza Matrics oluhlose ukusekela abafundi baka-Matric kulo nyaka. Lolu hlelo lwaziswa ngemuva kokuba abafundi babhekane nezingqinamba eziningi ngenxa yesifo segciwane lecorona (i-COVID-19). UMnyango weMfundo eyiSisekelo (i-DBE) uqinisekisa ukuthi ukuvulwa kwalo hlelo kuzosiza abafundi ukuba balungiselele kahle izivivinyo zabo zokuphela konyaka.,zul,machine,gemma-4-31b-it,Kwethulwe ngokusemthethweni uhlelo  lweWoza Matrics
"The Department of Basic Education (DBE) has officially launched the Woza Matrics program. This initiative is designed to support Grade 12 learners who have faced numerous academic obstacles this year due to the COVID-19 pandemic. By providing targeted assistance, the DBE aims to ensure that students are well-prepared to overcome these challenges and succeed in their final examinations.",eng,machine,gemma-4-31b-it,Kwethulwe ngokusemthethweni uhlelo  lweWoza Matrics
"UMnyango Wemfundo EyiSisekelo (DBE) usethule ngokusemthethweni uhlelo lweWoza Matrics ukuze lusize abafundi baka-Matric ababhekane nezinselelo ngenxa ye-COVID-19. Lolu hlelo lwenzelwe ukunikeza abafundi ukusekelwa okwengeziwe kanye nezinsiza zokufunda ukuze baphumelele ezivivinyweni zabo zokugcina. Inhloso yalo ukugcwalisa izikhala zolwazi ezishiywe wukuvalwa kwezikolo ngenxa yesifo segciwane. Ngale ndlela, abafundi bayakwazi ukuthola ukusekelwa okufanele ukuze bafinyelele emaphusheni abo emfundo.",zul,machine,gemma-4-31b-it,Kwethulwe ngokusemthethweni uhlelo  lweWoza Matrics
"The Department of Basic Education (DBE) has officially launched the Woza Matrics program to provide essential support to Grade 12 learners. This initiative was developed to help students overcome the numerous academic obstacles caused by the COVID-19 pandemic. By offering targeted assistance, the program aims to ensure that all matriculants are adequately prepared for their final examinations.",eng,machine,gemma-4-31b-it,Kwethulwe ngokusemthethweni uhlelo  lweWoza Matrics
"Abezindaba baseNingizimu Afrika bayinsika yentando yeningi, ngokusebenza njengamehlo nezindlebe zomphakathi. Ngokusebenzisa amandla abo okubika, bakwazi ukuveza ukukhononda nokukhohlakala kweziphathimandla, okuvimba ukuthi amalungelo abantu abukelwe phansi. Lokhu kuhambisana nezinhlelo zobulungiswa eziqaphile, okuqinisekisa ukuthi akekho ophakeme kunomthetho. Ngakho-ke, inkululeko yabezindaba iyisihlangu esivikela isizwe ekuhlukunyezweni nasekubeni namandla angenamkhawulo.",zul,machine,gemma-4-31b-it,Abezindaba baseNingizimu Afrika bayinsika yentando yeningi labantu
"Abezindaba baseNingizimu Afrika badlala indima ebalulekile ekusekeleni intando yeningi. Ngokusebenzisana nomthetho omkhulu wezwe nezinhlelo zobulungiswa, kuvikeleka amalungelo abantu ukuba angaphulwa. Lo msebenzi usiza ekugwemeni ukuhlukunyezwa kwamandla iziphathimandla ezizama ukusebenzisa amandla ngokungafanele. Ngakho-ke, abezindaba bayinsika eqinile eqinisekisa ukuthi ubulungiswa nobukhululeko buyagcinwa.",zul,machine,gemma-4-31b-it,Abezindaba baseNingizimu Afrika bayinsika yentando yeningi labantu
"Journalists in South Africa serve as essential pillars in upholding the will of the people and safeguarding democracy. In nations characterized by strong institutions and robust justice systems, a powerful independent media plays a critical role in preventing the violation of human rights. These safeguards collectively ensure that administrative abuses of power are checked and that citizens' rights remain protected.",eng,machine,gemma-4-31b-it,Abezindaba baseNingizimu Afrika bayinsika yentando yeningi labantu
"Abezindaba baseNingizimu Afrika badlala indima ebalulekile ekugcineni intando yeningi labantu. Ngokubika iqiniso nokuhlola izenzo zeziphathimandla, bavimba ukuhlukunyezwa kwamalungelo abantu nokukhohliseka kwamandla. Lokhu kwenza ukuthi izinhlelo zobulungiswa zisebenze ngendlela efanele, kuqinisekiswe ukuthi kukhona ukubona. Ngakho-ke, abezindaba bayinsika eqinile eqinisekisa ukuthi izwi labantu liyizwa futhi lihlonishwa embizweni wedemokrasi.",zul,machine,gemma-4-31b-it,Abezindaba baseNingizimu Afrika bayinsika yentando yeningi labantu
"South African media serves as a vital pillar of democracy and the will of the people. By working alongside strong institutions and a vigilant justice system, a powerful press helps prevent the violation of fundamental human rights. This journalistic oversight holds government officials accountable, protecting citizens from the abuse of power. Ultimately, such transparency is essential for maintaining a free and fair society.",eng,machine,gemma-4-31b-it,Abezindaba baseNingizimu Afrika bayinsika yentando yeningi labantu
"I-Khomishana Yokulingana Kobulili (CGE) iqhubeka nokudlala indima ebalulekile ekunikezeni abakwaKazi amathuba okufinyelela kwezobulungiswa. Le nhlangano isiza kakhulu ezindabeni zemali yesondlo somntwana, ukunukubezwa kwezocansi, ukubandlululwa ngokobulili kanye nodlame olubhekiswe kwabesifazane (GBV). Ukuqinisekisa ukuthi izisulu zuthola usizo olufanele, i-CGE inikezela ngokwelulekwa kwamahhala kwezomthetho kanye nezinye izinsiza ezibalulekile. Ngale ndlela, i-CGE iqinisekisa ukuthi amalungelo abo bonke abantu ayavikelwa futhi ayitholakalisa imithetho.",zul,machine,gemma-4-31b-it,I-CGE ihlinzeka ngentuba yokufinyelela kwezobulungiswa
"The CGE is dedicated to expanding access to justice, ensuring that legal protections are available to those who need them most. The organization provides vital assistance in cases of gender-based violence, domestic abuse, and gender discrimination, as well as support with child maintenance claims. To further empower victims, the CGE offers free legal advice and comprehensive support resources to help individuals navigate the legal system.",eng,machine,gemma-4-31b-it,I-CGE ihlinzeka ngentuba yokufinyelela kwezobulungiswa
"I-Commission for Gender Equality (CGE) inikeza amathuba okufinyelela kwezobulungiswa kubantu abaningi. Isiza ngezindaba ezifana nemali yesondlo somntwana, ukuhlukunyezwa ngokocansi, ukubandlululwa ngokobulili, kanye nodlame olusekelwe ngokobulili (GBV). Le nhlangano inikezela ngokwelulekwa kwezomthetho kanye nezinzuzo ezithile ezisiza izisulu ukuze zithole ubulungiswa bamalungelo azo.",zul,machine,gemma-4-31b-it,I-CGE ihlinzeka ngentuba yokufinyelela kwezobulungiswa
"The Commission for Gender Equality (CGE) facilitates access to justice by supporting individuals facing gender-related challenges. They provide assistance with issues such as gender discrimination, sexual harassment, gender-based violence (GBV), and child maintenance. To empower victims, the CGE offers free legal advice and essential resources.",eng,machine,gemma-4-31b-it,I-CGE ihlinzeka ngentuba yokufinyelela kwezobulungiswa
"The Commission for Gender Equality (CGE) is expanding access to justice by providing essential support and resources to the public. The organization offers assistance with matters regarding child maintenance, sexual abuse, and gender discrimination. Additionally, the CGE provides critical support for victims of gender-based violence (GBV). To ensure legal protections are upheld, the commission also offers free legal advice to those in need.",eng,machine,gemma-4-31b-it,I-CGE ihlinzeka ngentuba yokufinyelela kwezobulungiswa
"I-CGE ihlinzeka ngethuba elibalulekile lokufinyelela kwezobulungiswa kubantu abadinga usizo. Isiza kakhulu ezindabeni zemali yesondlo somntwana, ekulweni nokubandlululwa ngokobulili, kanye nokulwa nodlame olubandlulula ngokobulili (GBV). I-CGE iphinde isize izisulu zokunukubezwa kwezocansi ngokunikeza izinsiza ezifanele kanye nokwelulekwa kwamahhala kwezomthetho. Lokhu kuqinisekisa ukuthi wonke umuntu uthola ubulungiswa nokuvikelwa kwamalungelo akhe.",zul,machine,gemma-4-31b-it,I-CGE ihlinzeka ngentuba yokufinyelela kwezobulungiswa
"The Commission for Gender Equality (CGE) works to ensure that all individuals have access to justice. They provide critical assistance with issues such as child maintenance, domestic violence, gender-based discrimination, and gender-based violence (GBV). To support victims, the CGE offers free legal counseling and essential resources. These services help vulnerable individuals protect their rights and navigate the legal system.",eng,machine,gemma-4-31b-it,I-CGE ihlinzeka ngentuba yokufinyelela kwezobulungiswa
"Ukuze kuvikelwe ukukhula nokuthuthuka kwabesifazane abasebancane, kubaluleke kakhulu ukuba banikwe imfundo efanele mayelana nezempilo kocansi. Nakuba kukhona ababona ukuthi ukuzilwa kocansi kuyindlela esedlulile, kuyisinqumo esivikela ikusasa labo ngokuvimbela ukukhulelwa kwesikhathi esincane. Kubalulekile ukuthi abazali nomphakathi babambe iqhaza ekusekeleni lezi zintombi ukuze kugwazwe konke okungaba ngumshweshwe ekufikeleleni emaphusheni abo nemfundweni.",zul,machine,gemma-4-31b-it,Kungavikelwa kanjani ukukhule lwa kwabesifazane abasebancane
"The debate over abstinence continues to divide opinion, as some view it as an outdated concept while others see it as a crucial protective measure for young women. To truly safeguard the growth and well-being of the youth, it is essential to prioritize comprehensive education and open communication. By empowering young women to make informed choices about their own bodies, society can foster a healthier environment for their personal and emotional development.",eng,machine,gemma-4-31b-it,Kungavikelwa kanjani ukukhule lwa kwabesifazane abasebancane
"This topic explores how to safeguard the healthy growth and development of young women. It specifically examines the conflicting perspectives regarding sexual abstinence, weighing whether avoiding sex until marriage is an outdated notion or a beneficial practice. Ultimately, the discussion seeks to identify the most effective ways to support and protect young women during their formative years.",eng,machine,gemma-4-31b-it,Kungavikelwa kanjani ukukhule lwa kwabesifazane abasebancane
"Debates continue regarding the best ways to safeguard the development of young women, specifically concerning the practice of abstinence. While some critics argue that choosing to avoid sexual activity until marriage is an outdated concept, many proponents maintain that it is a positive choice for personal growth. These differing perspectives highlight a broader societal conversation on the most effective ways to protect the well-being of adolescent girls.",eng,machine,gemma-4-31b-it,Kungavikelwa kanjani ukukhule lwa kwabesifazane abasebancane
"Ukuze kuvikelwe ukukhula kwabesifazane abasebancane, kubalulekile ukuba banikwe imininingwane efanele nokusekelwa okugcwele emiphakathini yabo. Intombazane ngayinye kumele nikwe amandla okuthatha izinqumo ezifanele mayelana nomzimba wayo, kungaba ngokukhetha ukuzilwa kocansi noma ukusebenzisa izindlela zokuzivikela. Ukuxhumana okuhle nabazali kanye nabaeluleki kuyasiza ekutheni bagweme ingcindezi futhi benze izinqumo ezinempilo zekusasa labo. Lokhu kuvikela ukukhula kwabo kusho ukuhlonipha imingcele yabo nokuqinisekisa ukuthi bathola imfundo efanele.",zul,machine,gemma-4-31b-it,Kungavikelwa kanjani ukukhule lwa kwabesifazane abasebancane
"Protecting the growth and development of young women requires a holistic approach that prioritizes their physical, emotional, and social well-being. Providing comprehensive guidance on sexual health, including the choice of abstinence, empowers them to make informed decisions that safeguard their futures. Furthermore, fostering an environment of education and empowerment allows young women to build the confidence necessary to achieve their personal goals. By combining supportive community guidance with individual agency, society can ensure that young women grow into healthy and resilient adults.",eng,machine,gemma-4-31b-it,Kungavikelwa kanjani ukukhule lwa kwabesifazane abasebancane
"Transforming the agricultural sector is critical to securing South Africa's food security and economic stability. With an abundance of fertile land, the focus must shift toward the sustainable management of both crop production and livestock farming. By prioritizing these sustainable practices, the nation can fully leverage its natural resources to build a resilient and prosperous agricultural foundation.",eng,machine,gemma-4-31b-it,Ukuguqula umkhakha wezolimo
"Ezolimo ziyinsika yesisekelo emvelweni nasenqubheni yezomnotho. Ukuze kunqobwe, kubalulekile ukusetshenziswa kwendawo yokulima izitshalo nokufuya izilwane ngendlela esimeme. INingizimu Afrika inomhlaba omuningi ongaguqulwa ukuze kuthuthukiswe imikhiqizo yezolimo. Lokhu kuzosiza ekwenzeni ukuba kube nokuthuthuka nokuzinza ekudleni ezweni lonke.",zul,machine,gemma-4-31b-it,Ukuguqula umkhakha wezolimo
"The transformation of the agricultural sector is vital, as agriculture serves as a fundamental pillar for environmental and societal stability. Success in this field depends on the sustainable management of land used for both crop cultivation and livestock farming. With its abundant land resources, South Africa is well-positioned to implement these sustainable practices to ensure long-term growth.",eng,machine,gemma-4-31b-it,Ukuguqula umkhakha wezolimo
"South Africa possesses vast land resources that serve as the foundation for agricultural development. Efforts to transform the agricultural sector now focus on the sustainable use of this land for both crop production and livestock farming. By prioritizing these sustainable practices, the country aims to ensure long-term food security and economic success.",eng,machine,gemma-4-31b-it,Ukuguqula umkhakha wezolimo
"Ukuguqula umkhakha wezolimo kubalulekile ukuqinisekisa ukuthi kukhona ukudla okwanele nokukhula komnotho. Ukusebenzisa izindlela zokulima ezisimeme kusiza ekugcineni umhlaba uvuthafutha futhi kuvikelwa imvelo. Ukunika amathuba abalimi abancane kwenza ukuba umhlaba waseNingizimu Afrika usebenze kangcono. Ngokusebenzisa ubuchwepheshe obusha, ezolimo zingaba yinsika yokuphumelela kubo bonke abantu.",zul,machine,gemma-4-31b-it,Ukuguqula umkhakha wezolimo
"Transforming the agricultural sector is essential for ensuring food security and sustainable economic growth. By promoting the responsible use of land for both crop production and livestock, societies can better preserve their natural resources. In South Africa, leveraging vast land availability through modern and inclusive farming practices can drive significant rural development. Ultimately, this transformation aims to create a resilient food system that benefits both the environment and the population.",eng,machine,gemma-4-31b-it,Ukuguqula umkhakha wezolimo
"To avoid falling victim to human trafficking, it is essential to avoid walking alone, especially at night or in deserted areas. Staying alert and remaining aware of your surroundings at all times can significantly reduce your vulnerability. By exercising caution and staying informed about local activity, you can better protect yourself from potential danger.",eng,machine,gemma-4-31b-it,Gwema ukuba yisisulu sokushushumbiswa kwabantu
"Ukuze ugweme ukuba isisulu sokushushumbiswa kwabantu, kubalulekile ukuthi uqaphele ukuphepha kwakho. Gwema ukuhamba wedwa, ikakhulukazi ebusuku noma emigwaqeni engenabantu. Kumele uhlale unaka futhi wazi ukuthi kwenzakalani endaweni okuyo ngaso sonke isikhathi ukuze uzivikele.",zul,machine,gemma-4-31b-it,Gwema ukuba yisisulu sokushushumbiswa kwabantu
"Izakungelele zikhumbuza abantu ukuthi baqaphele kakhulu ukuze bangabi izisulu zokushushumbiswa kwabantu. Kunconywa ukuba ugweme ukuhamba wedwa, ikakhulukazi ebusuku noma emigwaqeni engenabantu. Futhi, kubalulekile ukuthi uhlale uqapile futhi wazi ukuthi kwenzakalani endaweni okuyo ngazo zonke izikha ukuze uqinisekise ukuphepha kwakho.",zul,machine,gemma-4-31b-it,Gwema ukuba yisisulu sokushushumbiswa kwabantu
"To reduce the risk of becoming a victim of human trafficking, individuals are urged to take proactive safety precautions. Experts advise against walking alone, particularly at night or through deserted areas. It is also essential to remain vigilant and stay informed about activities in one's immediate surroundings at all times. Maintaining high situational awareness is key to ensuring personal security and avoiding potential danger.",eng,machine,gemma-4-31b-it,Gwema ukuba yisisulu sokushushumbiswa kwabantu
"Ukuze ugweme ukuba yisisulu sokushushumbiswa kwabantu, gwema ukuhamba wedwa, ebusuku, noma emigwaqeni engenabantu. Kubalulekile ukuthi uhlale uqaphele futhi wazi ukuthi kwenzakalani endaweni okuyo ngaso sonke isikhathi. Qaphela abantu ongabazi abakuthela ngemisebenzi noma izipho ezibonakala zinhle kakhulu. Azise njalo imindeni yakho nabangani bakho ngokuthi uya kuphi nokuthi uhamba nobani.",zul,machine,gemma-4-31b-it,Gwema ukuba yisisulu sokushushumbiswa kwabantu
"To avoid becoming a victim of human trafficking or exploitation, it is important to prioritize your personal safety. Avoid walking alone, especially at night or in deserted areas where you may be more vulnerable. Additionally, always remain vigilant and stay aware of your surroundings at all times. Taking these precautions can significantly reduce your risk and help keep you safe.",eng,machine,gemma-4-31b-it,Gwema ukuba yisisulu sokushushumbiswa kwabantu
Uhulumeni uthathe igxathu elivelele nelifinyelela kude ekuvuseleleni umnotho osebenzayo. Lokhu kwenziwa ngokutshala izimali zikahulumeni ukuze abe ngumsunguli nomhlinzeki wemisebe nzi yokuthuthuka. Lolu hlelo luyingxenye yomzamo kaMongameli wokusingula imisebenzi eminingi ezweni.,zul,machine,gemma-4-31b-it,Sivuselela umnotho osebenzayo
"To revitalize a functional economy, the government is taking bold steps to invest strategically in key sectors. Rather than acting as a passive spender, the state aims to serve as a catalyst and a provider of growth opportunities. These initiatives are central to the President's broader effort to stimulate job creation and promote economic stability. By fostering an environment for investment, this approach seeks to build a more resilient and sustainable financial future for all citizens.",eng,machine,gemma-4-31b-it,Sivuselela umnotho osebenzayo
South Africa has begun the implementation of underground shelters as a protective measure. This initiative follows the declaration of a National State of Disaster aimed at managing emergency situations. The primary objective is to prevent the further spread of damage while providing urgent assistance and safety to affected homeowners and communities.,eng,machine,gemma-4-31b-it,Sekuqala ukuntwela ezansi eNingizimu Afrika
"Sekuqala ukuntwela ezansi eNingizimu Afrika, lapho kumenyezelwe khona iSimo Senhlekelele Kazwelonke nguNdasa. Loluinqumo luhlose ukunqanda ukubhebhetheka kwegci wane kanye nokuhlinzeka ngosizo oluphuthumayo. Lolu sizo luzobe luqondiswe kubakha muzi kanye nemiphakathi ukuze kuqinisekiswe ukuphepha kwabo ngalesi sikhathi sobusika.",zul,machine,gemma-4-31b-it,Sekuqala ukuntwela ezansi eNingizimu Afrika
"Sekuqala ukuntwela ezansi eNingizimu Afrika, okuletha izimo zezulu ezibucayi nezikhukhula. Kumenyelelwe iSimo Senhlekelele Kazwelonke ukuze kunqandwe ukubhebhetheka kwezinye izinkinga nokuvikela imiphakathi. Lokhu kwenzelwa ukuhlinzeka ngosizo oluphuthumayo kwabakhi bamizi kanye nemiphakathi ethinteke kakhulu. Ngale ndlela, uhulumeni uqinisekisa ukuthi usizo lufika ngokushesha kubantu abaswele ngalesi sikhathi senhlekelele.",zul,machine,gemma-4-31b-it,Sekuqala ukuntwela ezansi eNingizimu Afrika
"South Africa has experienced severe flooding, which prompted the declaration of a National State of Disaster. This emergency measure was implemented to provide urgent relief and assistance to homeowners and devastated communities. Additionally, the initiative aimed to prevent the spread of diseases that often emerge following such natural disasters.",eng,machine,gemma-4-31b-it,Sekuqala ukuntwela ezansi eNingizimu Afrika
"The Western Cape Department of Health is urging the public to stay hydrated as summer temperatures continue to rise. Officials warn that extreme heat significantly increases the risk of dehydration, which can lead to serious health complications if not managed. To mitigate these risks, residents are advised to drink plenty of water throughout the day to maintain essential fluid levels in the body.",eng,machine,gemma-4-31b-it,Phuza amanzi ukuze ugweme ukuphela kwamanzi emzimbeni
"Ukushisa kwasehlobo kwandisa ubungozi bokuphelelwa ngamanzi emzimbeni. UMnyango Wezempilo waseNtshonalanga Kapa uyaxwayisa ngokuthi lokhu kungaba nobungozi empilweni yomuntu. Ngakho-ke, kubalulekile ukuphuza amanzi ngokwanele ukuze uvikele impilo yakho futhi ugcine umzimba wakho usebenza kahle.",zul,machine,gemma-4-31b-it,Phuza amanzi ukuze ugweme ukuphela kwamanzi emzimbeni
"The Western Cape Department of Health recommends drinking plenty of water to prevent dehydration. This is especially critical during the summer months, as high temperatures increase the risk of fluid loss from the body. Staying well-hydrated is essential for maintaining health and safety during hot weather.",eng,machine,gemma-4-31b-it,Phuza amanzi ukuze ugweme ukuphela kwamanzi emzimbeni
"UMnyango Wezempilo waseNtshonalanga Kapa ukhumbuza abantu ukuthi baphuze amanzi amaningi ukuze zigwenywe izinkinga zempilo. Lokhu kubalulekile ngenxa yokushisa kwasehlobo okukhulisa ubungozi bokuphelelwa ngamanzi emzimbeni. Ukuphelelwa ngamanzi kungaba nobungozi obukhulu, ngakho-ke kucelwa ukuba abantu baqaphele kakhulu ngokugcina imizimba yabo ihleliwe ngamanzi ngalesi sikhathi.",zul,machine,gemma-4-31b-it,Phuza amanzi ukuze ugweme ukuphela kwamanzi emzimbeni
"The Western Cape Department of Health is urging the public to drink plenty of water to prevent dehydration during the summer heat. Officials warn that rising temperatures increase the risk of losing essential body fluids, which can lead to serious health complications. Staying well-hydrated is recommended to mitigate these risks and maintain overall wellbeing during the warmer months.",eng,machine,gemma-4-31b-it,Phuza amanzi ukuze ugweme ukuphela kwamanzi emzimbeni
"Ngalesi sikhathi sokushisa kwasehlobo, kubaluleke kakhulu ukuphuza amanzi amaningi ukuze ugcine umzimba wakho ugcwele amanzi. Lokhu kusiza ekugwemeni ingozi yokuphelelwa ngamanzi emzimbeni, okungaba nobungozi empilweni yakho. Ngakho-ke, qiniseka ukuthi uphuza amanzi njalo usuku lonke, ikakhulukazi lapho kushisa kakhulu.",zul,machine,gemma-4-31b-it,Phuza amanzi ukuze ugweme ukuphela kwamanzi emzimbeni
"According to the Western Cape Department of Health, the intense summer heat increases the risk of dehydration. To prevent this dangerous loss of body fluids, it is essential to drink plenty of water throughout the day. Staying properly hydrated helps your body function efficiently and protects your overall health during hot weather.",eng,machine,gemma-4-31b-it,Phuza amanzi ukuze ugweme ukuphela kwamanzi emzimbeni
"Kukhona ithuba elisha elivulekile kubo bonke abafisa ukuzitholela izitifiketi zabo zika-matric. Umqondisi wohlelo, uDkt u-Sandy Malapile, ugcizelela ukuthi isitifiketi sikamatikuletsheni sibaluleke ngendlela eyisimanga ngoba ngaphandle kwaso, iminyango yamathuba eminingi ihlala ivalekile. Ngakho-ke, abantu bakhuthazwa ukuthi bangaliphuthelwa leli thuba lokuvula iminyango yempumelelo ekusaseni lwabo.",zul,machine,gemma-4-31b-it,Ithuba lesibili lokuthi uzitholele umatikuletsheni wakho
"A new initiative is offering learners a second chance to obtain their matric certificates, providing a vital lifeline for those seeking a better future. Program Director Dr. Sandy Malapile emphasizes that the qualification is crucially important, noting that without it, many doors of opportunity remain firmly shut. By securing this certificate, individuals can finally unlock the professional and educational pathways previously closed to them.",eng,machine,gemma-4-31b-it,Ithuba lesibili lokuthi uzitholele umatikuletsheni wakho
"Lolu hlelo lunikeza abantu ithuba lesibili lokuthi bakwazi ukuthola isitifiketi sabo somatikuletsheni. UDkt u-Sandy Malapile ugcizelela ukuthi lolu sitifiketi lubaluleke kakhulu ngoba luvula iminyango yamathuba eminingi. Ngaphandle kwaso, amathuba emisebenzi nezemfundo ayihlala avalekile kubantu abaningi. Ngakho-ke, lolu hlelo lunikeza abantu ithemba lokwakha ikusasa elingcono.",zul,machine,gemma-4-31b-it,Ithuba lesibili lokuthi uzitholele umatikuletsheni wakho
"This initiative provides a second opportunity for individuals to obtain their matriculation certificate. Program director Dr. Sandy Malapile emphasizes that this qualification is critically important for future success. She notes that without it, many doors of opportunity remain closed to those seeking advancement.",eng,machine,gemma-4-31b-it,Ithuba lesibili lokuthi uzitholele umatikuletsheni wakho
"Kuvuliwe ithuba lesibili kubantu abafuna ukuzitholela izitifiketi zabo zomatikuletsheni. Umqondisi wohlelo, uDkt Sandy Malapile, ugcizelela ukuthi isitifiketi sikamatikuletsheni sibaluleke ngendlela eyisimanga. Uthi ngaphandle kwaso, iminyango yamathuba eminingi ihlala ivalekile kubantu. Lolu hlelo luhlose ukusiza labo abafuna ukuphucula imiphumela yabo ukuze bavule amathuba amasha empilweni.",zul,machine,gemma-4-31b-it,Ithuba lesibili lokuthi uzitholele umatikuletsheni wakho
"A second opportunity is being provided for individuals to obtain their matriculation certificates. Program Director Dr. Sandy Malapile highlighted the critical importance of this qualification, noting its essential role in accessing future prospects. According to Dr. Malapile, without a matric certificate, many doors of opportunity remain closed to individuals.",eng,machine,gemma-4-31b-it,Ithuba lesibili lokuthi uzitholele umatikuletsheni wakho
"Isitifiketi sikamatikuletsheni sibaluleke kakhudlwana ngoba sivula iminyango eminingi yamathuba empilweni. Ngakho-ke, kubalulekile ukuthi labo abangaphumelelanga kuqala bathathe leli thuba lesibili lokuzitholela lolu phawu. Lokhu kuzovula indlela yokuba ukwazi ukungena emanyuvesi noma uthole imisebenzi engcono. Ungayeki ukuzama ngoba imfundo iyisihluthulelo sempumelelo yakho yakusasa.",zul,machine,gemma-4-31b-it,Ithuba lesibili lokuthi uzitholele umatikuletsheni wakho
"Obtaining a matric certificate is crucial because it serves as a key to unlocking numerous professional and educational opportunities. As program director Dr. Sandy Malapile emphasizes, many doors of opportunity remain closed to those without this essential qualification. Fortunately, second-chance programs provide a vital pathway for individuals to earn their credentials and overcome past academic setbacks. These initiatives empower learners to improve their future prospects and achieve greater stability in their careers.",eng,machine,gemma-4-31b-it,Ithuba lesibili lokuthi uzitholele umatikuletsheni wakho
"Sekuphele iminyaka engamashumi amathathu izwe lethu lishayisana nengculazi ye-HIV ne-AIDS, osizi oluthatha imiphefumulo eminingi futhi lwahlukanisa imindeni. Kodwa-ke, ngenxa yokubambisana okuqinile phakathi nohulumeni nomphakathi kanye nokutholakala kwemithi yokwelapha, iNingizimu Afrika isinyathela izinyathelo ezinkulu ekunqobeni lolu bhubesi. Lokhu kuletha ithemba elisha lokuthi izizukulwane ezizayo zingakhula zigcinele impilo, kanti ukubambisana kuqhubeka kokuba yisikhali esinamandla sokunqoba lolu sifo.",zul,machine,gemma-4-31b-it,INingizimu Afrika inqoba Isandulela Ngculazi (i-HIV) kanye neNgculazi (i-AIDS)
"For more than three decades, South Africa has been locked in a relentless struggle against the HIV and AIDS pandemic, a crisis that has claimed countless lives and devastated communities nationwide. Despite the profound loss and social upheaval, the nation has remained steadfast in its commitment to combatting the disease. Through expanded healthcare access and sustained public health efforts, South Africa is now making significant strides in finally overcoming the epidemic.",eng,machine,gemma-4-31b-it,INingizimu Afrika inqoba Isandulela Ngculazi (i-HIV) kanye neNgculazi (i-AIDS)
"INingizimu Afrika iqhubeka nomzamo wayo wokunqoba isandulela ngculazi (i-HIV) kanye neNgculazi (i-AIDS) emva kweminyaka engaphezu kwamashumi amathathu yokulwa okungapheli. Lolu hambo luhambe nokulahlekelwa imiphefumulo eminingi yabantu, okwadala ubuhlungu obukhulu emindenini nasemiphakathini yesizwe. Naphezu kwezinselelo, uhulumeni kanye nochwepheshe bezempilo bayasebenza kanzima ukuze kuncishiswe ukubhebhetheka kwalezi zifo. Lokhu kubonisa ukuzimisela okungagunguzelwa ekwakheni ikusasa eliphephile nezempilo ezingcono kubo bonke izakhamuzi.",zul,machine,gemma-4-31b-it,INingizimu Afrika inqoba Isandulela Ngculazi (i-HIV) kanye neNgculazi (i-AIDS)
"For over thirty years, South Africa has been engaged in a relentless struggle to combat the HIV and AIDS pandemic. This long-standing crisis has claimed countless lives and left a profound impact on the nation's families and communities. Through expanded access to antiretroviral therapy and public health education, the country continues to strive toward overcoming the epidemic. This ongoing effort reflects a national commitment to protecting public health and ensuring a healthier future for all citizens.",eng,machine,gemma-4-31b-it,INingizimu Afrika inqoba Isandulela Ngculazi (i-HIV) kanye neNgculazi (i-AIDS)
"Amaviki okuqala onyaka wezi-2021 abe nzima kakhulu kubo bonke abantu baseNingizimu Afrika. Nakuba imikhakha eminingi yomnotho isiqale ukusebenza futhi, kuzothatha isikhathi eside ukuthi umnotho uphinde usimame ngokuphelele. Kubalulekile ukubekezela ngoba ukubuyiselwa kwemisebenzi elahlekile kungathatha izinyanga eziningana. Nokho, kukhona ithemba lokuthi lonyaka uzogcina ngokuba ungcono kakhulu kubantu baseNingizimu Afrika.",zul,machine,gemma-4-31b-it,Unyaka wezi-2021 ongcono kubantu baseNingizimu Afrika Amaviki okuqala onyaka abe nzima kubo bonke abantu  baseNingizimu Afrika.
"The beginning of 2021 was a challenging period for the people of South Africa. While various economic sectors have begun to resume operations, the overall recovery process remains slow. It is expected to take considerable time for the economy to fully stabilize and for lost jobs to be restored. Despite these difficulties, there is a hope for an improved year for the nation.",eng,machine,gemma-4-31b-it,Unyaka wezi-2021 ongcono kubantu baseNingizimu Afrika Amaviki okuqala onyaka abe nzima kubo bonke abantu  baseNingizimu Afrika.
"Unyaka wezi-2021 ubuhlele ukuba ongcono kubantu baseNingizimu Afrika, nakuba amaviki okuqala abe nzima kakhulu kubo bonke. Ngesikhathi imikhakha yezomnotho eminingi iqala ukusebenza futhi, kubonakale ukuthi kuzothatha isikhathi ukuthi umnotho uphinde usimame. Lokhu kusho ukuthi ukubuyiselwa kwemisebenzi elahlekile kuyinselele enkulu edinga ukubekezela nesikhathi. Ngakho-ke, ukuthuthuka kancane kancane kuyinto elindelekile ukuze izwe libuyise isimo salo sezomnotho.",zul,machine,gemma-4-31b-it,Unyaka wezi-2021 ongcono kubantu baseNingizimu Afrika Amaviki okuqala onyaka abe nzima kubo bonke abantu  baseNingizimu Afrika.
"The early weeks of 2021 presented significant hardships for the people of South Africa. While various economic sectors gradually resumed operations, the overall recovery of the national economy has been a slow process. Consequently, it will take considerable time for the economy to stabilize and for lost employment to be fully restored.",eng,machine,gemma-4-31b-it,Unyaka wezi-2021 ongcono kubantu baseNingizimu Afrika Amaviki okuqala onyaka abe nzima kubo bonke abantu  baseNingizimu Afrika.
"Many parents of children with autism grapple with the haunting question of why this happened to their child. While understanding the biological nature of the condition and the challenges of sensory overload provides necessary clarity, it often fails to ease the initial emotional burden. Navigating this path requires a transition from seeking answers to embracing the unique strengths and needs of the child. With the right support systems, families can move beyond the diagnosis to foster an environment where their child truly thrives.",eng,machine,gemma-4-31b-it,Ukukhulisa ingane enesithuthwane
"Ukukhulisa ingane enesithuthwane kudinga ukuqonda okujulile ngezindlela ingane ekuxhumana ngayo nokuziphatha. Nakuba abazali bengase bazizwe bedidekile ngokuthi kungani lokhu kwenzeke enganeni yabo, kubalulekile ukwamukela isimo ukuze bakwazi ukunikeza ingane ukusekelwa okufanele. Ngokusebenzisa uthando, ukubekezela, nosizo lwabangcwezi, lezi zingane zingakhula zithuthukise amakhono azo. Ukunikeza ingane indawo ephephile nokuyisiza ngendlela eyifanele kusiza ekutheni izivumelanise nomhlaba oyizungezile.",zul,machine,gemma-4-31b-it,Ukukhulisa ingane enesithuthwane
"Ukukhulisa ingane enesithuthwane kudinga ukuqonda okujulile kanye nokubekezela okukhulu kubazali. Abaningi bazibuza ukuthi kungani lokhu kwenzeke enganeni yabo, nakuba izimbangela ezinembile zingahlala zingacacile. Nakuba ukuqonda ukuthi ukudlikiza komzimba kwenzeka kanjani kusiza ekulawuleni isimo, lokhu akuchazi ngokuphelele isizathu sokuthi kungani lokhu kwenzeka. Ezigamekweni eziningi, isithuthwane siyisimo sokuthuthuka somzimba nesingqondo esithinta indlela ingane exhumana ngayo nomhlaba.",zul,machine,gemma-4-31b-it,Ukukhulisa ingane enesithuthwane
"Raising a child with autism often involves navigating complex emotional and physical challenges, including managing sensory overload. While understanding the clinical nature of the condition can provide some clarity, many parents still struggle with the emotional impact of the diagnosis. Access to specialized support and resources is essential for families to effectively manage these daily complexities. Ensuring a supportive environment helps improve the quality of life for both the child and their caregivers.",eng,machine,gemma-4-31b-it,Ukukhulisa ingane enesithuthwane
"Umgomo weCOVID-19 uyithuluzi elibalulekile ekunqobeni lo novala nokuvikela impilo yomphakathi. Lo mgomo usebenza ngokuqeqesha izivikela zifo zomzimba ukuthi zikhiqize amasotsha (ama-antibodies) aqondiswe ekulweni nokugxininisa ukusuleleka. Ngale ndlela, umzimba wakho uba nolwazi olwanele lokuzivikela ngokushesha uma uhlangana ne-virus. Kubalulekile ukuthi wonke umuntu aqonde ukuthi lo mgomo uvikela hhayi nje wena, kodwa nabo bonke abakuzungezile.",zul,machine,gemma-4-31b-it,Umgomo weCOVID-19 : Okudingeka ukuthi ukwazi
"A COVID-19 vaccine works by training your immune system to recognize and fight the virus. It encourages your body to produce antibodies, which are specialized proteins that act like soldiers to combat infections. By preparing your defenses in advance, the vaccine helps prevent severe illness if you are exposed to the virus. This process ensures your body can respond quickly and effectively to protect your health.",eng,machine,gemma-4-31b-it,Umgomo weCOVID-19 : Okudingeka ukuthi ukwazi
"Ukuhola uBumbano Lwamazwe ase-Afrika (i-AU) kuyinhlonipho enkulu kanti kuza nomthwalo onzima wokubhekana nezinselelo zezwe lethu. Mina ngingene kulesi sikhundlo ngesikhathi isizwe sase-Afrika sibhabhadiswa ngomlilo nokwesaba ngenxa yokubikwa kwegciwane le-Corona, okwakungumhlaba ovutha ngomlilo. Ukuba uSihlalo ngenyanga eyodwa ngaleso sikhathi kwakungumhlubelo wokuqala, lapho sasikubeke khona eqhulwini ukulwa nesifo esingaziwa. Lokhu kwakuyisikhathi esinzima kodwa esibalulekile ekuboniseni ukuthi ubuholi obuqinile buyadingeka kakhulu ezikhathini zobunzima ukuze kuvikelwe impilo yabantu base-Afrika.",zul,machine,gemma-4-31b-it,Kusho Lukhulu Ukuhola uBumbano Lwamazwe ase-Afrika (i-AU)
"Leading the African Union (AU) is a position of great significance and responsibility. This particular leadership term began during a period of intense challenge, coinciding with the first reports of COVID-19 on the continent. Consequently, the initial phase of the chairmanship was defined by the urgent need to manage a global health crisis.",eng,machine,gemma-4-31b-it,Kusho Lukhulu Ukuhola uBumbano Lwamazwe ase-Afrika (i-AU)
Ukuhola uBumbano Lwamazwe ase-Afrika (i-AU) kuyinto ekusho lukhulu efuna ukubekezela okungaka. Le nkathi yaqala ngonyaka obubukhali lapho kwabikwa isigameko sokuqala ngqa segciwane le-corona ezwenikazi ngenyanga eyodwa nje yokungena esikhundleni sokuBa Sihlalo. Lokhu kwenze ukuba lokhu kuhola kube ngumthwalo osinda kakhulu eqhulwini ngenxa yezinga lezinselelo ezibhekene nohulumeni.,zul,machine,gemma-4-31b-it,Kusho Lukhulu Ukuhola uBumbano Lwamazwe ase-Afrika (i-AU)
"Leading the African Union (AU) is a significant responsibility that began during a period of immense challenge. The Chairperson assumed office just one month before the first case of COVID-19 was reported on the continent, marking a tumultuous start to the term. This unexpected health crisis forced the leadership to prioritize emergency response efforts across the region. Consequently, the tenure was defined by the urgent need to navigate the pandemic's impact on African nations.",eng,machine,gemma-4-31b-it,Kusho Lukhulu Ukuhola uBumbano Lwamazwe ase-Afrika (i-AU)
"Ukuhola uBumbano Lwamazwe ase-Afrika (i-AU) kuwumthwalo omkhulu odinga ukuhlakanipha nobumbano obugcwele. Lokhu kubonakale ngokucacile ngesikhathi sokuba uSihlalo ngenyanga eyodwa lapho isigameko se-COVID-19 sasaqala ukubhebhetheka ezwenikazi, okwakudinga ukuhola okuqinile nokusheshayo. Kwakubalulekile ukuthi izwe lase-Afrika lihambe ngokunye ekulweni nale nkinga ukuze kuvikelwe impilo yabantu. Ngakho-ke, ukuhola i-AU akukhona nje isikhundla sebukhosi, kodwa kuwumthwalo wokulinda intuthuko nokupila kwabo bonke abantu base-Afrika.",zul,machine,gemma-4-31b-it,Kusho Lukhulu Ukuhola uBumbano Lwamazwe ase-Afrika (i-AU)
"Leading the African Union (AU) is a prestigious yet demanding responsibility that requires exceptional diplomacy and crisis management. As illustrated in the provided context, taking office during the onset of the COVID-19 pandemic serves as a ""baptism by fire,"" forcing a leader to navigate an urgent global health crisis while coordinating continental policies. Such a role demands the ability to unite diverse nations under a shared vision, even amidst unprecedented challenges. Ultimately, leading the AU is about providing stability and strategic guidance during the continent's most critical moments.",eng,machine,gemma-4-31b-it,Kusho Lukhulu Ukuhola uBumbano Lwamazwe ase-Afrika (i-AU)
"Coping with the loss of a loved one is an arduous journey that can often feel isolating. Zanele Ludziya, a community mental health professional at Stikland Hospital in Cape Town, reminds those in mourning that they are not alone in their pain. She stresses that bereavement is never an easy process, urging individuals to acknowledge their grief and seek the necessary support to heal.",eng,machine,gemma-4-31b-it,Ukubhekana nokushonelwa ngothandiweyo
"Dealing with the loss of a loved one is a profound and difficult experience that is never easy to navigate. Zanele Ludziya, a community mental health specialist, emphasizes that those grieving are not alone in their struggle. Acknowledging the pain of bereavement and seeking support are essential steps in the healing process.",eng,machine,gemma-4-31b-it,Ukubhekana nokushonelwa ngothandiweyo
"Zanele Ludziya, a community mental health specialist at Stikland Hospital in the Western Cape, emphasizes that those grieving the loss of a loved one are not alone. She notes that coping with such a loss is never an easy process. Her guidance aims to provide emotional support and reassurance to individuals navigating the difficulties of bereavement.",eng,machine,gemma-4-31b-it,Ukubhekana nokushonelwa ngothandiweyo
"Coping with the loss of a loved one is a deeply challenging and personal experience. It is important to recognize that grief is a natural process and that feeling overwhelmed is a common reaction to such a significant loss. Remembering that you are not alone in your pain can provide strength, as sharing your burden with others often aids in healing. Seeking support from family, friends, or mental health professionals can help individuals navigate their emotions and find a path toward peace.",eng,machine,gemma-4-31b-it,Ukubhekana nokushonelwa ngothandiweyo
"The local economy is facing a severe crisis as numerous businesses report staggering losses following prolonged operational restrictions. This downturn has hit the workforce hardest, with many employees facing drastic pay cuts or total job losses. To combat this, urgent revitalization strategies are now necessary to restore financial stability and stimulate growth. Implementing targeted stimulus packages and job creation initiatives will be critical in helping both enterprises and workers recover.",eng,machine,gemma-4-31b-it,Izinyathelo zokuvuselela kabusha umnotho
"Abasebenzi abaningi balahlekelwe imisebenzi nemilingo yabo, kanti namabhizinisi abhekane nezikhala zezimali ezinkulu. Kubalulekile ukuthatha izinyathelo eziquephile zokuvuselela umnotho ukuze kubuyiswe amathuba emisebenzi. Lokhu kubandakanya ukusekela amabhizinisi amancane nokutshala izimali emikhakheni ezikwazi ukukhipha imisebenzi eminingi. Lezi zinyathelo zizosiza ekubuyiseni isimo sezimali emindenini nasemabhizinisini ukuze kube nokukhula komnotho okuzinzile.",zul,machine,gemma-4-31b-it,Izinyathelo zokuvuselela kabusha umnotho
"Many workers have experienced significant income loss due to reduced working hours and widespread layoffs. Simultaneously, numerous businesses have suffered substantial financial deficits because they were unable to operate. Consequently, there is an urgent need for strategic measures to revitalize the economy and restore financial stability for both employees and entrepreneurs.",eng,machine,gemma-4-31b-it,Izinyathelo zokuvuselela kabusha umnotho
"Economic recovery efforts are underway as many businesses continue to struggle with significant financial losses due to decreased productivity. A substantial number of employees have seen their incomes drop as working hours were reduced to cut costs. Furthermore, widespread layoffs have left many workers unemployed, highlighting the urgent need for sustainable revitalization measures.",eng,machine,gemma-4-31b-it,Izinyathelo zokuvuselela kabusha umnotho
"Ukuze kuvuselwe kabusha umnotho emva kokulahlekelwa, kubalulekile ukuba kube nohlelo olusiza amabhizinisi ukuba akhule futhi. Ukusekela amabhizinisi amancane asemakhaya kusiza ekudaleni amathuba emisebenzi entsha kulabo aba lahlekelwe imisebenzi yabo. Ngaphezu kwalokho, uhulumeni kanye nezinkampani kumele kunikeze ukuqeqeshwa kwabasebenzi ukuze kube nokusebenza ngendlela efanele nokukhiqiza kakhulu. Lezi zinyathelo zizobuyisa isimo sezinto futhi ziqinisekise ukuthi abantu bayakwazi ukuphila futhi bathole imalingeniso.",zul,machine,gemma-4-31b-it,Izinyathelo zokuvuselela kabusha umnotho
"To revitalize the economy after widespread business closures and job losses, governments can implement stimulus packages and low-interest loans to help struggling companies reopen. Providing tax incentives encourages businesses to rehire displaced workers and increase production levels. Additionally, investing in vocational training programs ensures that employees gain the necessary skills to adapt to a recovering market. Together, these steps foster financial stability and drive sustainable economic growth.",eng,machine,gemma-4-31b-it,Izinyathelo zokuvuselela kabusha umnotho
"Ukuze kufikeleleke intuthuko eqinisekile, kubalulekile ukuba kube nemisebenzi kahulumeni eqeqeshekile futhi enezikhwama zolwazi. Lokhu kusho ukuthi abasebenzi bomphakathi kumele babe nokuqeqeshwa okusezingeni eliphezulu, babe nokuzikhandla, kanye nokulandela imithetho yokusebenza ngokwethembeka. Uma imisebenzi ihlelwa futhi iphathwe ngabantu abanolwazi, ukulethwa kwezidingo zomphakathi kuyashesha futhi kuba seqhuba. Ngakho-ke, ukugxila ekuthuthukiseni amakhono asebenzi kahulumeni kuyisihluthulelo sokwakha isizwe esiqhambayo nesiphumelelayo.",zul,machine,gemma-4-31b-it,Imisebenzi kahulumeni eqeqeshekile
"Only a functional and efficient government, grounded in the rule of law, can truly fulfill its mandate to improve the lives of its citizens. This necessitates a public service defined by professionalism and specialized training to ensure that development goals are met effectively. By investing in a highly skilled workforce, the state can transform its policy commitments into tangible progress for all.",eng,machine,gemma-4-31b-it,Imisebenzi kahulumeni eqeqeshekile
"Umbuso osebenza kahle futhi olandela imithetho ubalulekile ekuthuthukiseni izimpilo zabantu baleli lizwe. Ukuze lokhu kwenzeke, kudingeka kube khona imisebenzi kahulumeni eqeqeshekile neyisipesheli ukuze izinhlelo zentuthuko zifezekise izinjongo zazo. Abasebenzi abaqeqeshekile baqinisekisa ukuthi izinsiza zikuhulumeni zisetshenziswa ngendlela efanele nangempumelelo. Ngakho-ke, ukuqeqeshwa kwabasebenzi kahulumeni kuyisisekelo sokwakha isizwe esithuthukile nesiphila kahle.",zul,machine,gemma-4-31b-it,Imisebenzi kahulumeni eqeqeshekile
"A capable and well-functioning government that adheres to the law is essential for promoting national development and improving the lives of its citizens. To achieve these goals, it is necessary to have professional and properly trained individuals working within the public sector. This ensures that government obligations are met efficiently and effectively for the benefit of the people.",eng,machine,gemma-4-31b-it,Imisebenzi kahulumeni eqeqeshekile
"Lokhu kusho ukuthi imisebenzi kahulumeni kumelwe yenziwe abantu abaqeqeshekile nabazibophezele ekusebenzeni ngokuzikhandla. Ubuqotho nokusebenza ngobuchule kuqinisekisa ukuthi izidingo zomphakathi zifezeka ngendlela efanele nangokushesha. Uma abasebenzi bahlale bezivuselela ulwazi lwabo, kube lula ukuxazulula izinkinga ezinkulu ezibhekene nezwe. Ngakho-ke, ukuqeqeshwa kwabasebenzi kahulumeni kuyinsika ebalulekile ekuthuthukiseni izimpilo zabantu bonke.",zul,machine,gemma-4-31b-it,Imisebenzi kahulumeni eqeqeshekile
"Usuku Lomhlaba LweDown Syndrome lugubha ngenhloso yokukhulisa ukuqonda nokunika isithunzi abantu abaphila nale nkinga. I-Down Syndrome iyingxenye yokuphazamiseka kumachromosome okuqubuka ngesikhathi ukhulelwa, okudala ukuthi umuntu azalwe nezimo ezithile. UDkt Midah Maluleka, odokotela eMpu, uqaphela ukuthi ukwengezeka kwama-chromosome kuholela ekutheni kube nokuhlukana ekukhuleni kwengqondo nomzimba. Ngakho-ke, kubalulekile ukuthi sisekele futhi simukele bonke abantu ukuze baphile impilo enenjabulo nentokozo.",zul,machine,gemma-4-31b-it,Ukugubha Usuku Lomhlaba LweDown Syndrome
"World Down Syndrome Day is observed to raise awareness about the genetic condition and promote greater inclusivity for those affected. Down Syndrome occurs due to a chromosomal abnormality during fetal development, which affects a child's physical and cognitive growth. According to Dr. Midah Maluleka, a medical practitioner in Mpu, the condition is characterized by an increase in the number of chromosomes. This global observance serves as a vital reminder to support individuals with Down Syndrome and ensure they have equal opportunities in society.",eng,machine,gemma-4-31b-it,Ukugubha Usuku Lomhlaba LweDown Syndrome
"Usuku Lomhlaba LweDown Syndrome lugubha ukunikeza ulwazi nokukhuthaza ukuqonda ngalesi simo emphakathini. I-Down Syndrome iyingxenye yokuphazamiseka kumachromosome okwenzeka ngenkathi ukhulelwa, lapho kuba khona ukwengezeka kwamakromosome. Lolu suku luhlose ukufundisa abantu ngezindlela zokusekela nokuhlonipha labo abaphila ngalesi simo. Kubalulekile ukuthi sonke sibambisane ukuqinisekisa ukuthi abantu abane-Down Syndrome bathola amathuba afanele empilweni.",zul,machine,gemma-4-31b-it,Ukugubha Usuku Lomhlaba LweDown Syndrome
"World Down Syndrome Day is observed to raise awareness about Down Syndrome, a chromosomal disorder that occurs during pregnancy. According to medical experts like Dr. Midah Maluleka, the condition is characterized by the presence of an additional chromosome. The day serves to educate the public and promote the inclusion and rights of individuals living with this condition. By sharing knowledge, the celebration aims to reduce stigma and improve the overall quality of life for those affected.",eng,machine,gemma-4-31b-it,Ukugubha Usuku Lomhlaba LweDown Syndrome
"Namuhla kugubha Usuku Lomhlaba LweDown Syndrome ngenhloso yokukhulisa ukuqonda ngalesi simo emphakathini. I-Down Syndrome (i-DS) iyingxenye yokuphazamiseka kumachromosome okuqubuka ngesikhathi ukhulelwa. UDkt Midah Maluleka, osebenza njengodokotela eMpu, uchaza ukuthi lokhu kwenzeka lapho kuba khona ukwengezeka kwe-chromosome. Lolu suku lugqugquzela ukwamukelwa nokwesekwa kwabo bonke abaphila ngalesi simo.",zul,machine,gemma-4-31b-it,Ukugubha Usuku Lomhlaba LweDown Syndrome
"World Down Syndrome Day is an annual global event dedicated to raising awareness about Down syndrome, a chromosomal condition that occurs during pregnancy. This condition is caused by the presence of an extra chromosome, which can affect a person's physical and cognitive development. By observing this day, society aims to promote inclusion, respect, and equal opportunities for individuals living with the condition. It is a time to celebrate their unique strengths and advocate for a more supportive and inclusive world.",eng,machine,gemma-4-31b-it,Ukugubha Usuku Lomhlaba LweDown Syndrome
"Abaholi bendabuko bamele izinsika zokuthula nokuhlanganisa imizimba nezinhliziyo zabantu emiphakathini yethu. Ukuhamba kwezikhulu ezinjengoNkosi u-Goodwill Zwelithini kanye no-Kgoshikgolo Thulare III kusikhumbuza kakhulu ukuthi lezi zikhundla zibaluleke kangakanani ekugcineni ubunye nokululama kwezizwe. Ngakho-ke, ukubuyisana nokuthula okuhlala njalo kuncike ekuholweni okuhlakaniphile okusekelwe emasikweni nasebuthuthweni. Laba baholi bangukhiye ekuxazululeni izingxabano nasekuletheni ukuthula okuhlala njalo emiphakathini yethu.",zul,machine,gemma-4-31b-it,Abaholi bendabuko bangukhiye emizamweni yokululama
"Traditional leaders remain essential pillars in the pursuit of social cohesion and national healing. The recent farewells to King Goodwill Zwelithini of the Zulu nation and King Kgoshikgolo Thulare III of the Pedi people highlight the profound influence these monarchs hold over their people. By blending ancestral wisdom with modern governance, such leaders serve as critical catalysts for stability and reconciliation within their communities.",eng,machine,gemma-4-31b-it,Abaholi bendabuko bangukhiye emizamweni yokululama
"Abaholi bendabuko badlala indima ebalulekile ekululameni nasekuletheni ukuthula emiphakathini yabo. Ukukhothama kwezinkosi ezinkulu njengo-Goodwill Zwelithini kaBhekuzulu kanye no-Kgoshikgolo Thulare III kukhombisa ukuthi lobu buholi buyinsika ekubumbeni izizwe. Labo baholi bayasiza ekuhambiseni isizwe ngendlela efanele ngezikhathi zobuhlungu, baqinisekise ukuthi amasiko ayahlonishwa. Ngakho-ke, ubuholi bendabuko buhlala buyisihluthulelo esibalulekile ekugcineni ubunye nokululama kwesizwe.",zul,machine,gemma-4-31b-it,Abaholi bendabuko bangukhiye emizamweni yokululama
"Traditional leaders are viewed as essential keys to achieving stability and healing within their communities. This significance is highlighted by the recent passing of prominent figures such as King Goodwill Zwelithini of the Zulu nation and Kgoshikgolo Thulare III of the Pedi nation. Their leadership provides critical cultural continuity and guidance during periods of transition. Consequently, traditional authority remains vital for fostering social cohesion and recovery.",eng,machine,gemma-4-31b-it,Abaholi bendabuko bangukhiye emizamweni yokululama
"Abaholi bendabuko babonakala bengukhiye ekutheni imiphakathi ilulame futhi ithole ukuzinza. Isizwe samaZulu sanda kukulungisa ukutshala iNkosi u-Goodwill Zwelithini kaBhekuzulu, obubuse iminyaka engamashumi amahlanu. Ngokufanayo, isizwe sabaPedi satshala u-Kgoshikgolo Thulare III. Lokhu kuhamba kwabaholi ababalulekile kugcizelela indima enkulu abayidlalayo ekugcineni amasiko nokuhambisa izizwe zabo phambili.",zul,machine,gemma-4-31b-it,Abaholi bendabuko bangukhiye emizamweni yokululama
"The Zulu nation has laid to rest King Goodwill Zwelithini ka Bhekuzulu, who served as the traditional leader for five decades. Similarly, the Pedi people buried Kgoshikgolo Thulare III this past Monday. These events mark the passing of prominent figures within South Africa's traditional leadership.",eng,machine,gemma-4-31b-it,Abaholi bendabuko bangukhiye emizamweni yokululama
"Abaholi bendabuko babaluleke kakhulu ekululameni nasekuqinisekiseni ukuthula emphakathini. Bavikela amasiko futhi bahlanganisa isizwe, ikakhulukazi ngezikhathi zoshintsho olunzima njengoba sikhumbula abaholi abaphumule. Ngokulandela izikhombiso zabo, abantu bathola ukulingana nobunjalo babo, okuyikho okuletha ukuthula. Ngakho-ke, indima yabo iyisisekelo sokuthuthukiswa nokululama kwezizwe.",zul,machine,gemma-4-31b-it,Abaholi bendabuko bangukhiye emizamweni yokululama
"Traditional leaders serve as essential pillars for fostering stability and reconciliation within their communities. By acting as custodians of culture and heritage, they provide the social guidance necessary to bridge divides and heal conflicts. The legacies of leaders such as King Goodwill Zwelithini and Kgoshikgolo Thulare III demonstrate how traditional authority can unify a people. Consequently, these leaders remain key figures in ensuring lasting peace and social cohesion.",eng,machine,gemma-4-31b-it,Abaholi bendabuko bangukhiye emizamweni yokululama
"UPalesa Mokome, inhloko yezokuxhumana e-Sunflower Fund, uveze ukuthi iziguli zesifo sekunglungwane zegazi zivame ukuhlonzwa ngokungaqondile njengezinye izifo zegazi minyaka yonke. Lokhu kudala ukuthi abaningi bangatholi usizo olufanele ngesikhathi, okubeka izimpilo zabo engozini enkulu. Kubalulekile ukuthi sisebenzisane sonke ukuze kuqandiswe ukungazi nokunikeza laba baguli ukunakekela okufanele. Siza ukusindisa izimpilo ngokusekela imizamo yokusabalalisa ulwazi olulungile ngalesi sifo.",zul,machine,gemma-4-31b-it,Siza ukusindisa izimpilo
"The Sunflower Fund is dedicated to saving lives by supporting patients diagnosed with blood-related diseases. Palesa Mokome, the organization's head of marketing and communications, emphasizes that many individuals are identified with these conditions annually. This initiative aims to provide critical assistance to those facing these ongoing health challenges.",eng,machine,gemma-4-31b-it,Siza ukusindisa izimpilo
"Imizamo yokusindisa izimpilo iqhubeka ngokuzimisela, ikakhulukazi kulabo abahlushwa yizifo zegazi. Ngokuka-Palesa Mokome, oyinhloko yezokumaketha nezokuxhumana e-Sunflower Fund, kukhona izinkulungwane zeziguli ezihlonzwa zinezifo ezihlobene negazi minyaka yonke. Lokhu kukhombisa ukubaluleka kokuhlonza lezi zifo kusasele isikhathi ukuze kutholakale usizo olufanele. Lolu hlelo lugxile ekusebenzelaneni nabasebenzi bezempilo ukuze kusindiswe izimpilo eziningi.",zul,machine,gemma-4-31b-it,Siza ukusindisa izimpilo
"Izinkulungwane zeziguli zibhekana nezifo ezihlobene negazi minyaka yonke, okwenza kube kubalulekile ukuba sinikele ngegazi. Ukunikela ngegazi kuyisenzo somusa esingasiza ekusindiseni impilo yomuntu osidingayo. Siyakhuthaza wonke umuntu okwazi ukunikezela ukuba avakashele izindawo zokunikela ngegazi ukuze sisize laba abagulayo. Ngokwenza lokhu, siba nengxenye ekunikezeni ithemba nokuqinisekisa ukuthi iziguli zithola usizo oludingekayo.",zul,machine,gemma-4-31b-it,Siza ukusindisa izimpilo
"The Sunflower Fund, under the guidance of Palesa Mokome, works tirelessly to support patients battling blood-related diseases. Every year, many individuals are identified as needing critical care for these conditions to improve their chances of survival. By donating blood or contributing to such initiatives, you can play a vital role in saving lives. These collective efforts ensure that patients receive the essential medical attention required to overcome their illnesses.",eng,machine,gemma-4-31b-it,Siza ukusindisa izimpilo
"Ngesikhathi u-Beverly eyothenga amaqanda esitolo, akazange azi ukuthi lokhu kuzoba ukuqala kohambo lwakhe lwebhizinisi eliphumelele. Ukufuya izinkukhu akukona nje ukunikeza ukudla, kodwa kuyisenzo esinekhono esidinga ukuzinikela nolwazi olunzulu kubalimi basekhaya. Le ndlela yokuziphilisa ivulela abaningi amathuba okukhulisa imindeni yabo ngokusebenzisa izinsiza ezitholakala emakhaya.",zul,machine,gemma-4-31b-it,Uhlelo lokufuya izinkukhu luyisenzo esinekhono kubalimi basekhaya
"Uhlelo lokufuya izinkukhu lunikeza abalimi basekhaya ithuba elihle lokuzimela nokuziphilisa. Lolu hlelo lungaqala ngombono olulula, njengoba kwenzeka ku-Bev lapho aye ukuthenga amaqanda. Ngokusebenza kanzima nokuhlakanipha, ukufuya izinkukhu kungashintsha impilo yomndeni kube yibhizinisi eliphumelele. Lokhu kwenza ukuba ukufuya izinkukhu kube yindlela ephumelelayo yokukhulisa imnotho wasekhaya.",zul,machine,gemma-4-31b-it,Uhlelo lokufuya izinkukhu luyisenzo esinekhono kubalimi basekhaya
"Chicken farming is a viable and skillful venture for home-based farmers looking to establish a sustainable business. This is exemplified by an individual who was inspired to start a successful poultry project after a simple trip to buy eggs. Such initiatives demonstrate how small-scale farming can be transformed into a productive and profitable enterprise. Ultimately, these programs provide a practical way for local farmers to enhance their livelihoods.",eng,machine,gemma-4-31b-it,Uhlelo lokufuya izinkukhu luyisenzo esinekhono kubalimi basekhaya
"Implementing a chicken farming program is a strategic and skillful venture for home-based farmers. This endeavor allows individuals to transform a simple daily need, such as purchasing eggs, into a profitable business opportunity. With proper management and dedication, small-scale poultry farming can enhance local food security while providing a sustainable source of income.",eng,machine,gemma-4-31b-it,Uhlelo lokufuya izinkukhu luyisenzo esinekhono kubalimi basekhaya
"Religious organizations have emerged as pivotal allies in the ongoing fight against the COVID-19 pandemic. With the global death toll surpassing 2.5 million as the crisis enters its second year, these communities have provided indispensable support to vulnerable populations. Through spiritual leadership and grassroots outreach, they continue to play a critical role in the world's collective recovery efforts.",eng,machine,gemma-4-31b-it,Umphakathi wezenkolo ubaluleke kakhulu ekulweni  neCOVID-19
Umphakathi wezenkolo ubambe iqhaza elikhulu ekulweni nobuhubo lwe-COVID-19 oluthathe izimpilo zabantu abangaphezu kwezigidi ezi2.5 emhlabeni jikelele. Lezi zinhlangano zinikeze ukusekelwa ngokomoya kanye nezeluleko kubantu ababephakathi kwalesi simo esinzima. Futhi zisize kakhulu ekusabalaliseni ulwazi olubalulekile nokunikeza usizo kubantu abaswele. Lokhu kukhombisa ukuthi ukubambisana kwenkolo nomphakathi kubaluleke kakhulu ekunqobeni izinkinga zezempilo.,zul,machine,gemma-4-31b-it,Umphakathi wezenkolo ubaluleke kakhulu ekulweni  neCOVID-19
"Umphakathi wezenkolo udlala indima ebaluleke kakhulu ekulweni nobuhlungu be-COVID-19. Manje seluphakathi onyaka wesibili lolu bhubhane lomhlaba olusele luthathe izimpilo zabantu abangaphezu kwezigidi ezi-2.5 emhlabeni jikelele. Ngakho-ke, izinhlangano zenkolo zilokhu zibalulekile ekubhekananeni nezinselele zalesi sikhathi nokunikeza uxhaso lwenkolo kanye nokusekela emphakathini.",zul,machine,gemma-4-31b-it,Umphakathi wezenkolo ubaluleke kakhulu ekulweni  neCOVID-19
"Religious communities played a crucial role in combating the COVID-19 pandemic globally. These organizations served as vital hubs for disseminating health information and encouraging vaccination efforts within their congregations. Beyond physical health, they provided essential emotional and spiritual support to individuals mourning the millions of lives lost. By mobilizing resources and volunteers, faith-based groups also helped provide basic necessities to vulnerable populations during lockdowns.",eng,machine,gemma-4-31b-it,Umphakathi wezenkolo ubaluleke kakhulu ekulweni  neCOVID-19
"World Social Work Day, observed on March 12th, serves as a wonderful opportunity to honor the unwavering dedication of our local social workers. We extend our deepest gratitude to these selfless professionals for their tireless efforts and hard work in supporting the most vulnerable members of our community. Through their commitment, they provide essential aid and hope to countless families in need. Today, we celebrate their resilience and the vital role they play in building a more compassionate society for all.",eng,machine,gemma-4-31b-it,Sibonga abahlengikazi bethu
Usuku Lomhlaba Lwabahlengikazi ugubha mhla ziyi-12 kuNhlaba. Lolu lusuku luyithuba elihle lokubonga abahlengikazi ngokuzikhandla kwabo ekunakekeleni nokusiza abantu bakithi. Sibonga ukuzinikela kwabo nokubekezela kwabo ekunikezeni usizo lwezempilo olubalulekile emiphakathini yethu. Umsebenzi wabo ubaluleke kakhulu ekwakheni isizwe esiphilile.,zul,machine,gemma-4-31b-it,Sibonga abahlengikazi bethu
"World Social Work Day, observed on the 12th, serves as a special occasion to honor and appreciate the dedication of social workers. It is a time to recognize their tireless efforts and hard work in supporting and helping members of the community. Their commitment ensures that those in need receive essential guidance and care to improve their lives. This day highlights the vital role they play in fostering social welfare and community well-being.",eng,machine,gemma-4-31b-it,Sibonga abahlengikazi bethu
"Usuku Lomhlaba Lwabahlengikazi, oluzoba mhla ziyi-12 kuNhlaba, luyithuba elihle kakhulu lokuthi sibungaze abahlengikazi ngokusebenza ngokuzikhandla ukusiza abanye abantu bakithi. Laba bongcweti badlala indima ebalulekile ekuxazululeni izinkinga zomphakathi nokusekela abantu abasidingayo. Siyabonga kakhulu ngokuzinikela kwenu nangothando enilukhombisa ekukhonzeni isizwe.",zul,machine,gemma-4-31b-it,Sibonga abahlengikazi bethu
"World Social Work Day, observed on the 12th, serves as a significant occasion to honor the dedication of social workers. These professionals are recognized for their tireless efforts and hard work in supporting vulnerable members of the community. The day highlights the vital role they play in improving the lives of others through their commitment and specialized service.",eng,machine,gemma-4-31b-it,Sibonga abahlengikazi bethu
"Usuku Lomhlaba Lwabahlengikazi luyithuba elibalulekile lokubonga laba bantu abazidela ukusiza imiphakathi yethu. Abahlengikazi basebenza kanzima ukuxazulula izinkinga zomphakathi nokuletha ithemba kulabo abasedingeni. Ngoba baqeqeshelwe ukusebenzisana nabantu, basiza ekulungiseni imindeni nokuvikela amalungelo ababuthakathaka. Sithi siyabonga kakhulu ngothando nokuzikhandla kwenu ekuthuthukiseni izimpilo zabantu.",zul,machine,gemma-4-31b-it,Sibonga abahlengikazi bethu
"World Social Work Day, celebrated on the 12th, provides a wonderful opportunity to honor the dedicated social workers in our communities. These professionals work tirelessly to support vulnerable individuals and improve the lives of others through their expertise and compassion. By recognizing their hard work, we acknowledge the vital role they play in promoting social justice and well-being for all. We are deeply grateful for their unwavering commitment to helping those in need.",eng,machine,gemma-4-31b-it,Sibonga abahlengikazi bethu
"Ichweba laseThekwini libonakala liqhubeka nokuvula iminyango eminingi yezomnotho eNingizimu Afrika. Lokhu kuvelele emva kokuxoxisana nabaphathi abakhulu bakwaTransnet, okugcine ngokuvakashelwa kwezibuko ogwini lolwandle ngesikebhe esisetshenziselwa ukuthutha impahla. Ukuthuthukiswa kwale ndawo kuzovula amathuba amaningi emisebenzi, kanti kuzoqinisekisa ukuthi izwe lethu lihlala lixhumene nomhlaba wonke ngokusebenza kahle kwezothutho. Lolu hambo luqinisekisa ukuthi iThekwini liseyisikhungo esibalulekile ekuthuthukiseni ikusasa lezoqoqo zezomnotho ezizovuselela izwe.",zul,machine,gemma-4-31b-it,Ichweba laseThekwini lisungulela iNingizimu Afrika inqwaba yamathuba
"The Durban hub is unlocking a vast array of economic opportunities for South Africa, strengthening the nation's position as a critical gateway for global trade. Following high-level consultations with Transnet executives, a guided tour of the port provided firsthand insight into the complex logistics of moving cargo from arrival to destination. This strategic infrastructure continues to serve as a primary engine for national growth and industrial development.",eng,machine,gemma-4-31b-it,Ichweba laseThekwini lisungulela iNingizimu Afrika inqwaba yamathuba
"Ichweba laseThekwini lidlala indima ebalulekile ekuthuthukiseni umnotho, livula amathuba amaningi okuhweba eNingizimu Afrika. Lokhu kuvelele emva kokuxoxisana nabaphathi bakwaTransnet nokuvakashela ogwini lolwandle ukuze kubonwe ukuhamba kwemikhu mbi ngesikebhe. Le nsika yezokuthutha ibaluleke kakhulu ekuxhumaniseni izwe lethu nomhlaba wonke, okuletha intuthuko enkulu.",zul,machine,gemma-4-31b-it,Ichweba laseThekwini lisungulela iNingizimu Afrika inqwaba yamathuba
"The Durban hub is creating numerous opportunities for South Africa to enhance its economic growth and logistics capabilities. This development follows strategic discussions with senior executives from Transnet regarding port operations. To better understand these processes, a boat tour of the harbor was conducted to observe how cargo is efficiently moved from the point of entry to its final destination.",eng,machine,gemma-4-31b-it,Ichweba laseThekwini lisungulela iNingizimu Afrika inqwaba yamathuba
"Ichweba laseThekwini lisungulela iNingizimu Afrika inqwaba yamathuba emva kokuba kube nokuxoxisana phakathi kwabaphathi abakhulu benkampani yakwaTransnet. Kulolu hlelo, kube nokuvakashelwa kwezibuko ogwini lolwandle kusetshenziswa isikebhe sokuthutha. Lesi sikebhe sivame ukusetshenziswa ekuholeni imikhu mbi kusuka lapho ingena khona kuya lapho ithulwa khona.",zul,machine,gemma-4-31b-it,Ichweba laseThekwini lisungulela iNingizimu Afrika inqwaba yamathuba
"The Durban hub is set to create numerous opportunities for South Africa following high-level discussions with Transnet executives. As part of the engagement, a tour of the port was conducted via a cargo vessel to observe the logistical processes of transporting goods from arrival to offloading. This initiative underscores the strategic importance of the port in driving national economic growth.",eng,machine,gemma-4-31b-it,Ichweba laseThekwini lisungulela iNingizimu Afrika inqwaba yamathuba
"Ichweba laseThekwini lidlala indima ebalulekile ekuthuthukiseni ezohwebo nezokuthutha eNingizimu Afrika. Ngokusebenzisana naba phathi bakwaTransnet, kuthuthukiswa izindlela zokuhola imikhu mbi ngesikebhe ukuze imikhiqizo ifike ngokushesha emakethe. Lokhu kuvula amathuba amaningi emisebenzi nokukhulisa umnotho wezwe ngokudala izindlela ezintsha zokuhweba namazwe angaphandle. Ngakho-ke, leli chweba libalulekile ekwenzeni iNingizimu Afrika ibe yindawo eziqhamukayo kwezohwebo zasemhlabeni.",zul,machine,gemma-4-31b-it,Ichweba laseThekwini lisungulela iNingizimu Afrika inqwaba yamathuba
"The Port of Durban serves as a critical gateway that creates numerous economic opportunities for South Africa. Managed by Transnet, this hub facilitates the efficient movement of cargo from international vessels to their final destinations. By streamlining these logistics, the port supports global trade and strengthens the national economy.",eng,machine,gemma-4-31b-it,Ichweba laseThekwini lisungulela iNingizimu Afrika inqwaba yamathuba
"Imithombo yezindaba enamandla namuhla ibaluleke kakhulu kunakuqala ekugcineni iqiniso livulekile. Sesihambe ibanga elide kakhulu sisuka ezinsukwini lapho imibhikisho yomphakathi yayiholela ekumisenweni kwezindaba, nokubika okubucayi kwakubeka intatheli engcupheni yokuboshwa noma ukuvalwa kwezinkampani zabo. Ngakho-ke, ukukhulisa amandla ezindaba kuyisihlangu sethu sokulwa nokucindezela, kuqinisekiswe ukuthi inkululeko yobuhandle bezindaba ihlala ivikelekile.",zul,machine,gemma-4-31b-it,Imithombo yabezindaba enamandla ibaluleke kakhulu kunakuqala
"Robust and independent news sources are more critical today than ever before. We have come a long way from the era when community protests were met with censorship and critical reporting risked immediate arrest or the closure of media houses. Yet, as the information landscape shifts, the demand for courageous, truthful journalism remains the bedrock of a free society. Protecting the power of the press is no longer just a struggle for survival, but a necessity for democratic accountability.",eng,machine,gemma-4-31b-it,Imithombo yabezindaba enamandla ibaluleke kakhulu kunakuqala
"Imithombo yezindaba enamandla ibaluleke kakhulu kunakuqala ukuze kuxiswe ukuqonda nokwazi empilweni yomphakathi. Esikhathini esidlule, abezindaba babebhekana nokucindezelwa nokuboshwa ngenxa yokubika izindaba ezibucayi neziqiniso. Namuhla, le mithombo isiza ekulweni nokuthula kwamaqiniso nokuvikela inkululeko yokukhuluma. Lokhu kuqinisekisa ukuthi abantu bathola ulwazi oluqotho olungakashintshwa.",zul,machine,gemma-4-31b-it,Imithombo yabezindaba enamandla ibaluleke kakhulu kunakuqala
"Powerful and independent news sources are more essential now than ever before. This necessity is highlighted by a history where journalists faced severe risks, including imprisonment and censorship, for reporting on critical societal issues. While the media landscape has evolved since those repressive times, the need for reliable and courageous journalism remains vital for public transparency.",eng,machine,gemma-4-31b-it,Imithombo yabezindaba enamandla ibaluleke kakhulu kunakuqala
"Imithombo yabezindaba enamandla isibaluleke kakhulu kunakuqala kulezi zinsuku. Sesihambe ibanga elide sisuka ezinsukwini lapho imibhikisho yomphakathi yayidonsa imiyalelo yokumiswa kokubika, kanti nokubika okubucayi kwakubeka izintatheli engcupheni yokuboshwa noma ukuvalwa kwezinkampani zazo. Lokhu kugcizelela ukuthi ukukhululeka kwezindaba kuyisisekelo esibalulekile ekutholeni iqiniso nokugcina inkululeko emphakathini.",zul,machine,gemma-4-31b-it,Imithombo yabezindaba enamandla ibaluleke kakhulu kunakuqala
"Strong and reliable news sources are now more critical than ever before. The media landscape has progressed significantly from an era when community protests often resulted in immediate stop orders. In the past, journalists frequently faced the risk of arrest or the forced closure of their publications for critical reporting. This evolution underscores the vital role of an independent press in maintaining transparency and public accountability.",eng,machine,gemma-4-31b-it,Imithombo yabezindaba enamandla ibaluleke kakhulu kunakuqala
"Sesihambe ibanga elide kakhulu kusuka ezinsukwini lapho ukubika kwakubhekana nezivimelo nokuboshwa kwezintatheli. Namuhla, ngenxa yokusabalala okushesha kolwazi, imithombo yezindaba ethembekile enamandla ibaluleke kakhulu ekuhlungweni kwamaqiniso. Lokhu kusiza ekunqandeni ukubhebhetheka kwezindaba ezingelona iqiniso ezingadala isiphithiphithi emphakathini. Ngakho-ke, ukuba nemithombo yezindaba ezinobungcweti nobuqotho kuyisisekelo sokuvikelwa kwentuthuko nokuhleleka kwentando yobuhuru.",zul,machine,gemma-4-31b-it,Imithombo yabezindaba enamandla ibaluleke kakhulu kunakuqala
"Powerful and independent news sources are more critical today than ever before. We have moved away from an era where public protests were met with shutdowns and journalists risked imprisonment for reporting the truth. Reliable journalism now serves as a vital safeguard for democracy by holding those in power accountable. By providing factual information, strong media outlets ensure that citizens remain informed and protected from censorship.",eng,machine,gemma-4-31b-it,Imithombo yabezindaba enamandla ibaluleke kakhulu kunakuqala
"Ubhema bugaba kakhulu futhi bungaqeda impilo yomuntu ngokushesha, okwenza ukuthi kube kubalulekile ukuqonda imiphumela yalo emibi. UKatlego Makhanda, ovela eMoiletswane eNyakatho Ntshonalanga, ufike waba ngofakazi bokuthi kunzima kakhulu ukuyeka ukubhema ngenxa yokulungela komzimba. Ngemuva kokulwa nesikhathi eside, uMakhanda ukwazile ukuyeka lona lo mkhubo eminyakeni emine eyedlule, okumlethe ekutheni aphile impilo engcono. Indaba yakhe isikhombisa ukuthi nakuba indlela ibukeka inzima, ukuyeka ugwayi kuyisinqumo esisindisa impilo.",zul,machine,gemma-4-31b-it,mlutha wogwayi:  Impilo yakho ingashabalala
"Katlego Makhanda from Moiletswane, Nyakatho Ntshonalanga, understands all too well the devastating toll smoking takes on one's health. Having quit the habit four years ago, he speaks candidly about the grueling struggle involved in breaking such a powerful addiction. His experience serves as a sobering reminder that while the road to recovery is difficult, continuing to smoke can cause a person's life to slip away.",eng,machine,gemma-4-31b-it,mlutha wogwayi:  Impilo yakho ingashabalala
Ukubhema ugwayi kuyingozi kakhulu futhi kungashabalalisa impilo yomuntu ngokuphelele. Isibonelo sikaKatlego Makhanda sikhombisa ukuthi kunzima kangakanani ukuphuma kulo lolu lulutho olubamba umzimba nengqondo. Kubalulekile ukuthi abantu baqaphele imiphumela emibi yogwayi ukuze bavikele impilo yabo. Ukuyeka ukubhema kunikeza ithemba lokuphila impilo engcono futhi enempilo.,zul,machine,gemma-4-31b-it,mlutha wogwayi:  Impilo yakho ingashabalala
"This topic examines the devastating impact of smoking and how it can destroy a person's health and life. It features the personal account of Katlego Makhanda from Moiletswane, who shares his struggle with nicotine addiction. By reflecting on his journey to quit smoking four years ago, Makhanda highlights both the difficulty of the process and the vital importance of overcoming the habit.",eng,machine,gemma-4-31b-it,mlutha wogwayi:  Impilo yakho ingashabalala
"UKatlego Makhanda, odabuka endaweni yase-Moiletswane eNyakatho Ntshonalanga, uxoxela abantu ubunzima obukhulu bokuyeka ukubhema ugwayi. UMakhanda ugcizelela ukuthi lolu hlobo lwesimilo lungashabalalisa impilo yomuntu ngokuphelele. Nakuba kunzima, ukwazile ukunqoba lo mlutha eminyakeni emine eyedlule ukuze avikele impilo yakhe.",zul,machine,gemma-4-31b-it,mlutha wogwayi:  Impilo yakho ingashabalala
"Katlego Makhanda, a resident of Moiletswane in Nyakatho Ntshonalanga, is sharing his personal struggle with nicotine addiction to warn others about the dangers of smoking. He speaks candidly about the significant difficulties he faced while trying to quit the habit. Having successfully stopped smoking four years ago, Makhanda now emphasizes the resilience required to reclaim one's health.",eng,machine,gemma-4-31b-it,mlutha wogwayi:  Impilo yakho ingashabalala
"Ukubhema ugwayi kuyingozi kakhulu ngoba kulimaza amaphaphu nenhliziyo, okungaholela ekutheni impilo yakho ishabalale. Njengoba ubonakala endabeni ka-UKatlego Makhanda, ukuyeka ukubhema kunzima ngenxa yokuncandela kodwa kuyinto ebalulekile ukuze uvuse impilo yakho. Kubalulekile ukuthi abantu bayeke lolu mlutha ukuze bagwembe izifo ezibulalayo ezingavela ngenxa yalo. Ngakho-ke, funa usizo namuhla ukuze uvikele ikusasa lakho nempilo yakho.",zul,machine,gemma-4-31b-it,mlutha wogwayi:  Impilo yakho ingashabalala
"Smoking cigarettes poses severe risks to your health and can lead to life-threatening diseases. As seen in the experience of individuals like UKatlego Makhanda, overcoming nicotine addiction is often a difficult and challenging journey. However, choosing to quit is a vital step toward reclaiming your health and ensuring a longer, healthier life. By staying determined, it is possible to break free from the cycle of smoking and protect your future.",eng,machine,gemma-4-31b-it,mlutha wogwayi:  Impilo yakho ingashabalala
"I-Israeli ne-Palestine zigqugquzelwa ukuba zibukele iNingizimu Afrika njengesibonelo sokuthola uxolo nokuthula. Isimo esibuhlungu esikhona manje siqinisekisa ukuthi izingxabano ezinzima azingapheli ngempi, kodwa zixazululwa kuphela ngokuxoxisana ngokuthula. INingizimu Afrika iveze emhlabeni wonke ukuthi ukubuyisana kungenzeka ngisho nangemva kokungqubuzana okungaka nokucindezelwa kwabantu. Ngakho-ke, kubalulekile ukuba lezi zizwe zikhethe indlela yoxolo ukuze kuqinisekiswe ikusasa elingcono nezizukulwane eziphephile.",zul,machine,gemma-4-31b-it,I-Israeli ne-Palestine banxuswa ukuthi bafane neNingizimu Afrika ngokufuna ukuthula
"Israel and Palestine are being urged to emulate South Africa's journey toward peace as a blueprint for resolving their own long-standing conflict. The ongoing turmoil in the region underscores a fundamental lesson learned by South Africans: that even the most entrenched divisions can be bridged. Ultimately, the path to stability lies in peaceful dialogue and a shared commitment to negotiation over violence.",eng,machine,gemma-4-31b-it,I-Israeli ne-Palestine banxuswa ukuthi bafane neNingizimu Afrika ngokufuna ukuthula
"I-Israeli ne-Palestine zinxuswa ukuthi zidinge indlela yokuthula ukuze zigcine impi nezinhlekelele. Kunikezwa isibonelo saseNingizimu Afrika, eyisizwe esiphumelele ekuxazululeni izingxabano ezinzima ngokuhlangana nokuxoxa. Lokhu kukhombisa ukuthi ukuxoxisana ngokuthula kuyindlela eyodwa efanele yokuthola isisombululo esihlala isikhathi eside. Kubalulekile ukuthi lezi zizwe zibambisane ukuze kulethe ukuthula okuqinisile kubo bonke abantu.",zul,machine,gemma-4-31b-it,I-Israeli ne-Palestine banxuswa ukuthi bafane neNingizimu Afrika ngokufuna ukuthula
"Israel and Palestine are being encouraged to emulate South Africa's example in their pursuit of lasting peace. The current conflict highlights the belief that even the most deep-rooted and complex disputes can be resolved. By prioritizing peaceful dialogue and negotiation, both parties are urged to find a sustainable solution to their differences.",eng,machine,gemma-4-31b-it,I-Israeli ne-Palestine banxuswa ukuthi bafane neNingizimu Afrika ngokufuna ukuthula
"Isimo seqhuba lwezimpi phakathi kwe-Israeli ne-Palestine sibangele ukuthi kubizwe ukuthi bafane neNingizimu Afrika ekufuneni ukuthula. Umlando weNingizimu Afrika uqinisekisa ukuthi izingxabano ezinzima zingaxazululwa kuphela ngokuxoxisana ngokuthula. Ngakho-ke, kukhuthazwa ukuba lezi zinhlangano zombili ziyeke udlame, zibhekise ekuxoxisaneni ukuze kutholakale isixazululo esihlala njalo. Lokhu kuzosiza ekutheni kube nokuthula nokuzinza okungcono kuleyo ndawo.",zul,machine,gemma-4-31b-it,I-Israeli ne-Palestine banxuswa ukuthi bafane neNingizimu Afrika ngokufuna ukuthula
Israel and Palestine are being urged to follow South Africa's example in their pursuit of lasting peace. The ongoing conflict in the region underscores the belief that even the most deep-seated disputes can be resolved through diplomatic means. South Africa's history serves as a testament to the power of peaceful dialogue in overcoming systemic strife.,eng,machine,gemma-4-31b-it,I-Israeli ne-Palestine banxuswa ukuthi bafane neNingizimu Afrika ngokufuna ukuthula
"I-Israeli ne-Palestine zingabuka iNingizimu Afrika njengesibonelo sendlela yokuphelisa izingxabano ezinde. INingizimu Afrika ibonise ukuthi ngisho nokuhlukana okujulile kungalashwa ngokuxoxisana nangokubuyisana. Lokhu kusifundisa ukuthi ukuthula kungenzeka lapho zonke izinhlangothi zikhetha ukuxoxisana kunodlame. Ngokulandela le ndlela, kuzotholakala ukuzinza okuqhubekayo ezizukulwaneni ezizayo.",zul,machine,gemma-4-31b-it,I-Israeli ne-Palestine banxuswa ukuthi bafane neNingizimu Afrika ngokufuna ukuthula
"Israel and Palestine are encouraged to look toward South Africa's history as a model for achieving peace. South Africa's experience demonstrates that even the most deeply rooted conflicts can be resolved through dialogue and negotiation. This historical example serves as a reminder that peaceful communication is the only sustainable path toward long-term stability. By adopting similar strategies, these regions may find a way to end their long-standing disputes.",eng,machine,gemma-4-31b-it,I-Israeli ne-Palestine banxuswa ukuthi bafane neNingizimu Afrika ngokufuna ukuthula
"Ezinyeni ezisanda kudlula, isihluku nemiphumela emibi yobubhoklolo obenziwa nge-inthanethi kubantwana sekuvezwe obala. Esigamekweni sakamuva, kumelele umfundi wesikole owaba yimlutha yabalobi abasebenzisa izinkundla zokuxhumana ukuze bakhohlise abancane. Ngakho-ke, kubalulekile ukuba abazali nabagadi baqaphele imisebenzi yabantwana abo ku-inthanethi ukuze kuvikelwe okufana nalokhu. Ukuhlala kuphaphama kuyindlela ephumelelayo yokuvikela intsha yethu ezingozini ezifihlwe emhlabeni wedijithali.",zul,machine,gemma-4-31b-it,Vikela abantwana kububhoklolo obenziwa nge-inthanethi
"The alarming rise of online grooming and its devastating effects on children have come to the forefront in recent years. Recent reports involving students highlight the severe risks and vulnerabilities young people face in digital spaces. Consequently, there is an urgent need for increased vigilance and education to safeguard children from predatory behavior online.",eng,machine,gemma-4-31b-it,Vikela abantwana kububhoklolo obenziwa nge-inthanethi
"Ububhoklolo obenziwa nge-inthanethi buyingozi enkulu ebhekene nabantwana, okusevele obala kakhulu ezinyangeni ezisanda kudlula. Lolu daba lulethe imiphumela emibi kakhulu, lapho abafundi nabantwana abasha beba izihluthulelo zalokhu kuhlushwa. Kubalulekile ukuthi abazali nabagadi baqaphele kabanzi ukusetshenziswa kwe-inthanethi ukuze bavikele abantwana kulezi zenzo. Ukufundisa nokuvusa ukuqwashisa kuyindlela ephambili yokunqanda lobu bubhoklolo.",zul,machine,gemma-4-31b-it,Vikela abantwana kububhoklolo obenziwa nge-inthanethi
"Online grooming and exploitation of children have become critical issues, with their devastating effects becoming more apparent in recent years. There is an urgent need to implement stronger measures to protect children from these digital dangers. By increasing awareness of the cruelty and impact of such crimes, society can better safeguard vulnerable youth from online predators.",eng,machine,gemma-4-31b-it,Vikela abantwana kububhoklolo obenziwa nge-inthanethi
"Kukhona ukukhathazeka okukhulayo mayelana nobungozi bobubhoklolo obenziwa nge-inthanethi obuhlasela abantwana. Isihluku kanye nemiphumela emibi yalesi senzo sebuqili sekuvezwe obala ezinyangeni ezisanda kudlula. Esigamekweni sakamuva, kufunyenwe ukuthi nomfundi wesikole ubengumunye walabo abakhonjwe yilezi zigebengu, okugqamisa ubungozi obubhekene nentsha. Ngakho-ke, abazali nabagadi bakhuthazwa ukuba baqaphele kabanzi ukusebenzisa kwezingane ezinkundleni zokuxhumana ukuze bavikeleke kulobu bhubhoklolo.",zul,machine,gemma-4-31b-it,Vikela abantwana kububhoklolo obenziwa nge-inthanethi
"Recent reports have highlighted the growing cruelty and devastating effects of online grooming on children. These revelations have sparked urgent calls to protect minors from predators operating through digital platforms. A recent case involving a student has further illustrated how easily children can be targeted and exploited online. Consequently, authorities are urging parents to maintain strict vigilance over their children's internet usage.",eng,machine,gemma-4-31b-it,Vikela abantwana kububhoklolo obenziwa nge-inthanethi
"Kubalulekile ukuba abazali nabagadi baqaphele kabanzi ukuthi abantwana benza kimi lapho besebenzisa inthanethi ukuze bavikeleke ekububhoklolo. Kufanele kube nokuxhumana okukhulu nokuthembana phakathi kwabazali nabantwana mayelana nezingozi ezitholakala ezinkundleni zokuxhumana. Ngaphezu kwalokho, abazali kumele bazi ukuthi abantwana babakhuluma nobani ukuze kuvikelwe ukukhohliswa ngabantu abangaziwa. Uma ubona ushintsho olungajwayelekile ekuziphatheni komntwana, kubalulekile ukuthola usizo olufanele ngokushesha.",zul,machine,gemma-4-31b-it,Vikela abantwana kububhoklolo obenziwa nge-inthanethi
"The long-held dreams of the Tafelkop community have finally been realized following the handover of title deeds to 30 local farmers. President Cyril Ramaphosa presided over the ceremony, marking a significant milestone in land security and economic empowerment for the area. The land was provided by the Department of Public Works and Infrastructure to ensure that these farmers can sustainably develop their agricultural projects.",eng,machine,gemma-4-31b-it,AKufezeke amaphupho emphakathini wase-Tafelkop
Amaphupho omphakathi wase-Tafelkop asefezekile emva kokuba abalimi abangama-30 bamukela amatayitela obunikazi omhlaba wabo. Lawa matayitela anikezwe abalimi uMongameli uCyril Ramaphosa. Lo mhlaba unikezwe UMnyango Wezemisebenzi Kahulumeni kanye neNgqalasizinda ngenhloso yokukhuthaza ukusebenza kwezolimo. Lolu hlelo luhlose ukunikeza laba balimi amandla okuzimela nokuthuthukisa umphakathi wabo.,zul,machine,gemma-4-31b-it,AKufezeke amaphupho emphakathini wase-Tafelkop
Thirty farmers from the Tafelkop community have had their dreams realized after receiving official land title deeds. These titles were handed over by President Cyril Ramaphosa following a land allocation by the Department of Public Works and Infrastructure. This initiative aims to empower the local community by providing legal ownership of their farming land.,eng,machine,gemma-4-31b-it,AKufezeke amaphupho emphakathini wase-Tafelkop
President Cyril Ramaphosa has handed over land title deeds to 30 farmers from the Tafelkop community. The land was provided by the Department of Public Works and Infrastructure to support local agricultural development. This initiative marks a significant milestone in realizing the long-held dreams and aspirations of the community.,eng,machine,gemma-4-31b-it,AKufezeke amaphupho emphakathini wase-Tafelkop
"Umphakathi wase-Tafelkop uphumelele ekufezekiseni amaphupho wawo lapho abalimi abangama-30 bamukela amatayitela obunikazi omhlaba wabo. Lawa matayitela anikezelwe nguMongameli uCyril Ramaphosa, emele UMnyango Wezemisebenzi Kahulumeni neNgqalasizinda. Inhloso yalo mhlaba wukusiza abalimi ukuba babe namandla okuziphilisa nokuthuthukisa ezolimo endaweni. Lokhu kunikeza ithemba elisha lokuthuthuka kwezomnotho emphakathini wase-Tafelkop.",zul,machine,gemma-4-31b-it,AKufezeke amaphupho emphakathini wase-Tafelkop
"The community of Tafelkop has seen its dreams realized through a significant land ownership initiative. President Cyril Ramaphosa handed over title deeds to 30 local farmers, granting them formal ownership of their land. This process was facilitated by the Department of Public Works and Infrastructure to promote sustainable agricultural development. By securing these deeds, the farmers are now empowered to invest in their land and enhance food security within their region.",eng,machine,gemma-4-31b-it,AKufezeke amaphupho emphakathini wase-Tafelkop
"South Africa remains steadfast in its pursuit of the transformative vision enshrined in its Constitution. By transitioning into a republic where sovereign power is vested in the people and their elected representatives, the nation has fundamentally rewritten its political landscape. This enduring commitment seeks to ensure that the promises of equality, justice, and democratic governance are fully realized for all citizens.",eng,machine,gemma-4-31b-it,Ningizimu Afrika iphokophelele ukufeza umbono woMthethosisekelo
Ningizimu Afrika isebenza kanzima ukuze ifezize umbono obhalwe eMthethosisekelweni wayo. Lokhu kuhambisana nokwakha iriphabhuli lapho amandla ephethwe ngabantu kanye nabamele bona abakhethiwe. Lokhu kuwushintsho olukhulu kunesikhathi sasendulo lapho amandla ayengaphathwa ngabantu abambalwa. Inhloso wukuqinisekisa ukuthi ubulungiswa nodemokrasi kufike kubo bonke abazakithi.,zul,machine,gemma-4-31b-it,Ningizimu Afrika iphokophelele ukufeza umbono woMthethosisekelo
"South Africa continues to strive toward fulfilling the democratic vision outlined in its Constitution. The goal is to maintain a republic where sovereign power is held by the citizens and their elected representatives. This transition represents a critical departure from the country's past, during which these democratic principles were not upheld.",eng,machine,gemma-4-31b-it,Ningizimu Afrika iphokophelele ukufeza umbono woMthethosisekelo
"INingizimu Afrika isaqhubeka nokuzikhandla ukuze ifeze yonke imibono ebekwe phansi nguMthethosisekelo wayo. Nakuba iriphabhuli ichazwa njengombuso lapho amandla amakhulu ephethwe ngabantu kanye nalabo abakhethiwe, kwakungekho lapho iNingizimu Afrika ibe kulo ngaphambilini. Ngakho-ke, uMthethosisekelo wamanje usebenza njengesisekelo sokwakha isizwe esilungile lapho wonke umuntu ethola amalungelo ayo ngokulinganayo.",zul,machine,gemma-4-31b-it,Ningizimu Afrika iphokophelele ukufeza umbono woMthethosisekelo
"South Africa continues to strive toward fully realizing the vision outlined in its Constitution. While a republic is defined as a government where power is held by the people and their elected representatives, this was not the reality for the nation during its past. Today, the country remains committed to upholding these democratic principles to ensure genuine representation and accountability for all citizens.",eng,machine,gemma-4-31b-it,Ningizimu Afrika iphokophelele ukufeza umbono woMthethosisekelo
"INingizimu Afrika isebenza kanzima ukuqinisekisa ukuthi imibono nezithembiso zoMthethosisekelo zifezekiswa kubo bonke abantu. Lo mbono ugxile ekutholeni ubulungiswa, ukulingana, kanye nokuhlonipha amalungelo ayo wonke amuntu ngaphandle kokukhetha. Ngokusebenzisa ubudemokrasi, abantu manje banamandla okukhetha abaholi abazovikela lezi zidingo nezilungelo zabo. Ukufikelela kulolu hlose ludinga ukubambisana kuka hulumeni nomphakathi ukuze kwakhiwe isizwe esihloniphana nesilingana.",zul,machine,gemma-4-31b-it,Ningizimu Afrika iphokophelele ukufeza umbono woMthethosisekelo
"South Africa continuously strives to realize the vision outlined in its Constitution, which emphasizes democracy, equality, and human rights. While the country was not historically a republic where power rested with the people, the democratic transition aimed to rectify these systemic injustices. By upholding constitutional values, the nation seeks to ensure that power is exercised by elected representatives for the benefit of all citizens. This ongoing process is essential for building a just, inclusive, and representative society.",eng,machine,gemma-4-31b-it,Ningizimu Afrika iphokophelele ukufeza umbono woMthethosisekelo
"Ngalesi sikhathi sasebusika, kukhula ubungozi bokuba nemililo ngenxa yokusebenzisa izinto zokufudumala. UDokotela u-Gary Dos Passos uxwayisa ngokuthi ukusha kuba mandla kakhulu ngalezi zinsuku, okwenza kube kubalulekile ukuba kuthathwe izinyathelo zokuphepha. Kubizwa abazali nabanakekeli ukuba bacophelisise kakhulu ukuqinisekisa ukuphepha kwabo nokwezingane zabo emakhaya. Masibambisane sonke ekugwemeni ukusha kuleli busika ukuze kuvikelwe izimpilo zethu.",zul,machine,gemma-4-31b-it,Gwema ukusha kulobu busika
"With the arrival of winter, authorities are urging the public to take extra precautions to prevent devastating fires. Dr. Gary Dos Passos warns that fire risks intensify during the colder months, posing a significant threat to households. He stresses that parents and caregivers must remain particularly vigilant to ensure the safety of both themselves and their children.",eng,machine,gemma-4-31b-it,Gwema ukusha kulobu busika
"Ukusha kuba mandla kakhulu ngesikhathi sasebusika, okwenza kube khona ingozi enkulu emakhaya. Ngakho-ke, uDokotela u-Gary Dos Passos ugcizelela ukuthi abazali nabanakekeli kumele baqaphele kakhulu. Lokhu kubalulekile ukuze kuqinisekiswe ukuphepha kwabo kanye nezingane zabo. Ukuhlala uqaphile kuyasiza ekugwemeni izinhlekelele zokusha kulesi sikhathi somnyaka.",zul,machine,gemma-4-31b-it,Gwema ukusha kulobu busika
"The risk of severe fires increases significantly during the winter season. Dr. Gary Dos Passos advises parents and caregivers to be extra vigilant to prevent potential accidents. By taking careful precautions, they can ensure the safety of both themselves and their children.",eng,machine,gemma-4-31b-it,Gwema ukusha kulobu busika
Abantu baxwayiswe ngokwenyukela kwezingozi zokusha kulesi sikhathi sasebusika. UDokotela u-Gary Dos Passos uchaza ukuthi ukusha kuba mandla kakhulu ngesikhathi sasebusika. Ugcizelela ukuthi abazali nabanakekeli kudingeka ukuthi bacophelisise ukuze baqinisekise ukuphepha kwabo nokwezingane zabo.,zul,machine,gemma-4-31b-it,Gwema ukusha kulobu busika
"Dr. Gary Dos Passos has urged parents and caregivers to be extra vigilant regarding fire safety during the winter season. He warned that fires tend to be more severe during this time of year, posing a significant risk to households. According to Dr. Dos Passos, increased caution is essential to ensure the safety of both adults and children.",eng,machine,gemma-4-31b-it,Gwema ukusha kulobu busika
"Ngalesi sikhathi sasebusika, ubungozi bokusha buyanda kakhulu emakhaya. Kubalulekile ukuthi abazali nabanakekeli baqaphele kakhulu izinto ezishisayo ukuze kuvikelwe ukulimala. Qiniseka ukuthi izingane zihlala kude nomlilo nanoma yiziphi izinto ezingashisa. Ngokukhetha indlela ephephile yokufudumeza, singavikela imindeni yethu ekusheni okungashayiwe.",zul,machine,gemma-4-31b-it,Gwema ukusha kulobu busika
"Fire risks increase significantly during the winter season, making it crucial to take extra precautions. According to Dr. Gary Dos Passos, parents and caregivers must remain vigilant to ensure the safety of both themselves and their children. By staying alert and practicing fire safety, families can prevent dangerous accidents in their homes. Prioritizing these precautions is essential for protecting loved ones during the colder months.",eng,machine,gemma-4-31b-it,Gwema ukusha kulobu busika
"Intsha iyigugu lethu elikhulu, kodwa umlando wethu uhambe ngezinyembezi nangezinyatheliso zengqala. Ngaleso sikhathi, uhulumeni onesihluku owawungenandaba nezimpilo zabantu abamnyama wathatha izinyathelo zobudlova, wadubula nokubulala abasha ababefuna ubulungiswa. Lokhu kushaya emhlonweni ukuthi izizukulwane zanamuhla zikwazi ukufunda nokukhuluma ngenxa yezimpilo eziningi ezalahleka. Ngakho-ke, kubalulekile ukuthi siyigcine futhi siyikhulise intsha yethu, njengoba yiyo eyikamusa leliwezizwe.",zul,machine,gemma-4-31b-it,Intsha iyigugu lethu
"While we often say that the youth are our most precious treasure, the scars of the past tell a more harrowing story. During those dark days, countless young lives were extinguished by a cruel regime that held Black lives in total contempt. The indiscriminate violence of a state that fired upon its own children remains a haunting reminder of the devastating cost of our freedom.",eng,machine,gemma-4-31b-it,Intsha iyigugu lethu
"Intsha iyigugu elibalulekile elithwala ikusasa lesizwe sethu. Kukhumbuleka ngobuhlungu ukuthi abasha abaningi balahlekelwa izimpilo zabo ngenxa yombuso onesihluku owawungabi nandaba nezimpilo zabantu abamnyama. Lokhu kusifundisa ukuthi inkululeko yanamuhla ithengwe ngegazi lezi zigugu zethu. Ngakho-ke, kufanele sibahloniphe futhi sibaqondise ukuze baqhubeke nokwakha ikusasa elingcono.",zul,machine,gemma-4-31b-it,Intsha iyigugu lethu
"The phrase ""Intsha iyigugu lethu"" emphasizes that the youth are a precious treasure and the future of society. This sentiment stands in stark contrast to a dark historical period where a cruel government showed total disregard for black lives, resulting in the deaths of many young people. By remembering these tragic losses, the topic underscores the critical importance of valuing and protecting the lives of the youth. It serves as a reminder to ensure that such systemic violence is never repeated.",eng,machine,gemma-4-31b-it,Intsha iyigugu lethu
"Intsha iyigugu lethu, kodwa kukhumbuleka usuku olubuhlungu lapho abasha abaningi balahlekelwa khona izimpilo zabo. Labo bashone ngenxa yombuso onesihluku owawungenandaba nezimpilo zabantu abamnyama. Ubuhlungu bakhula kakhulu njengoba uhulumelo lowo bewungabi nandaba nokudubula abantu abasha ngendlela enolaka. Lolu suku luyisikhumbuzo sokubaluleka kokuvikela isizukulwane esizayo.",zul,machine,gemma-4-31b-it,Intsha iyigugu lethu
"The nation remembers the belief that ""youth are our treasure"" by honoring the many young lives lost to state brutality. Over a series of violent days, numerous youths were killed by a cruel government that demonstrated a profound indifference toward Black lives. The regime's willingness to use lethal force against its own citizens remains a solemn reminder of this period of systemic oppression.",eng,machine,gemma-4-31b-it,Intsha iyigugu lethu
"Intsha iyigugu elikhulu nesisekelo sekusasa lethu. Siyabakhumbula abasha abanikele ngezimpilo zabo belwa nobumbuso obunesihluku ukuze thina siphile ngokukhululeka. Ngakho-ke, kubalulekile ukuthi sibahloniphe, sibafundise, futhi sibaxhase abasha banamuhla. Lokhu kuzosiza ekwakheni isizwe esiqinile nesinempumelelo.",zul,machine,gemma-4-31b-it,Intsha iyigugu lethu
"The phrase ""Intsha iyigugu lethu"" reminds us that the youth are a society's most precious treasure. This sentiment becomes deeply poignant when reflecting on historical tragedies where countless young lives were lost to systemic cruelty and state indifference. Their sacrifices underscore the vital importance of protecting young people and upholding their fundamental human rights. By valuing and empowering the youth today, we honor those who fell and ensure a more just future for generations to come.",eng,machine,gemma-4-31b-it,Intsha iyigugu lethu
"Ama-SOE adlala indima ebalulekile ekuthuthukisweni kwezwe lethu. Kubalulekile ukuthi lezi zinhlangano ziphathwe ngendlela ecacile nenempumelelo ukuze kuthuthukiswe ukukhula komnotho. Ngokuletha izinguquko nemibono emisha, zingakwazi ukudala amathuba emisebenzi amaningi entsheni. Kuphela ngokuzibophezela okungaphezulu lapha okuzokwenza lezi zinhlangano zikhonze abantu ngempela ziphinde ziqhubeze isizwe empumelelweni.",zul,machine,gemma-4-31b-it,Ama-SOE kumele aqhubele phambili ukukhula komnotho alethe nezinguquko
"State-owned enterprises (SOEs) must step up their role in driving national economic growth and spearheading essential structural transformations. By enhancing operational efficiency and aligning with strategic goals, these entities can serve as the primary engines for sustainable development. Ultimately, their ability to deliver meaningful change will be pivotal in securing long-term prosperity for the country.",eng,machine,gemma-4-31b-it,Ama-SOE kumele aqhubele phambili ukukhula komnotho alethe nezinguquko
"Ama-SOE anendima ebalulekile ekuthuthukiseni umnotho wezwe ngokuhlinzeka ngezinsiza ezibalulekile. Kumele aqhubele phambili ukukhula komnotho ngokuletha izinguquko ezinhle ekulawulweni nasekuphathelweni kwazo. Lokhu kuzosiza ekudaleni amathuba emisebenzi nasekuqinisekiseni ukuthi imiphakathi ithola izinsiza ezisezingeni eliphezulu. Uma ama-SOE esebenza ngendlela efanele, azoba yinsika eqinile yokuthuthukisa impilo yabantu bonke.",zul,machine,gemma-4-31b-it,Ama-SOE kumele aqhubele phambili ukukhula komnotho alethe nezinguquko
"State-Owned Enterprises (SOEs) must take a leading role in driving national economic growth. It is essential that these entities implement meaningful transformations to improve their operational efficiency and overall impact. Through these efforts, SOEs can foster sustainable development and create broader economic opportunities for the public.",eng,machine,gemma-4-31b-it,Ama-SOE kumele aqhubele phambili ukukhula komnotho alethe nezinguquko
Ama-SOE kumele aqhubele phambili ukukhula komnotho wezwe ngokuletha izinguquko ezisemsizi nezisheshayo. Kubalulekile ukuthi lezi zinkampani zisebenze ngendlela efanele ukuze kuthuthukiswe izinsizakalo ezibonakalayo emphakathini. Uhulumeni ugcizelela ukuthi ukulungiswa kwala ma-SOE kuzovula amathuba amaningi emisebenzi futhi kuqinise isimo sezimali sezwe.,zul,machine,gemma-4-31b-it,Ama-SOE kumele aqhubele phambili ukukhula komnotho alethe nezinguquko
"State-Owned Enterprises (SOEs) are being urged to play a more pivotal role in driving national economic growth. There is a growing call for these entities to implement systemic transformations to improve efficiency and service delivery. By focusing on strategic reforms, SOEs are expected to stimulate investment and foster sustainable development. This shift aims to ensure that state assets contribute more effectively to the overall prosperity of the economy.",eng,machine,gemma-4-31b-it,Ama-SOE kumele aqhubele phambili ukukhula komnotho alethe nezinguquko
"Ama-Enterprise okuhleliwe uhulumeni (Ama-SOE) adlalela indima ebalulekile ekuthuthukiseni umnotho wezwe. Ngokuhlinzeka ngezinsiza ezibalulekile njengezombane namanzi, la mabhizinisi aqhuba ukukhula kwezomkhizana kanye namabhizinisi amancane. Ngaphezu kwalokho, ama-SOE kumele aqinisekise ukuthi kukhona izinguquko ezibambekayo ngokudala amathuba emisebenzi nokulwa nobumpofu emiphakathini. Ukuze lokhu kwenzeke, kubalulekile ukuba abe nokuphathwa okuphumelelayo nokuziphatha ngokuqotho.",zul,machine,gemma-4-31b-it,Ama-SOE kumele aqhubele phambili ukukhula komnotho alethe nezinguquko
"State-Owned Enterprises (SOEs) are government-owned entities designed to provide essential services and stimulate national economic development. By investing in critical infrastructure and ensuring affordable access to resources, these organizations play a pivotal role in driving sustainable economic growth. To maximize their impact, SOEs must undergo structural transformations to improve efficiency, transparency, and governance. Ultimately, well-managed SOEs foster job creation and enhance the overall quality of life for all citizens.",eng,machine,gemma-4-31b-it,Ama-SOE kumele aqhubele phambili ukukhula komnotho alethe nezinguquko
"UMabitsela, ovela endaweni yase-Modimolle e-Limpopo, uhlangabezane nesimo esinzima lapho efuna imali-mboleko ebhange ngoLwezi kowezi-2020, kodwa watshelwa ukuthi usezakweletini ngokwedlulele. Lokhu kudalule ukuthi kukamazisi wakhe kwebiwe, okwenza ukuba abanye basebenzise imininingwane yakhe ukuthatha imali ngaphandle kwemvume yakhe. Le ndaba isixwayisa ngokubaluleka kokugcina imininingwane yethu eyimfihlo iphephile ukuze sigweme ukwebiwa kukamazisi okungabhulala isimo sezimali sethu. Kucelwa ukuba abantu bahlole imibiko yabo yezikweletu njalo ukuze babone noma kukhona okungahambi kahle.",zul,machine,gemma-4-31b-it,Gwema ukwebiwa kukamazisi
"A resident of Modimolle, Limpopo, discovered the devastating reality of identity theft after a loan application was rejected in February 2020. UMabitsela was informed by his bank that he was ineligible for the credit due to excessive existing debt—loans he had never actually taken. This case highlights the critical importance of monitoring personal financial records to prevent and detect fraudulent activity.",eng,machine,gemma-4-31b-it,Gwema ukwebiwa kukamazisi
"UMnu Mabitsela ushaye ukhamba ngemuva kokuthola ukuthi kukhona izikweletu eziningi egama lakhe okungezona yena ozifakela. Lokhu kwenzeka ngenkathi efaka isicelo semali-mboleko ebhange ngoLwezi kowezi-2020, lapho atshelwa khona ukuthi usekweletini kakhulu. Lesi simo sikhombisa ukuthi kukamazisi wakhe kwebiwa kwase kusetshenziswa ukukhohlisa amabhange. Kubalulekile ukugcina imininingwane yakho yobunjalo iphephile ukuze ugweme ukwebiwa kukamazisi.",zul,machine,gemma-4-31b-it,Gwema ukwebiwa kukamazisi
"Mr. Mabitsela from Modimolle, Limpopo, discovered he was a victim of identity theft after a bank rejected his loan application in February 2020. He was informed that he was ineligible for the loan because he already had excessive debts that he had not authorized. This situation highlights the critical importance of protecting personal information to prevent fraudulent financial activities. It serves as a warning for individuals to remain vigilant and regularly monitor their credit records.",eng,machine,gemma-4-31b-it,Gwema ukwebiwa kukamazisi
"UMnu Mabitsela, odabuka endaweni yase-Modimolle e-Limpopo, ubhekane nenkinga yokwebiwa kukamazisi kwakhe. Lokhu kwavezwa ngoLwezi kowezi-2020 lapho efaka isicelo semali-mboleko ebhange. Isicelo sakhe sanqotshwa ngokuthi usungele izikweletu eziningi ngokwedlulele, okwenze ukuthi angabi fanelekile ukuthola lowo mboleko.",zul,machine,gemma-4-31b-it,Gwema ukwebiwa kukamazisi
"A resident of Modimolle in Limpopo, Mr. Mabitsela, discovered he had fallen victim to identity theft after a loan application was denied in February 2020. Upon applying for credit at a bank, he was informed that he was ineligible due to having excessive outstanding debts. The revelation highlighted a case of fraud, as the debts had been accrued by an impostor using his personal information.",eng,machine,gemma-4-31b-it,Gwema ukwebiwa kukamazisi
"Indaba kaMabitsela isikhombisa ukuthi ukwebiwa kukamazisi kuyingozi ngoba izigebengu zingathatha imali-mboleko egameni lakho ngaphandle kwemvume. Ukuze ugweme lokhu, ungabelani ngenombolo yakho yamazisi noma imininingwane yasebhange nabantu ongabazi. Kubalulekile futhi ukuhlola imibiko yakho yesikweletu njalo ukuze uthole masinyane noma yikuphi ukukhishwa kwemali okungahambisani nawe. Ukunakekela imininingwane yakho kuyindlela engcono kakhulu yokuvikela ikusasa lakho lwezezimali.",zul,machine,gemma-4-31b-it,Gwema ukwebiwa kukamazisi
"Identity theft occurs when someone illegally uses your personal information, such as your ID number, to apply for loans or services without your knowledge. As seen in Mr. Mabitsela's case, this can lead to unexpected debts and a damaged credit score, making it difficult to access legitimate financial help. To prevent this, always protect your sensitive documents and avoid sharing personal details with untrusted sources. Regularly checking your credit report can also help you detect unauthorized activity early and take immediate action.",eng,machine,gemma-4-31b-it,Gwema ukwebiwa kukamazisi
"Kubanikazi abaningi bamabhizinisi, ukubona ibhizinisi abalikhulisile kusuka ekuqaleni libhekane nobunzima noma liphoqeleke ukuthi livalwe, kuzwisa ubuhlungu obukhulu. Ngakho-ke, kubalulekile ukuthi kube nezinhlelo zokwesekwa ezingasiza lezi zinkampani ukuthi ziphinde zime ngezinyawo futhi zikhule. Lokhu kusekelo akugcini ngokuvikela imisebenzi yabasebenzi kuphela, kodwa kuqinisekisa nokuthi umnotho womphakathi uqhubeka nokuthuthuka. Ukubambisana phakathi kohulumeni nezinhlangano ezizimele kudingeka ukuze kudaleke amathuba amasha okuthuthukisa amabhizinisi amancane.",zul,machine,gemma-4-31b-it,Ukwesekwa kwamabhizinisi  kanye nabasebenzi
"Kubuhlungu kakhulu kubanikazi bamabhizinisi ukubona imisebenzi abayikhulisile ishona noma iphukule. Ngakho-ke, kubalulekile ukuba kube nokwesekwa okufanele kubanikazi bamabhizinisi kanye nabasebenzi abo ukuze bakhone ukuphokophela phambili. Lokhu kusesekwa kungaba ngokwezimali, ukwelulekwa, noma ukunikezwa amathuba amasha okukhulisa ibhizinisi. Ngale ndlela, kungenzeka ukuthi amabhizinisi avuselelwe futhi kuqinisekiswe ukuthi abantu bagcina imisebenzi yabo.",zul,machine,gemma-4-31b-it,Ukwesekwa kwamabhizinisi  kanye nabasebenzi
"This topic focuses on the importance of providing support to businesses and their employees to ensure long-term sustainability. It acknowledges the profound emotional distress business owners face when enterprises they built from the ground up struggle or are forced to close. By implementing effective support systems, the goal is to help these businesses overcome operational challenges and avoid failure. Ultimately, this assistance serves to protect the livelihoods of both the entrepreneurs and their staff.",eng,machine,gemma-4-31b-it,Ukwesekwa kwamabhizinisi  kanye nabasebenzi
"Many business owners are experiencing significant distress as enterprises they built from the ground up struggle to remain operational. The prospect of permanent closure is causing profound emotional and financial strain for both entrepreneurs and their staff. Consequently, there is a growing call for targeted support systems to help these businesses recover and protect employee livelihoods.",eng,machine,gemma-4-31b-it,Ukwesekwa kwamabhizinisi  kanye nabasebenzi
"Ukwesekwa kwamabhizinisi kusemqoka kakhulu ekuthuthukiseni umnotho kanye nokuvikela amathuba emisebenzi. Kubalulekile ukuthi abanikazi bamabhizinisi bathole izeluleko zezimali nokuqeqeshwa ukuze bakwazi ukumelana nezinselele zomakethe ngaphandle kokuba zaphoqeleka ukuba avale. Ngakolunye uhlangothi, ukusekela abasebenzi ngokubanika imivuzo efanele kanye nokuvikela amalungelo abo kwenza ukuba kube nokuzikhandla nokukhula emsebenzini. Ngale ndlela, amabhizinisi angakhula aqine, kuqiniseke nokuphila kwemindeni eminingi ethembele kuwo.",zul,machine,gemma-4-31b-it,Ukwesekwa kwamabhizinisi  kanye nabasebenzi
"Many business owners experience deep emotional distress when a venture they built from the ground up struggles or faces closure. Providing comprehensive support for both businesses and their employees is essential to navigate these challenging periods and maintain stability. Through strategic financial assistance and professional guidance, enterprises can overcome obstacles and avoid permanent shutdown. Ultimately, a strong support system protects livelihoods and ensures long-term economic resilience.",eng,machine,gemma-4-31b-it,Ukwesekwa kwamabhizinisi  kanye nabasebenzi
"I-SANDF idlala iqhaza elibalulekile ekulweni nesifo se-COVID-19 ezweni lonke. AmaSosha asiza ngokuhlola imiphakathi, ukuxilonga, kanye nokulandela imikhondo yalabo okungenzeka ukuthi basulele kile. Ngaphezu kwalokho, UMbutho Wezempilo Wamasosha aseNingizimu Afrika unikeza usizo olubalulekile ezibhedlela ukuze kuqinisekiswe ukuthi izidingo zezempilo ziyahlangezwa ngempumelelo.",zul,machine,gemma-4-31b-it,I-SANDF ilwisana neCOVID-19
"The South African National Defence Force (SANDF) is playing a pivotal role in the national battle against COVID-19. Through the South African Military Health Service, personnel are conducting community screenings, diagnosis, and rigorous contact tracing to help contain the virus. Additionally, the military is providing vital support within hospitals to strengthen the healthcare system's response. These coordinated efforts underscore the SANDF's commitment to safeguarding public health during the pandemic.",eng,machine,gemma-4-31b-it,I-SANDF ilwisana neCOVID-19
"The South African National Defence Force (SANDF) has taken an active role in combating the COVID-19 pandemic. Through the South African Military Health Service, they provide essential support in community testing, diagnosis, and contact tracing. Additionally, the SANDF assists in hospitals to bolster healthcare capacity and manage patient care.",eng,machine,gemma-4-31b-it,I-SANDF ilwisana neCOVID-19
"I-SANDF iqhubeka nokubamba iqhaza elikhulu ekulweni neCOVID-19 ezweni lonke. Leli butho lisiza ngokuhlola umphakathi, ukuxilonga, kanye nokulandela umkhondo walabo okungenzeka ukuthi basulele kile. Ngaphezu kwalokho, amasosha ayasiza nasezibhedleleni ukuze kunikezwe usizo oludingekayo kubagulayo. Le mikhuba iholelwa uMbutho Wezempilo Wamasosha aseNingizimu Afrika.",zul,machine,gemma-4-31b-it,I-SANDF ilwisana neCOVID-19
"The South African National Defence Force (SANDF) is playing a vital role in the fight against COVID-19. Through the South African Military Health Service, the organization is assisting with community testing, diagnostics, and contact tracing to curb the spread of the virus. Furthermore, military personnel are providing essential support to hospitals to help manage the pandemic's impact.",eng,machine,gemma-4-31b-it,I-SANDF ilwisana neCOVID-19
"Abafundi baseNingizimu Afrika babe nesikhathi esinzima kakhulu ngenxa yezinselele eziziswa yisifo se-COVID-19 kanye nemikhawulo yokuvalwa kwezwe. Kubalulekile ukuthi sisekele laba bafundi ngokubanika uxhaso lwezingqondo kanye nezinsiza zezokufunda ukuze bakwazi ukubhekana nalo lolu shintsho olungapheliyo endimeni zemfundo. Ngakho-ke, kubizwa ukuba abazali, othisha, nohulumeni babambisane ukuqinisekisa ukuthi akukho mfundi oshiywa emuva kulolu hambo olunzima.",zul,machine,gemma-4-31b-it,Siza abafundi  ukuthi babhekane neCOVID-19
"The COVID-19 pandemic and stringent lockdowns have left students grappling with unprecedented academic and emotional challenges. With constant disruptions and rapid shifts in the educational landscape, many learners have struggled to adapt to the changing requirements of their studies. Now more than ever, targeted support is essential to help students overcome these obstacles and regain their academic footing.",eng,machine,gemma-4-31b-it,Siza abafundi  ukuthi babhekane neCOVID-19
Abafundi babhekene nezinselele eziningi ngenxa yesifo se-COVID-19 kanye nemikhawulo yokuvalwa kwezwe. Lokhu kuholele ekutheni kube nokuguquka okukhulu endimeni yezokufunda nokufundisa. Kubalulekile ukuba abafundi basizwe ukuze bakwazi ukubhekana nalezi zinselele futhi baqhubekele phambili empumelelweni yabo.,zul,machine,gemma-4-31b-it,Siza abafundi  ukuthi babhekane neCOVID-19
"The COVID-19 pandemic and associated lockdown restrictions created significant challenges for students, severely disrupting their learning environments. These circumstances led to continuous changes within the education sector as systems struggled to adapt to the crisis. Consequently, it is essential to provide targeted support to help students navigate these difficulties and manage the lasting impact on their studies.",eng,machine,gemma-4-31b-it,Siza abafundi  ukuthi babhekane neCOVID-19
"Students have faced significant challenges due to the COVID-19 pandemic and the strict lockdown restrictions imposed across the country. The education sector has undergone constant shifts as institutions struggled to adapt to the evolving health crisis. Consequently, initiatives are being implemented to support learners as they navigate these academic hurdles.",eng,machine,gemma-4-31b-it,Siza abafundi  ukuthi babhekane neCOVID-19
Kubalulekile ukuthi abafundi bathole ukwesekwa ngokwemizwa ukuze bakwazi ukunqoba ukucindezeleka okubangelwa i-COVID-19. Kumele bakhuthazwe ukuba basebenzise ezobuchwepheshe nezindlela ezintsha zokufunda ukuze bangasali emuva kulezi zinguquko. Abazali nothisha kumele babambisane ekuholeni nasekunika abafundi ithemba nokuqonda kulezi zikhathi ezinzima. Lokhu kuzobasiza ukuthi baqhubekele phambili baphumelele nakuba bebhekene nezinselele eziningi.,zul,machine,gemma-4-31b-it,Siza abafundi  ukuthi babhekane neCOVID-19
"Students have faced numerous challenges due to the COVID-19 pandemic and the restrictions imposed by national lockdowns. These disruptions caused significant shifts in the educational landscape, impacting both academic progress and mental well-being. To support students in coping, it is essential to provide flexible learning strategies and emotional support systems. By addressing these needs, educators can help students overcome the hurdles created by the pandemic and successfully adapt to the new normal.",eng,machine,gemma-4-31b-it,Siza abafundi  ukuthi babhekane neCOVID-19
"Social cohesion remains the cornerstone of South Africa's path toward lasting success and stability. This necessity was starkly highlighted by the harrowing violence that tore through Phoenix and the wider Durban area during a period of unprecedented unrest. Such tragedies serve as a grim reminder that without unity, the fabric of the nation remains fragile. To secure a prosperous future, South Africans must commit to building bridges across all community divides.",eng,machine,gemma-4-31b-it,Ubumbano lwemiphakathi lubalulekile empumelelweni yeNingizimu Afrika
"Ubumbano lwemiphakathi lubaluleke kakhulu ekuthuthukiseni nasekuqinisekiseni impumelelo yezwe leNingizimu Afrika. Izigameko ezibuhlungu ezenzeke ezindaweni zase-Phoenix naseThekwini zisikhumbuza ngokubuhlungu okudalwa ukungaboni ngaso linye nokuhlukana phakathi kwabantu. Kubalulekile ukuthi zonke izizwe nemiphakathi abambisane ngokuthula ukuze kuvikelwe ukubuyela kulobo bunono. Ngokubambisana, singakha ikusasa elizinzile neliqhakazile elizuzisa wonke umuntu ohlala kuleli lizwe.",zul,machine,gemma-4-31b-it,Ubumbano lwemiphakathi lubalulekile empumelelweni yeNingizimu Afrika
"Ubumbano lwemiphakathi bubonwa njengento ebaluleke kakhulu ekutholeni impumelelo nokuthula eNingizimu Afrika. Lokhu kubonakale ngokusobala ezigamekweni ezibuhlungu ezenzeke endaweni yase-Phoenix namaphethelo eThekwini ngesikhathi sothuthuva nodlame olwakuhlasela izizwe. Lezi zehlakalo zigcizelele ukuthi ukungaboni ngaso linye kungadala ukuhlukana okunzima phakathi kwabantu. Ngakho-ke, kubalulekile ukuthi imiphakathi ihlangane ukuze kuvikelwe ukuba kube nezimo ezifana nalezo esikhathini esizayo.",zul,machine,gemma-4-31b-it,Ubumbano lwemiphakathi lubalulekile empumelelweni yeNingizimu Afrika
Community unity is essential for the overall success and stability of South Africa. This necessity became starkly evident during the painful unrest that affected Phoenix and other parts of the eThekwini region. These events unfolded during a period of significant turmoil that coincided with the expression of the people's democratic will.,eng,machine,gemma-4-31b-it,Ubumbano lwemiphakathi lubalulekile empumelelweni yeNingizimu Afrika
"Ubumbano lwemiphakathi buyisisekelo esibalulekile sokwakha iNingizimu Afrika eqinile nephumelelayo. Izigameko ezibuhlungu ezenzeke ezindaweni ezifana ne-Phoenix zisikhumbuza ukuthi ukuhlukana kulethela isizwe ubuhlungu nodlova olungadingeki. Kubalulekile ukuba sifunde ukubekezelelana nokuhloniphana ukuze sinqobe zonke izinhlelo zokuhlukanisa abantu ngokuhlanga noma ngokukholelwa. Ngokubambisana, singakwazi ukwakha ikusasa eliqhakazile lapho wonke umuntu ezizwa ephephile futhi ebalulekile.",zul,machine,gemma-4-31b-it,Ubumbano lwemiphakathi lubalulekile empumelelweni yeNingizimu Afrika
"Community unity is fundamental to the overall success and stability of South Africa. Past tragedies, such as the unrest seen in Phoenix and other parts of Durban, serve as a stark reminder of the devastating impact of social division. To move forward, citizens must prioritize peace and mutual respect across all racial and social divides. By fostering national cohesion, the country can better overcome its systemic challenges and ensure a prosperous future for all.",eng,machine,gemma-4-31b-it,Ubumbano lwemiphakathi lubalulekile empumelelweni yeNingizimu Afrika
"Ngokwezibalo zakamuva zeNhlangano Yezempilo Emhlabeni (i-WHO), kungaphezu kwezi-700 000 abantu abashona ngokuzibulala unyaka nonyaka, okungukuthi kushona oyedwa kwabayi-100. Lezi zibalo zibuhlungu kakhulu futhi zikhombisa ukuthi kumele sibambisane sonke ukunqanda le nhlekelele ebuhlungu. Masiqaphele izimpawu zokudumala kwabanye futhi sinikeze uxhaso noma sibaqondise ezikhungweni zezempilo ukuze bathole usizo. Isenzo sakho esincane somusa noma ingxoxo elula singaba yisihlangu sokusindisa impilo yomuntu namuhla.",zul,machine,gemma-4-31b-it,Siza ekunqandeni ukuzibulala kwabantu
"Recent figures from the World Health Organization (WHO) highlight a global crisis, revealing that over 700,000 people die by suicide annually. This staggering statistic translates to approximately one death for every 100 individuals, underscoring the urgent need for effective prevention strategies. By increasing accessibility to mental health support and fostering community awareness, we can work together to stop this preventable tragedy.",eng,machine,gemma-4-31b-it,Siza ekunqandeni ukuzibulala kwabantu
"Ngokwezibalo ze-WHO, kukhona abantu abangaphezu kwezi-700,000 abashona ngokuzibulala unyaka nonyaka emhlabeni wonke. Lokhu kuveza ukuthi ukuzibulala kuyinkinga enkulu edinga ukunakekelwa ukuze kusindiswe izimpilo zabantu. Kubalulekile ukuthi sisebenzisane sonke ekunqandeni lokhu ngokunikeza ukusekelwa nokunakekela labo ababhekene nobuhlungu obukhulu. Ngokwanda kolwazi nokwesekana, singakwazi ukunciphisa lezi zibalo nokusiza abantu ukuba bathole ithemba lokuphila.",zul,machine,gemma-4-31b-it,Siza ekunqandeni ukuzibulala kwabantu
"According to recent World Health Organization statistics, over 700,000 people die by suicide every year. This means that approximately one in every 100 deaths worldwide is caused by suicide. There is a critical need for awareness and intervention strategies to prevent these losses and support those at risk.",eng,machine,gemma-4-31b-it,Siza ekunqandeni ukuzibulala kwabantu
"Kukhuthazwa imiphakathi ukuba isize ekunqandeni ukuzibulala kwabantu ukuze kusindiswe izimpilo eziningi. Ngokwezibalo zakamuva zeNhlangano Yezempilo Emhlabeni (i-WHO), kubonakale ukuthi bangaphezu kwezi-700 000 abantu abashona ngokuzibulala unyaka nonyaka. Lokhu kusho ukuthi kukhona owodwa oshona ngokuzibulala kwabantu iyikhulu. Ngakho-ke, kubalulekile ukunikeza ukwesekwa nokunakekela abo ababhekana nezinkinga zengqondo ukuze kuncishiswe lezi zibalo.",zul,machine,gemma-4-31b-it,Siza ekunqandeni ukuzibulala kwabantu
"Recent statistics from the World Health Organization (WHO) reveal a critical global health crisis, with more than 700,000 people dying by suicide every year. This staggering figure indicates that suicide accounts for approximately one out of every 100 deaths worldwide. There is an urgent call for increased awareness and prevention efforts to address this growing tragedy and provide essential support to those in need.",eng,machine,gemma-4-31b-it,Siza ekunqandeni ukuzibulala kwabantu
"Ukuzibulala kuyinkinga enkulu emhlabeni, lapho izibalo ze-WHO zikhombisa ukuthi abantu abaningi bashona unyaka nonyaka. Singasiza ngokulalela ngokunakekela abantu ababukeka bengasaziboni ithemba nokubakhombisa ukuthi abodwa. Kubalulekile ukugqugquzela laba bantu ukuthi bafune usizo kubachwepheshe bezempilo yengqondo. Ngokusebenzisana, singakwazi ukulondoloza izimpilo futhi sinikeze ithemba kulabo abadanile.",zul,machine,gemma-4-31b-it,Siza ekunqandeni ukuzibulala kwabantu
"According to recent World Health Organization (WHO) data, more than 700,000 people die by suicide annually, representing approximately one in every 100 deaths worldwide. Preventing such losses requires a collective effort to recognize warning signs and offer compassionate support to those in crisis. Encouraging affected individuals to seek professional mental health services or contact crisis hotlines can be life-saving. By fostering an environment of empathy and understanding, we can work together to reduce suicide rates and promote overall well-being.",eng,machine,gemma-4-31b-it,Siza ekunqandeni ukuzibulala kwabantu
Imizamo yokwakha umphakathi ongenakho ukuQhwagwa koMbuso igxile ekulweni nokulungisa inkohlakalo ephakeme kuhulumeni. Iphini LeNhloko yamaJaji u-Raymond Zondo ugcizelele ukubaluleka kokuthola ofakazi ababambalwa ukuze kutholake ubufakazi obuphelele ngaphambi kokuba uphele isikhathi somsebenzi wekhomishana. Le nkqubo ihlose ukuqinisekisa ukuthi kukhona ukuzibophezela nokuqwashisa ukuze kuvikeleke ukuphinda kwenzeke okuqhwagwa koMbuso esikhathini esizayo.,zul,machine,gemma-4-31b-it,Sakha umphakathi ongenakho ukuQhwagwa koMbuso
"The initiative focuses on building a society free from state capture to ensure greater accountability and integrity in governance. Chief Justice Raymond Zondo, serving as the commission chair, highlighted the need for a few final witnesses to testify to complete the investigation. This process is now urgent as the commission is rapidly approaching its final deadline. The ultimate goal is to address systemic corruption and protect the state from future abuses of power.",eng,machine,gemma-4-31b-it,Sakha umphakathi ongenakho ukuQhwagwa koMbuso
"Ukwakha umphakathi ongenakho ukuQhwagwa koMbuso kusho ukuthi sisebenza ngokubambisana ukuqinisekisa ukuthi izinsiza zikahulumeni zisetshenziselwa ukusiza abantu, hhayi ukucebiswa ngabambalwa. Imisebenzi efana neyokhomishana kaJaji Raymond Zondo isizisa ekulondolozeni ubulungiswa ngokuveza iqiniso nokubonisa ukuthi akekho omkhulu kunomthetho. Kubalulekile ukuthi sonke sibe nokuthembeka nokuziphendulela ukuze sivikele izikhundla zikahulumeni ekugwinyweni nasekukhohlisweni. Ngale ndlela, singakha isizwe esiqinile lapho inkohliso nenkalukalo zingasakwazi ukubhidliza intuthuko yethu.",zul,machine,gemma-4-31b-it,Sakha umphakathi ongenakho ukuQhwagwa koMbuso
"Building a society free from state capture requires a commitment to transparency, accountability, and the rule of law. The Zondo Commission played a pivotal role in this process by investigating how private interests manipulated government institutions for personal gain. By securing critical witness testimonies, the commission aimed to expose systemic corruption and provide the evidence necessary to hold perpetrators accountable. These efforts are essential for restoring public trust and ensuring that state resources are used for the benefit of all citizens.",eng,machine,gemma-4-31b-it,Sakha umphakathi ongenakho ukuQhwagwa koMbuso
"INingizimu Afrika isiqale ukululula isigqoko, iveze inkohlakalo ejulile eyayifihleke iminyaka eminingi. Kube ngumsebenzi onzima kakhulu ukuqaqa leyo nethi yobuqili eyayihambisa imali ngokwezifiso zabanye. Kutholakele ukuthi kube khona izinkampani zombhuro ezazisungulelwe ukufihla izinkokhelo ezingekho emthethweni. Lokhu kukhombisa ukuthi ubuqili obukhulu obukade busetshenziswa ekuthethweni kwemali manje sekubuka ukukhanya.",zul,machine,gemma-4-31b-it,INingizimu Afrika yethulela isigqoko izingede
"South Africa has launched a comprehensive crackdown to dismantle the complex networks that facilitated widespread corruption. Investigators have struggled to unravel these intricate webs, which frequently utilized shell companies to funnel funds and mask illicit payments. This strategic move represents a critical step in the country's ongoing effort to root out systemic financial crime.",eng,machine,gemma-4-31b-it,INingizimu Afrika yethulela isigqoko izingede
"INingizimu Afrika isithathile isinyathelo esiqinile ekulwisaneni nenkohlakalo eyayizungeze izikhundla zobuholi. Kube ngumsebenzi onzima kakhulu ukuqaqa ukuxhumana okwakusetshenziswa ukuze kube nokukhohlakala okuphatha kabi izimali zombuso. Phakathi kwezinye izindlela, kwasungulwa izinkampani ezikhiwa nje ngokugama ukuze kuhambiswe imali futhi kufihleke izinkokhelo ezingekho emthethweni.",zul,machine,gemma-4-31b-it,INingizimu Afrika yethulela isigqoko izingede
South Africa has launched a major crackdown to combat systemic corruption. Officials have faced significant challenges in dismantling the complex networks that facilitated these illegal activities. Investigations revealed that shell companies were frequently established to move illicit funds and conceal payments. These efforts aim to restore transparency and accountability within the country's financial systems.,eng,machine,gemma-4-31b-it,INingizimu Afrika yethulela isigqoko izingede
"INingizimu Afrika isethule izindlela eziqinile, okubizwa ngokuthi ""ukufaka isigqoko esingede,"" ukuze ilwe nenkohlakalo nokwebiwa kwemali yezwe. Kube ngumsebenzi onzima kakhulu ukuveza ukuxhumana okuyinkimbinkimbi okwakusetshenziswa ukufihla izinkokhelo ezingekho emthethweni. Isibonelo, kube khona izinkampani zasungulwa ngendlela eyinkohlakalo ukuze kuhambiswe imali ngasese futhi kugwenywe imithetho. Lezi zinyathelo ezintsha zihlose ukuqinisekisa ukuthi kukhona ukubambeleka nokwethembeka ekulawulweni kwemali yeningizimu Afrika.",zul,machine,gemma-4-31b-it,INingizimu Afrika yethulela isigqoko izingede
"South Africa was placed on the ""grey list"" by the Financial Action Task Force (FATF) due to deficiencies in its systems to combat money laundering and terrorism financing. This designation highlights systemic vulnerabilities, such as the use of shell companies to hide illicit payments and move money illegally. To be removed from the list, the country must strengthen its legal frameworks and improve the detection of corruption networks. This process is essential for restoring international confidence in South Africa's financial transparency.",eng,machine,gemma-4-31b-it,INingizimu Afrika yethulela isigqoko izingede
"Kumele sinikeze ukunaka okukhulu ekuboneni izimpawu zomdlavuza ezinganeni njengoba lo mkhuhlane uyenyuka emhlabeni jikelele. Kutholakala ukuthi ingane eyodwa kwezingama-408 itholakala inomdlavuza ngaphambi kokuba ifike eminyakeni eyi-15 yobu dala. Ngakho-ke, kubalulekile ukuba abazali nabagadi baqaphele noma yikuphi ukushintsha okungajwayelekile emzimbeni bezingane. Ukuxilonga lo mhlavuza kusasele isikhathi kuyisihluthulelo sokusindisa izimpilo zabo.",zul,machine,gemma-4-31b-it,Yazi ukubona izimpawu zomdlavuza ezinganeni
"Childhood cancer is on the rise globally, with approximately one in every 408 children diagnosed before the age of 15. As these numbers climb, it is becoming increasingly critical for parents and caregivers to recognize the early warning signs of the disease. Early detection can significantly improve survival rates and ensure that young patients receive timely, life-saving medical intervention.",eng,machine,gemma-4-31b-it,Yazi ukubona izimpawu zomdlavuza ezinganeni
"Umdlavuza ezinganeni uyenyuka emhlabeni jikelele, okwenza kube kubaluleke kakhulu ukuthi abazali nabagadi bazi izimpawu zalo. Ukubona lezi zimpawu kusasele isikhathi kusiza ekutheni ingane ithole usizo lwezokwelapha ngokushesha. Lokhu kwenza ukuthi ukwelashwa kube nempumelelo enkulu, okwandisa amathuba okuthi ingane iphile. Kubalulekile ukubhekisisa impilo yengane nokuvakashela udokotela ngaleso sikhathi lapho kukhona okungajwayelekile.",zul,machine,gemma-4-31b-it,Yazi ukubona izimpawu zomdlavuza ezinganeni
"Childhood cancer is on the rise globally, with an estimated one in 408 children diagnosed before the age of 15. Because of this trend, it is essential to learn how to recognize the early warning signs and symptoms of the disease in children. Increasing awareness can lead to earlier detection and improved treatment outcomes for affected youth.",eng,machine,gemma-4-31b-it,Yazi ukubona izimpawu zomdlavuza ezinganeni
"Kubalulekile ukuba abazali nabagadi babone izimpawu zomdlavuza ezinganeni kusasele isikhathi ukuze kutholakale usizo olusheshayo. Bhekani izimpawu ezifana nokulahlekelwa isisindo ngaphandle kwesizathu, imishishi noma amabala angajwayelekile emzimbeni, kanye nomkhuhlane ongapheli. Ukukhathala ngokweqile kanye nobuhlungu obungaqondakali emizimba yabo kungaba wuphawu olubalulekile. Uma ubona lezi zimpawu, shesha ukuyisa ingane ekliniki noma esibhedlela ukuze ihlolwe odokotela.",zul,machine,gemma-4-31b-it,Yazi ukubona izimpawu zomdlavuza ezinganeni
"Childhood cancer is an increasing global concern, affecting approximately one in every 408 children before the age of 15. It is crucial for parents and caregivers to recognize early warning signs, such as unexplained weight loss, persistent fever, or the appearance of unusual lumps and bruises. Early detection is key to improving treatment outcomes and increasing survival rates. If any concerning symptoms persist, seek medical advice from a healthcare professional immediately.",eng,machine,gemma-4-31b-it,Yazi ukubona izimpawu zomdlavuza ezinganeni
"I-BRICS isebenza njengomongo obalulekile wokukhula kweNingizimu Afrika kwezomnotho nezepolitiki emhlabeni wonke. Ngemva kokuphela kwe-Cold War, kube nokuguquka okukhulu emifelandawonye yomhlaba, okwakudinga ukuba amazwe azilungise kabusha ukuze angashiywa ngemuva. Ngakho-ke, kube kubalulekile ukuthi iNingizimu Afrika ""iphose udobo lwayo"" ngokungena kulolu hlanganyelo ukuze ikwazi ukuzuza ezindabeni zamazwe ngamanye. Lokhu kuhlanganyela kusebenza njengesisekelo esiqinile sokuthuthukisa ubudlelwano namazwe aqhamukayo, okuqinisa isikhundla seNingizimu Afrika emhlabeni.",zul,machine,gemma-4-31b-it,I-BRICS ingumongo wokukhula kweNingizimu Afrika
"South Africa's integration into the BRICS bloc represents a strategic framework for the nation's economic and diplomatic expansion. In the wake of the global geopolitical shifts that followed the Cold War, it became evident that emerging powers needed to reposition themselves to remain competitive on the world stage. By aligning with this alliance, South Africa is effectively recasting its lot to secure a more influential voice in the evolving landscape of international governance.",eng,machine,gemma-4-31b-it,I-BRICS ingumongo wokukhula kweNingizimu Afrika
"I-BRICS inikeza iNingizimu Afrika inkundla ebalulekile yokukhula nokuziqinisa kwezoqoqosho emhlabeni jikelele. Ngemuva kokuphela kwe-Cold War, kwenzeka izinguquko ezidinga ukuthi amazwe azihlele kabusha ukuze azuze ezindabeni zamazwe ngamazwe. Ngakho-ke, ukuba yilungu le-BRICS kusiza iNingizimu Afrika ukuba ""iphose udobo lwayo"" ukuze ithole amathuba amasha okuhweba nobudlelwano obuqinile. Leli vumelano libalulekile ekuthuthukiseni ukuthuthuka kwezwe nokwandisa amandla alo emhlabeni.",zul,machine,gemma-4-31b-it,I-BRICS ingumongo wokukhula kweNingizimu Afrika
"BRICS serves as a strategic framework for South Africa's economic and political growth. In the wake of the global geopolitical shifts following the Cold War, the country has recognized the need to reposition itself to maintain international relevance. By participating in this alliance, South Africa aims to enhance its global influence and secure better opportunities in international affairs.",eng,machine,gemma-4-31b-it,I-BRICS ingumongo wokukhula kweNingizimu Afrika
"I-BRICS ibonakala njengumongo obalulekile wokukhula nentuthuko yezomnotho eNingizimu Afrika. Lokhu kuhambisana nezinguquko zemifelandawonye emhlabeni jikelele ezilethwe ngukuphela kwempi iCold War. Kubonakale ukuthi amazwe kumele ""aphinde aphose udobo lawo"" ukuze akwazi ukuzuza kabanzi ezindabeni zamazwe ngamazwe. Le nyathelo lihlose ukuqinisa isikhundla seNingizimu Afrika emhlabeni jikelele.",zul,machine,gemma-4-31b-it,I-BRICS ingumongo wokukhula kweNingizimu Afrika
"South Africa views its membership in BRICS as a strategic framework for national growth and increased global influence. This alignment reflects a broader response to the shifting geopolitical landscapes that have emerged since the end of the Cold War. By diversifying its international alliances, South Africa aims to reposition itself to secure greater strategic advantages in a multipolar world.",eng,machine,gemma-4-31b-it,I-BRICS ingumongo wokukhula kweNingizimu Afrika
"I-BRICS iyinhlangano ebalulekile ekunikeza iNingizimu Afrika ithuba lokuxhumana namazwe akhulayo emhlabeni. Ngokungena kuleli qembu, iNingizimu Afrika ""iphose udobo lwayo"" ukuze ithole amandla nokuthuthuka kwezomnotho ngemva kwezinguquko zemifelandawonye zomhlaba. Lolu hlelo lusiza ekutheni izwe lithole imithombo emisha yokuhweba nokutshalwa kwezimali okuguqula ikusasa lalo. Ngakho-ke, i-BRICS isebenza njengomongo wokukhula oqinisa isikhundla seNingizimu Afrika ezindabeni zamazwe ngamazwe.",zul,machine,gemma-4-31b-it,I-BRICS ingumongo wokukhula kweNingizimu Afrika
"BRICS serves as a strategic framework for South Africa's economic and political growth within the evolving global landscape following the Cold War. By aligning with other emerging economies, South Africa has sought to redefine its international role and increase its influence on the global stage. This partnership allows the nation to shift its geopolitical focus, ensuring it remains a competitive and influential player in a multipolar world.",eng,machine,gemma-4-31b-it,I-BRICS ingumongo wokukhula kweNingizimu Afrika
"Kusasele imibuzo eminingi emiqondweni yabantu mayelana nemigomo ye-COVID-19, ikakhulukazi mayelana nokuphepha kwayo. Kunama-mvunulo athi kunemishini encane (microchips) emigomweni eyenza ukulandela ukuhamba kwabantu, kanti lokhu akulona iqiniso neze. Futhi, kufanele kwaziwe ukuthi igomo angeke lakudala igciwane noma likwenze uhlonzwe ngalo ngemva kokugomwa. Ochwepheshe bezempilo bayakhuthaza umphakathi ukuba bethembe amaqiniso esayensi ukuze kuvikelwe impilo yabo kanye neyabanye.",zul,machine,gemma-4-31b-it,Imigomo yeCOVID-19 : Imibuzo yakho iphenduliwe
"As the vaccination campaign continues, many citizens are seeking clarity on common misconceptions surrounding the COVID-19 jabs. Concerns regarding the possibility of contracting the virus from the vaccine or the presence of tracking microchips have been widely circulated. However, health officials reassure the public that these claims are entirely baseless and that the vaccines are safe and secure for administration.",eng,machine,gemma-4-31b-it,Imigomo yeCOVID-19 : Imibuzo yakho iphenduliwe
"Lo mbhalo uphendula imibuzo ejwayelekile mayelana nemigomo ye-COVID-19. Kugcizelelwa ukuthi ukugoma angeke kwenze ukuba uthole igciwane le-COVID-19. Futhi, kuphendulwa inkolelo engalungile ethi kunemishini encane (microchips) emigomweni eyenza ukulandela abantu. Lokhu kwenzelwa ukunikeza umphakathi ulwazi oluqondile noluphephile.",zul,machine,gemma-4-31b-it,Imigomo yeCOVID-19 : Imibuzo yakho iphenduliwe
"This text provides answers to common questions regarding COVID-19 vaccinations to clear up misconceptions. It explains that receiving a vaccine cannot cause a person to develop the virus or become infected. Additionally, it specifically addresses and refutes the conspiracy theory that vaccines contain microchips used for tracking individuals.",eng,machine,gemma-4-31b-it,Imigomo yeCOVID-19 : Imibuzo yakho iphenduliwe
"Kukhona imibuzo eminingi ephenduliwe mayelana nemigomo ye-COVID-19 ukuze kucace iqiniso. Kubalulekile ukwazi ukuthi angeke neze udale igciwane noma uhlonzwe njengonegciwane emva kokugomwa. Futhi, kucaciswe ukuthi akukho kunesinjana ye-microchip emigomweni eyenzelwe ukulandela umkhondo wabantu. Lokhu kuhlose ukususa ukungaqiniseki nokwesaba phakathi komphakathi.",zul,machine,gemma-4-31b-it,Imigomo yeCOVID-19 : Imibuzo yakho iphenduliwe
"Recent health guidance is addressing common misconceptions regarding COVID-19 vaccinations to provide the public with factual information. Experts clarify that the vaccines cannot cause a person to contract the virus or lead to an infection. Additionally, claims suggesting that vaccines contain microchips for tracking purposes have been debunked as entirely false. These efforts aim to clear up confusion and encourage safe vaccination practices.",eng,machine,gemma-4-31b-it,Imigomo yeCOVID-19 : Imibuzo yakho iphenduliwe
"Kubalulekile ukwazi iqiniso ngemigomo ye-COVID-19 ukuze sivikele impilo yethu. Imigomo ayinalo igciwane eliphilayo, ngakho-ke ayikwazi ukukudala igciwane emzimbeni wakho. Futhi, akukho iqiniso kulokho okushiwo ngokuthi kunemishini efana ne-microchip emigomweni yokulandela abantu. Sicela uthembe ulwazi oluvela kubahloli bezempilo ukuze ugweme ukukholelwa emaqambeni.",zul,machine,gemma-4-31b-it,Imigomo yeCOVID-19 : Imibuzo yakho iphenduliwe
"COVID-19 vaccines are designed to protect your health without causing the disease itself. It is scientifically impossible to become infectious or create the virus in your body as a result of being vaccinated. Furthermore, claims suggesting that vaccines contain microchips for tracking purposes are entirely false. Relying on verified medical facts is essential for maintaining community safety and health.",eng,machine,gemma-4-31b-it,Imigomo yeCOVID-19 : Imibuzo yakho iphenduliwe
"Kubaluleke kakhulu ukuthi wonke umuntu aqinisekise ukuthi ubhale incwadi yefa ukuze kuvikeleke ukungaboni ngaso linye emndeni ngokuhamba kwezinto. Uma umuntu eshona engayibhalanga le ncwadi, izimpahla zakhe zizokwabiwa ngokomthetho we-Intestate Succession Act kulabo abanelungelo lokuzithola. Lokhu kungaholela ekutheni ifa lakho lingayi kubantu obukade ufisa ukulishiyela bona. Thatha isinyathelo namuhla, ubhale incwadi yefa ukuze uvikele ikusasa labathandi bakho.",zul,machine,gemma-4-31b-it,Qinisekisa ukuthi unencwadi yefa!
"Securing your legacy begins with a valid will. Without one, your estate will be distributed according to the Intestate Succession Act, leaving the division of your assets to legal defaults rather than your own wishes. To ensure your loved ones are provided for exactly as you intend, it is crucial to put your affairs in order today.",eng,machine,gemma-4-31b-it,Qinisekisa ukuthi unencwadi yefa!
"Kubaluleke kakhulu ukuthi wonke umuntu abhale incwadi yefa ukuze aqinisekise ukuthi impahla yakhe izokwabiwa ngendlela ayifisayo. Uma umuntu eshona engayibhalanga le ncwadi, izimpahla zakhe zizokwabiwa ngokomthetho obizwa nge-Intestate Succession Act. Lokhu kusho ukuthi umthetho uzonquma ukuthi ubani ozothola ifa kunokuba kube yizifiso zomuntu oshonile. Ngakho-ke, bhala incwadi yefa ukuze uvikele ikusasa labantu obathandayo.",zul,machine,gemma-4-31b-it,Qinisekisa ukuthi unencwadi yefa!
"It is crucial to have a written will to ensure your assets are distributed according to your specific wishes. In the absence of a will, an estate is divided based on the laws of the Intestate Succession Act. This means the legal system, rather than the deceased, determines who is entitled to the inheritance. Creating a will provides clarity and security for your heirs.",eng,machine,gemma-4-31b-it,Qinisekisa ukuthi unencwadi yefa!
"Kubaluleke kakhulu ukuthi wonke umuntu aqinisekise ukuthi unencwadi yefa ebhalwe ngokusemthethweni ukuze kuvikelwe impahla yakhe. Uma umuntu eshona engayibhalanga le ncwadi, izimpahla zakhe zizokwabiwa ngaphansi komthetho obizwa nge-Intestate Succession Act. Lo mthetho uqinisekisa ukuthi ifa liyofika kubantu abanelungelo ngokomthetho lokulithola. Ngakho-ke, kuhle ukuhlela kusasele isikhathi ukuze kugwemeke ukungaboni ngaso linye emndenini.",zul,machine,gemma-4-31b-it,Qinisekisa ukuthi unencwadi yefa!
"Legal experts are urging individuals to ensure they have a valid will to secure the future of their estates. If a person passes away without a will, their assets are distributed according to the Intestate Succession Act. This law determines how belongings are allocated among eligible heirs. Establishing a will ensures that a person's specific wishes are honored regarding the distribution of their property.",eng,machine,gemma-4-31b-it,Qinisekisa ukuthi unencwadi yefa!
"Kubaluleke kakhulu ukuthi uqinisekise ukuthi unencwadi yefa ebhaliwe ukuze ulawule ukuthi impahla yakho izoya kubani. Uma ushona ungayibhalanga le ncwadi, izimpahla zakho zizokwabiwa ngokomthetho we-Intestate Succession Act kulabo abanelungelo lokuzithola. Ukubhala incwadi yefa kusiza ekutheni izifiso zakho zihlonishwe futhi kuvikele abathandwa bakho. Yenza lokhu namuhla ukuze ugwembe imibango nokungezwani emndenini wakho.",zul,machine,gemma-4-31b-it,Qinisekisa ukuthi unencwadi yefa!
"Ensure you have a valid will to protect your assets and your loved ones. If you pass away without one, your estate will be distributed according to the Intestate Succession Act. This law determines who inherits your property, which may not align with your personal wishes. Drafting a will ensures that your belongings are distributed exactly as you intend.",eng,machine,gemma-4-31b-it,Qinisekisa ukuthi unencwadi yefa!
"Kubuhlungu futhi kuyashaqisa ukubona ukuthi izinkulungwane zabasebenzi bukaHulumeni badla imali ebekelwe abampofu. Ukuthi abantu abayizi 17 000 basebenzisa izikhundla zabo ukuzengeza imiholo ngemali yezidingo zabantulayo, kuveza ubugovu obukhulu obudla isizwe. Ukuze kuqedwe le nkohlakalo, uHulumeni kumele uthathe izinyathelo ezinzima futhi ujezise ngqo labo abatholakele kulokhu. Ngale ndlela kuphela izinsiza zingafika kulabo abadinga usizo ngempela.",zul,machine,gemma-4-31b-it,Ukuqedwa kwenkohlakalo kuhulumeni
"In a shocking display of greed, approximately 17,000 national and provincial government employees have been found applying for financial grants intended for the poor. This blatant exploitation of social safety nets underscores a systemic culture of corruption that diverts critical resources away from the most vulnerable citizens. To truly end corruption within the state, strict accountability measures must be implemented to ensure that public funds are no longer abused by those already on the government payroll. Such practices highlight the urgent need for a comprehensive cleanup of public administration to restore integrity and trust.",eng,machine,gemma-4-31b-it,Ukuqedwa kwenkohlakalo kuhulumeni
Inkohlakalo isengumpi enkulu ehamba phambili kuhulumeni kazwelonke nasezifundazweni. Kuvelile ukuthi abasebenzi abayizi 17 000 bazame ukusebenzisa imali ebekelwe abantulayo ukuze banyuse imiholo yabo. Lokhu kukhombisa ukuthi izinsiza zomphakathi zisetshenziswa ngendlela engalungile. Kubalulekile ukuqedwa kwale nkohlakalo ukuze kuqinisekiswe ukuthi abampofu bathola usizo olubadingayo.,zul,machine,gemma-4-31b-it,Ukuqedwa kwenkohlakalo kuhulumeni
"The government is facing significant challenges in its efforts to eliminate corruption and mismanagement of public funds. A notable example involves approximately 17,000 national and provincial employees who attempted to unfairly increase their own salaries. These individuals sought to divert money specifically allocated for the poor to benefit themselves. This situation highlights the urgent need for stricter oversight to ensure resources reach the vulnerable citizens they are intended for.",eng,machine,gemma-4-31b-it,Ukuqedwa kwenkohlakalo kuhulumeni
"Uhulumeni uzimisele ukuqedwa kwenkohlakalo ezindaweni zakhe zokusebenza ukuze kuqinisekiswe ubuqotho. Kodwa-ke, kuvela ukuthi abantu abayizi 17 000 abaqashwe kuhulumeni kazwelonke nasezifundazweni bathumele izicelo zokwengeza imiholo yabo ngemali ebekelwe abantulayo. Lokhu kuveza ukuthi kusekhona ukungathembeki okubambezela imizamo yokuqeda inkohlakalo ohulumeni.",zul,machine,gemma-4-31b-it,Ukuqedwa kwenkohlakalo kuhulumeni
"Nearly 17,000 national and provincial government employees are under scrutiny for attempting to supplement their salaries using funds reserved for the needy. These individuals submitted applications for financial assistance intended for impoverished citizens in a clear breach of regulations. The revelation comes amid ongoing efforts to eradicate corruption and financial misconduct within the public sector.",eng,machine,gemma-4-31b-it,Ukuqedwa kwenkohlakalo kuhulumeni
"Inkohlakalo kuhulumeni ihlukumeza kakhulu abantu abampofu ngokubamba imali ebekelwe bona. Kubalulekile ukuba kube nokuboniswa kweqiniso nokusebenziswa komthetho ngokuqina ukuze kunqandwe ukweba izinsiza zomphakathi. Uma izikhulu nemisebenzi kahulumeni beziphatha ngokuqotho, imali yezisizelo izofika kulabo abayidingayo ngempela. Lokhu kuzovuselela ithemba labasebenzi kanye nomphakathi wonke ekuthuthukisweni kwezwe.",zul,machine,gemma-4-31b-it,Ukuqedwa kwenkohlakalo kuhulumeni
"Ending corruption in government is essential for ensuring that public resources reach the citizens who need them most. A critical example of this issue is when government employees illegally claim benefits intended for the unemployed, directly robbing vulnerable populations of vital support. To combat such fraud, governments must implement stricter auditing systems and enforce severe legal consequences for those who misuse state funds. Promoting transparency and accountability is the only way to restore public trust and ensure social equity.",eng,machine,gemma-4-31b-it,Ukuqedwa kwenkohlakalo kuhulumeni
"UHlelo Loxhaso Lwezemisebenzi LukaMongameli luqhuba ngokuzikhukhumeza ekudaleni amathuba omsebenzi amasha ezweni lonke. Lolu hlelo, olwaqala ngonyaka odlule, luhlose ukudala inqwaba yamathuba emisebenzi esikhathini esifishane ukuze kusizwe abantu abaningi. Impumelelo yalo isekeleke ekusetshenzisweni kwezindlela ezintsha namasu anembane okusebenza. Lokhu kuveza ukuzibophezela kukahulumeni ekulweni nobubha nokuntuleka kwemisebenzi.",zul,machine,gemma-4-31b-it,UHlelo Loxhaso Lwezemisebenzi LukaMongameli luqhuba ukudalwa kwamathuba omsebenzi
"The President's Employment Support Program continues to drive the creation of vital job opportunities across the nation. Launched last year, the initiative was designed to generate a high volume of employment within a very short timeframe. To achieve these ambitious goals, the program has implemented innovative methods and fresh strategies to modernize the approach to workforce development.",eng,machine,gemma-4-31b-it,UHlelo Loxhaso Lwezemisebenzi LukaMongameli luqhuba ukudalwa kwamathuba omsebenzi
"UHlelo Loxhaso Lwezemisebenzi LukaMongameli luqhubeka nokudala amathuba omsebenzi emiphakathini. Lolu hlelo luqale ngonyaka odlule ngenhloso yokudala inqwaba yemisebenzi ngesikhathi esifushane. Ukuze lokhu kwenzeke, kusebenzisa izindlela ezintsha namasu ahlukile okusebenza. Lokhu kusiza kakhulu ekunciphiseni izinga lokungasebenzi ezweni.",zul,machine,gemma-4-31b-it,UHlelo Loxhaso Lwezemisebenzi LukaMongameli luqhuba ukudalwa kwamathuba omsebenzi
"The President's Employment Support Programme continues to drive the creation of new job opportunities. Launched last year, the initiative aims to generate a significant number of positions within a very short timeframe. To achieve this, the programme has implemented innovative methods and new operational strategies.",eng,machine,gemma-4-31b-it,UHlelo Loxhaso Lwezemisebenzi LukaMongameli luqhuba ukudalwa kwamathuba omsebenzi
"Uhlelo Loxhaso Lwezemisebenzi LukaMongameli luyaqhubeka nokudalela abantu amathuba emisebenzi eminingi. Lolu hlelo lwasungulwa ngonyaka odlule ngenhloso yokusiza imiphakathi ngokudala imisebenzi esikhathini esifishane. Ukufeza lokhu, kusebenziswe izindlela ezintsha namasu ahlelwe ngokucophelela okuhambisana nezimo zanamuhla zokusebenza.",zul,machine,gemma-4-31b-it,UHlelo Loxhaso Lwezemisebenzi LukaMongameli luqhuba ukudalwa kwamathuba omsebenzi
"The President's Employment Support Program continues to drive the creation of new job opportunities. Launched last year, the initiative aims to provide employment assistance and generate a significant number of jobs within a short timeframe. This effort has been supported by the implementation of innovative methods and new employment strategies.",eng,machine,gemma-4-31b-it,UHlelo Loxhaso Lwezemisebenzi LukaMongameli luqhuba ukudalwa kwamathuba omsebenzi
"Uhlelo Loxhaso Lwezemisebenzi LukaMongameli lusungulwe ngonyaka odlule ngenhloso yokwakha amathuba omsebenzi amaningi ngesikhathi esifishane. Lolu hlelo lusebenzisa izindlela ezintsha namasu aqhuba ukuthuthukiswa komsebenzi ezweni. Inhloso enkulu wukusiza abantu abangasebenzi ukuze bathole imisebenzi eyizinkulungwane. Ngale ndlela, lolu hlelo luqhuba ekudalweni kwamathuba omsebenzi azinzileyo kubantu bakithi.",zul,machine,gemma-4-31b-it,UHlelo Loxhaso Lwezemisebenzi LukaMongameli luqhuba ukudalwa kwamathuba omsebenzi
"The President's Employment Support Program is actively driving the creation of new job opportunities. Launched last year, the initiative aims to generate a significant number of employment openings within a very short timeframe. To achieve this goal, the program utilizes innovative methods and fresh strategic approaches to workforce development.",eng,machine,gemma-4-31b-it,UHlelo Loxhaso Lwezemisebenzi LukaMongameli luqhuba ukudalwa kwamathuba omsebenzi
"Abaqashi bezikhungo zokuthuthuka kwabantwana kumele baqaphele kakhulu ngezabasebenzi ababaqasha ukuze kuqinisekiswe ukuphepha kwabancane. Kuyisibopho somthetho ukuthi bahlole ukuthi ingabe abasebenzi babo bikhona yini kwiRejista Likazwelonke Lezephulamthetho Zocansi (NRSO). Lolu hlelo lubalulekile ekunqandeni ukuthi abantwana bangabe basongelwa abantu abanomlando wezocansi, okwenza kube nedwalala eliphephile lokukhula.",zul,machine,gemma-4-31b-it,Qaphela izephulamthetho zocansi
Owners of child development centers are urged to remain vigilant in safeguarding children by strictly adhering to legal vetting requirements. Employers are mandated by law to verify whether their staff members appear on the National Register for Sex Offenders to prevent unsuitable individuals from working with minors. Ensuring these checks are up to date is a critical step in maintaining a safe and secure environment for early childhood development.,eng,machine,gemma-4-31b-it,Qaphela izephulamthetho zocansi
"Abaqashi bezikhungo zothuthukiso lwabantwana banomsebenzi obalulekile wokuvikela abantwana. Ngokomthetho, kumele bahlole ukuthi abasebenzi babo bakhona yini kwiRejista Likazwelonke Lezephulamthetho Zocansi. Lokhu kwenzelwa ukuqinisekisa ukuthi abasebenzi abaqashwayo abayona abantu abangase babe yingozi kubantwana. Ukulandela lo mthetho kubalulekile ekunqandeni ukuhlukunyezwa kwabantwana ezikhungweni.",zul,machine,gemma-4-31b-it,Qaphela izephulamthetho zocansi
"Employers of childcare facilities are legally required to vet their staff against the National Register for Sex Offenders. This mandatory process ensures that individuals convicted of sexual offenses are not employed in positions where they have access to children. By conducting these checks, employers help maintain a safe and secure environment for the growth and development of children.",eng,machine,gemma-4-31b-it,Qaphela izephulamthetho zocansi
"Abaqashi bezikhungo zokuthuthuka kwabantwana bakhuthazwa ukuba baqaphele kakhulu mayelana nezephulamthetho zocansi. Ngokomthetho, kubalindelekile ukuba laba baqashi bahlole ukuthi ngabe abasebenzi babo bakhona yini kwiRejista Likazwelonke Lezephulamthetho Zocansi. Lokhu kwenziwa ngenhloso yokuvikela izingane nokunqunqula ubungozi obungase bube khona ezikhungweni zabo.",zul,machine,gemma-4-31b-it,Qaphela izephulamthetho zocansi
"Employers of childcare facilities are reminded of their legal obligation to ensure the safety of children in their care. Under current legislation, these employers must verify whether their staff members are listed on the National Register for Sex Offenders (NRSO). This mandatory screening process is designed to prevent sex offenders from gaining access to vulnerable children.",eng,machine,gemma-4-31b-it,Qaphela izephulamthetho zocansi
"Njengomqashi wesikhungo sokuthuthuka kwabantwana, kunemisebenzi yomthetho okumele uyenze ukuze uqinisekise ukuphepha kwezingane. Kubalulekile ukuhlola ukuthi abasebenzi bakho abakhona yini kwiRejista Likazwelonke Lezephulamthetho Zocansi. Lokhu kusiza ekunqandeni ukuthi abantu abake baphambana nomthetho ngokocansi bangasebenzi nabantwana. Ukulandela lo mthetho kuvikela izingane futhi kuqinisekisa ukuthi zikhula endaweni ephephile.",zul,machine,gemma-4-31b-it,Qaphela izephulamthetho zocansi
"Employers of childcare facilities have a legal responsibility to ensure a safe environment for the children in their care. To achieve this, it is mandatory to screen all employees against the National Register for Sex Offenders (NRSO). This critical process prevents individuals with a history of sexual offenses from working with vulnerable children. By adhering to these legal requirements, employers can effectively protect children and maintain a secure facility.",eng,machine,gemma-4-31b-it,Qaphela izephulamthetho zocansi
"Ukulwa nenkohlakalo emisebenzini kahulumeni kuseyinkinga enkulu eqhubekayo eyivimba imiphakathi ukuthi ithuthuke. Ngakho-ke, iNombolo Ephuthumayo Kazwelonke Yokulwisana Nenkohlakalo isungulwe ukuze ikusize imiphakathi ukubika lezi zenzo zobugebengu ngendlela elula. Lolu hlelo lunika amalungu omphakathi ithuba lokubika inkohlakalo ngokuphepha nangokuthembeka. Kukhuthazwa bonke abantu ukuba basebenzise le nombolo ukuze kuqinisekiswe ukuthi imisebenzi kahulumeni yenziwa ngendlela efanele.",zul,machine,gemma-4-31b-it,Bika inkohlakalo ngenombolo ephuthumayo yokulwisana nenkohlakalo
"Combating corruption within government services remains a top priority in the ongoing effort to restore public trust and accountability. To facilitate this, the National Anti-Corruption Hotline provides a streamlined and accessible platform for citizens to report illicit activities. By encouraging the community to speak out, the government aims to effectively safeguard public resources and eliminate misconduct across all sectors.",eng,machine,gemma-4-31b-it,Bika inkohlakalo ngenombolo ephuthumayo yokulwisana nenkohlakalo
"Uhulumeni uyaqhubeka nokulwisa inkohlakalo emisebenzini yomphakathi ukuze kuqinisekiswe ukuthi izinsiza zisetshenziswa ngendlela efanele. Kuye sethulwe iNombolo Ephuthumayo Kazwelonke Yokulwisana Nenkohlakalo ukuze kube lula kubantu ukubika lezi zenzo. Le nsiza ikhuthaza amalungu omphakathi ukuba babe nengxenye ekunqandeni ukukhwabanisa nokukhohlisa. Ngokubika inkohlakalo, sisiza ekwakheni uhulumeni othembekile nonikeza izidingo zomphakathi ngendlela ecacile.",zul,machine,gemma-4-31b-it,Bika inkohlakalo ngenombolo ephuthumayo yokulwisana nenkohlakalo
"The government continues to prioritize the prevention of corruption within its public services to ensure integrity and transparency. To support this effort, a National Anti-Corruption Hotline has been established to make reporting easier for the public. This initiative encourages community members to share information and report corrupt activities directly. By providing this accessible channel, the government aims to effectively combat corruption across all levels of administration.",eng,machine,gemma-4-31b-it,Bika inkohlakalo ngenombolo ephuthumayo yokulwisana nenkohlakalo
"Ukunqanda inkohlakalo emisebenzini kahulumeni kusa lokhu kuseqhulwini futhi kuyinselelo enkulu. Njengendlela yokulwa nalokhu, kukhona iNombolo Ephuthumayo Kazwelonke Yokulwisana Nenkohlakalo. Le nombolo yenza kube lula kakhulu kumalungu omphakathi ukuthi babike izenzo zenkohlakalo abazibonayo ukuze kuthathwe izinyathelo ezifanele.",zul,machine,gemma-4-31b-it,Bika inkohlakalo ngenombolo ephuthumayo yokulwisana nenkohlakalo
"The government continues to prioritize the fight against corruption within public services. To facilitate this effort, the National Anti-Corruption Hotline has been established to make it easier for citizens to report misconduct. This dedicated emergency line empowers community members to play an active role in combating corruption by sharing vital information.",eng,machine,gemma-4-31b-it,Bika inkohlakalo ngenombolo ephuthumayo yokulwisana nenkohlakalo
"Inkohlakalo emisebenzini kahulumeni iyinkinga enkulu ekumele silwisane nayo sonke. INombolo Ephuthumayo Kazwelonke Yokulwisana Nenkohlakalo yenzelwe ukwenza kube lula kumalungu omphakathi ukuthi babike lezi zenzo ngendlela ephephile. Ngokusebenzisa le nombolo, ungakwazi ukunikeza imininingwane ebalulekile ukuze kwenziwe uthando lwezimiso zomthetho. Ukubika inkohlakalo kusiza ekwakheni uhulumeni othembekile nokulwa nobugebengu emisebenzini yomphakathi.",zul,machine,gemma-4-31b-it,Bika inkohlakalo ngenombolo ephuthumayo yokulwisana nenkohlakalo
"Fighting corruption within government services remains a top priority to ensure transparency and accountability. To support this effort, a National Anti-Corruption Hotline has been established to provide a direct channel for reporting misconduct. This service makes it easier for community members to report corrupt activities securely and efficiently. By utilizing this hotline, citizens play a vital role in promoting good governance and integrity.",eng,machine,gemma-4-31b-it,Bika inkohlakalo ngenombolo ephuthumayo yokulwisana nenkohlakalo
"I-GEPF isenzile kube lula kakhulu ukuba amalungu ayo kanye nemindeni yabo bafake izikhalazo zabo. Ukuze kuqinisekiswe ukuthi wonke umuntu uphathwa ngendlela efanele, ibhodi lisanda kusungula iHhovisi Elilamula Ezezimpesheni Zabasebenzi elizoba nendima yokulawula nokuxazulula lezi zinkathazo. Lenyisizalo ihlose ukunikeza usizo olusheshayo nolunembile, okukhombisa ukuzibophezela kwe-GEPF ekuthuthukiseni inkonzo kubasebenzi nabaphumule.",zul,machine,gemma-4-31b-it,Ukufaka izikhalazo ze-GEPF kwenziwe kwaba lula
"Lodging complaints with the Government Employees Pension Fund (GEPF) has become significantly easier for members and their families. To ensure all stakeholders are treated fairly, the GEPF board has established a dedicated office specifically designed to manage and resolve grievances. This new initiative streamlines the process, providing a direct channel for members to seek redress and receive timely assistance.",eng,machine,gemma-4-31b-it,Ukufaka izikhalazo ze-GEPF kwenziwe kwaba lula
"I-GEPF isungule indlela elula yokufaka izikhalazo ukuze kusizakale amalungu ayo kanye nemindeni yawo. Lokhu kwenziwe ngokuvula ihhovisi elisha elizoba nomsebenzi wokulalela nokuxazulula lezi zikhalazo, elaziwa ngokuthi lihhovisi Elilamula Ezezimpesheni Zabasebenzi. Inhloso yalo ukunikeza amalungu nokunakekela imindeni yawo ngendlela efanele nenobulungiswa.",zul,machine,gemma-4-31b-it,Ukufaka izikhalazo ze-GEPF kwenziwe kwaba lula
"The process of filing complaints with the GEPF has been simplified to better serve its members. To ensure that members and their families are treated fairly, the board has established a dedicated office to manage grievances. This new entity is specifically designed to resolve employee pension issues efficiently.",eng,machine,gemma-4-31b-it,Ukufaka izikhalazo ze-GEPF kwenziwe kwaba lula
"Sekwenziwe lula ukufaka izikhalazo e-GEPF ukuze kuqinisekiswe ukuthi amalungu kanye nemindeni yabo baphathwa ngendlela efanele. Ukufeza lokhu, ibhodi lisanda kusungula ihhovisi elizosingatha zonke izikhalazo ukuze kutholakale izisombululo ezisheshayo. Leli hhovisi laziwa ngokuthi yiHhovisi Elilamula Ezezimpesheni Zabasebenzi.",zul,machine,gemma-4-31b-it,Ukufaka izikhalazo ze-GEPF kwenziwe kwaba lula
The Government Employees Pension Fund (GEPF) board has established a dedicated complaints management office to better serve its members and their families. This new initiative aims to ensure that all grievances are handled fairly and efficiently. The newly created office is designed to streamline the process of lodging and resolving disputes for all stakeholders.,eng,machine,gemma-4-31b-it,Ukufaka izikhalazo ze-GEPF kwenziwe kwaba lula
"Ukuze kuqinisekiswe ukuthi amalungu e-GEPF kanye nemindeni yabo baphathwa ngendlela efanele, ibhodi lisungule iHhovisi Elilamula Ezezimpesheni Zabasebenzi. Leli hhovisi lilele ekulawuleni nokuxazulula izikhalazo zabalungeli ngendlela ehlelekile. Lokhu kwenza ukuthi ukufaka izikhalazo manje kwenzeke kalula futhi kusheshe ukuthola izimpendulo. Ngakho-ke, amalungu nemindeni yawo manje anendawo eqondile yokuthola usizo olufanele.",zul,machine,gemma-4-31b-it,Ukufaka izikhalazo ze-GEPF kwenziwe kwaba lula
"Filing complaints with the Government Employees Pension Fund (GEPF) has now become a simpler process. To ensure that members and their families are treated fairly, the board has established a dedicated office specifically to manage grievances. This initiative provides a structured way for members to seek resolution and ensures greater accountability within the fund.",eng,machine,gemma-4-31b-it,Ukufaka izikhalazo ze-GEPF kwenziwe kwaba lula
"Sisebenza ngokuzimisela ekwakheni isisekelo esiqinile sotshalomali ukuze kuqinisekiswe ukuthuthuka komnotho wendawo. Lolu hlelo luqale ngokubanjwa kweNgqungquthela Yotshalomali yokuqala ngoFebhruwari 2018, eyayiyingxenye yomkhankaso omkhulu wokukhanga izimali. Inhloso yalo mkhankaso kwakuwukukhipha isigidigidi esi-R1.2 sotshalomali olusha phakathi kweminyaka emihla nu. Lokhu kuzovula amathuba amaningi emisebenzi futhi kuqinise isimo sezimali somphakathi.",zul,machine,gemma-4-31b-it,Sakha isisekelo sotshalomali
"To establish a robust foundation for growth, the inaugural Investment Summit was held in February 2018. This landmark event served as a key component of a strategic campaign aiming to attract R1.2 billion in new investments over the coming years. Through these initiatives, the organization is actively securing the capital necessary for sustainable long-term expansion.",eng,machine,gemma-4-31b-it,Sakha isisekelo sotshalomali
Isisekelo sotshalomali saqala ngokubanjwa kweNgqungquthela Yotshalomali yokuqala ngoMfumfu 2018. Le ngqungquthela ibingengxenye yomkhankaso wokubamba imali ekuhleleka ukuba ifike kwisigidigidi esi-R1.2. Le mali izosetshenziswa kutshalomali olu sha eminyakeni emihla nu. Lolu hlelo luqonde ukwakha isisekelo esiqinile sokuthuthukisa ezomnotho.,zul,machine,gemma-4-31b-it,Sakha isisekelo sotshalomali
The organization is focused on building a strong investment foundation. This initiative began with the first Investment Conference held in 2018 as part of a larger fundraising campaign. The primary objective is to secure R1.2 billion in new investments over the coming years.,eng,machine,gemma-4-31b-it,Sakha isisekelo sotshalomali
Sibambe Ingqungquthela Yotshalomali yokuqala ngoMqopho ka-2018 njengengxenye yomkhankaso wethu wokwakha isisekelo sotshalomali. Inhloso yalo mkhankaso wukukhanga utshalomali olusha olungama-R1.2 isigidigidi eziminyakeni emihla nu. Lolu nyathelo lubalulekile ekuthuthukiseni nasekuqinisekiseni ukukhula kwezomnotho.,zul,machine,gemma-4-31b-it,Sakha isisekelo sotshalomali
The inaugural Investment Summit was held in February 2018 as a key component of a broader savings campaign. This initiative aims to build a strong investment foundation by attracting R1.2 billion in new investments. These financial goals are expected to be realized over the coming years.,eng,machine,gemma-4-31b-it,Sakha isisekelo sotshalomali
"Ukwakha isisekelo sotshalomali kubalulekile ekuthuthukiseni umnotho nokudala amathuba amasha okukhula. Ngakho-ke, kusukela ngowezi-2018, kubekwe uhlelo lweNgqungquthela Yotshalomali ukuze kukhuthazwe ukungenisa imali entsha. Lo mkhankaso uhlose ukutshala imali efika ku-R1.2 biljiyoni eminyakeni emihla nu ukuze kuqinisekiswe ukuthuthuka okuzinzile. Ngale ndlela, isisekelo esiqinile sotshalomali sizosiza ekwakheni ikusasa eliqhakazile nelizinzile.",zul,machine,gemma-4-31b-it,Sakha isisekelo sotshalomali
"Building a foundation for investment involves creating strategic frameworks to attract capital for long-term economic growth. For instance, hosting an Investment Summit can serve as a catalyst for mobilizing significant funds, such as the target of R1.2 billion mentioned in this campaign. By establishing these structured environments, organizations can secure the necessary financing to drive sustainable development and innovation. This approach ensures a stable financial base that supports future expansion and stability.",eng,machine,gemma-4-31b-it,Sakha isisekelo sotshalomali
"Lesi sikole esiseMthatha, eMpumalanga Koloni, saqala ngokusebenza egalaji lakwaNkululeko Ralo, ilungu lomphakathi elalivumile. Eminyakeni eyedlule, isikole sabhekana nobunzima ngokuthutha izikhathi eziningi ngenxa yokuntuleka kwesakhiwo esifanele. Nokho, isimo sesishintshile njengoba i-ASIDI ingene ngokushesha yakha ingqalasizinda yesikole efanele. Lokhu kusize kakhulu ekunikezeni abafundi indawo ephikelele nephephile yokufunda.",zul,machine,gemma-4-31b-it,I-ASIDI yakha ngokushesha ingqalasizinda yesikole
"ASIDI is fast-tracking the development of school infrastructure for an educational institution in Mthatha, Eastern Cape. The school's humble beginnings saw it operating out of a garage provided by community member Nkululeko Ralo, followed by years of frequent and unstable relocations. This rapid investment now provides the students with the permanent facilities and stability they have long deserved.",eng,machine,gemma-4-31b-it,I-ASIDI yakha ngokushesha ingqalasizinda yesikole
"Lesi sikole esiseMthatha, eMpumalanga Kapa, saqala ngendlela eyisigaba esincane egalaji lomphakathi uNkululeko Ralo. Eminyakeni edlule, isikole sathutha izikhathi eziningi ngoba besingenalo isakhiwo saso esigcwele. Ukuze kulungiswe lokhu, i-ASIDI isize ngokwakha ingqalasizinda yesikole ngokushesha. Lolu sizo luzonikeza abafundi indawo yokufunda ephelele neqinile.",zul,machine,gemma-4-31b-it,I-ASIDI yakha ngokushesha ingqalasizinda yesikole
"ASIDI has fast-tracked the construction of school infrastructure for an institution located in Mthatha, Eastern Cape. Previously, the school operated out of a garage provided by a community member named Nkululeko Ralo. Prior to this development, the school had faced instability and moved locations multiple times.",eng,machine,gemma-4-31b-it,I-ASIDI yakha ngokushesha ingqalasizinda yesikole
"I-ASIDI isanda kuthuthukisa ngokushesha ingqalasizinda yesikole esizinzile eMthatha, eKapa Mpuma. Lesi sikole besisebenza esakhiweni segalaji ekhaya lelungu lomphakathi, uMnu. Nkululeko Ralo. Eminyakeni eyedlule, isikole besisuthutha izikhathi eziningi ngenxa yokungabi nindawo efanele yokufundisa. Lokhu kuthuthukiswa kwengqalasizinda kuzoletha ukuzinza ekufundeni nasekuphumuleni kwabafundi basekhaya.",zul,machine,gemma-4-31b-it,I-ASIDI yakha ngokushesha ingqalasizinda yesikole
"ASIDI is rapidly developing school infrastructure in Mthatha, Eastern Cape. The school previously operated out of a garage provided by community member Nkululeko Ralo. In previous years, the institution had been forced to relocate multiple times. This development marks a significant step toward providing a stable learning environment for the students.",eng,machine,gemma-4-31b-it,I-ASIDI yakha ngokushesha ingqalasizinda yesikole
"Lesi sikole saseMthatha saqala ngokuba imvamane ekhaya lukankululeko Ralo, lapho sifundisa khona egalaji. Okweminyaka eminingi, isikole sibe nezinhlupho zokuthutha izikhathi eziningi ngenxa yokungabikho kwezakhiwo ezifanele. Namuhla, i-ASIDI isize kakhulu ngokwakha ngokushesha ingqalasizinda yesikole ukuze abafundi babe nendawo efanele yokufunda. Lokhu kukhulisa amathuba emfundo futhi kunikeza abafundi isizotha kanye nokuphepha.",zul,machine,gemma-4-31b-it,I-ASIDI yakha ngokushesha ingqalasizinda yesikole
"Usuku lokugcina lokufaka izicelo zesixhaso se-NSFAS selusondele kakhulu. UMnyango Wezemfundo Ephakeme Nokuqeqeshwa ukhumbuza intsha ukuthi lesi sixhaso sivulekele bonke abaqedile izifundo zabo noma abafunda njengamanje kunoma yiliphi izinga ezikhungweni zemfundo ephakeme. Ngakho-ke, abafundi bakhuthazwa ukuba bafake izicelo zabo ngokushesha ukuze bangaphuthelwa yileli thuba elibalulekile lokuthola imfundo.",zul,machine,gemma-4-31b-it,Umnqamulajuqu woxhaso lwe-NSFAS ususondele
"The deadline for NSFAS funding applications is rapidly approaching. According to the Department of Higher Education and Training, this financial support is available to youth who have completed high school as well as those currently enrolled in any level of higher education. Eligible students are encouraged to submit their applications promptly to secure funding for their academic journey. This initiative remains a critical lifeline in ensuring that financial barriers do not hinder students from pursuing their degrees.",eng,machine,gemma-4-31b-it,Umnqamulajuqu woxhaso lwe-NSFAS ususondele
Usuku lokugcina lwezicelo zoxhaso lwe-NSFAS ususondele. Lolu xhaso luhlinzekwa uMnyango Wezemfundo Ephakeme Nokuqeqeshwa kubantu abasha asebeqedile izifundo zabo noma abafunda kunoma isiphi isinga ezikhungweni zemfundo ephakeme. Abafundi bakhuthazwa ukuba bafake izicelo zabo ngokushesha ukuze bangashayiwa yisikhathi.,zul,machine,gemma-4-31b-it,Umnqamulajuqu woxhaso lwe-NSFAS ususondele
The Department of Higher Education and Training has announced that the deadline for NSFAS funding applications is approaching. This financial support is available to youth who are currently studying or have previously completed studies at any level within a higher education institution. Eligible students are encouraged to submit their applications promptly to secure their funding.,eng,machine,gemma-4-31b-it,Umnqamulajuqu woxhaso lwe-NSFAS ususondele
Umnqamulajuqu wezicelo zoxhaso lwe-NSFAS ususondele. Lolu xhaso luhlinzekwa uMnyango Wezemfundo Ephakeme Nokuqeqeshwa kubantu abasha abafuna ukufunda ezikhungweni zemfundo ephakeme. Abafundi abasha kanye nalabo asebefunda bagqugquzelwa ukuba bafake izicelo zabo ngokushesha. Sicela uqiniseke ukuthi ufaka isicelo sakho ngaphambi kokuba kuvaleleke ukuze uthole usizo lwezezimali.,zul,machine,gemma-4-31b-it,Umnqamulajuqu woxhaso lwe-NSFAS ususondele
"Phakathi kukaNtulikazi noMandulo kowezi-2021, kubonakale ukuthi abantu abayizi-9 556, iningi labo kwakungabesifazane, badlwengulwa. Lesi sibalo sikhombisa ukunyuka okukhathazayo kwama-7% xaqhutshelwa ngombiko owedlule, okugcizelela isimo esibucayi esibhekana nabo abesifazane. Kumele kuqondwe ukuthi akukho sizathu sinikeza omuntu ilungelo lokuhlasela noma ukubulala isithunzi somunye. Sekuyisikhathi sokuba sime sonke silwe nalolu dlame, ngoba akukho sizathu sokuba kube ne-GBV emphakathini wethu.",zul,machine,gemma-4-31b-it,Asikho isizathu se-GBV
"There is absolutely no excuse for the persistence of gender-based violence in our society. Shocking statistics reveal that between November and December 2021, 9,556 individuals—the majority of whom were women—fell victim to rape. This figure marks a disturbing 7% increase compared to the previous reporting period, underscoring a growing crisis that demands immediate and decisive action.",eng,machine,gemma-4-31b-it,Asikho isizathu se-GBV
"Akukho sizathu esingalungele udlwengulo nodlame oluhambisana nabo (GBV) emphakathini wethu. Phakathi kukaNtulikazi noMandulo kowezi-2021, abantu abayizi-9 556, lapho iningi labo kwakungabesifazane, badlwengulwa. Lesi sibalo singaphezulu ngama-7% xa kuqhathaniswa nesikhathi sombiko owedlule. Lezi zibalo zigcizelela ukuthi isimo sodlame sisaqhubeka nokuba yinkinga enkulu edinga ukulungiswa.",zul,machine,gemma-4-31b-it,Asikho isizathu se-GBV
"Between October and December 2021, a total of 9,556 people were raped, the majority of whom were women. This figure represents a 7% increase compared to the previous reporting period. These statistics underscore the critical nature of gender-based violence, reinforcing the message that there is no excuse for such crimes.",eng,machine,gemma-4-31b-it,Asikho isizathu se-GBV
"Phakathi kukaNtulikazi noMandulo kowezi-2021, abantu abayizi-9 556, iningi labo kwakungabesifazane, badlwengulwa, okuyisibalo esikhule ngo-7% kunombiko owedlule. Lokhu kukhula kwezibalo kukhombisa ukuthi udlwengulo nodlwengulo lwabantu (GBV) kuyinkinga enkulu, futhi akukho sizathu esingalungisa lobu budlova. Kubalulekile ukuthi sonke sibambisane ukuvikela abantu, ikakhulukazi abesifazane nezingane, ukuze siqede lolu hlobo lwodlova emphakathini wethu. Inhlonipho nesithunzi kufanele kube yisisekelo sakho konke ukuhlangana kwabantu.",zul,machine,gemma-4-31b-it,Asikho isizathu se-GBV
"Izingxoxo zeVuk Talks, ezibanjwe uPhiko Lohlelo LukaHulumeni Lwezokuxhumana Nokudluliswa Kolwazi, zigqugquzelele ukuzimela nokwakha amandla emphakathini. Lezi zingxoxo zigxile kakhulu ekuhlinzekeni ngokuqeqeshwa kwamahhala kanye nezinsiza ezibalulekile zokwenza amabhizinisi ukuze kuthuthukiswe ukuzimela kwezomnotho. Ngale ndlela, abantu banikezwa amathuba okuthola ulwazi olubucayi oluzobasiza ekulwisaneni nobubha ngokwakha amabhizinisi azinzile. Lokhu kuwukusebenzisa ubuchwepheshe bezokuxhumana ukuletha imininingwane eyenza umehluko empilweni yabantu.",zul,machine,gemma-4-31b-it,Ukuqeqeshwa kwamahhala kanye nezinsiza zokwenza amabhizinisi
"Izinhlelo ze-Vuk Talks, ezihlelwe wuPhiko Lohlelo LukaHulumeni Lwezokuxhumana Nokudluliswa Kolwazi, zigqugquzelele ukuthuthukiswa kwamakhono abantu. Lezi zinhlelo zinikeza ukuqeqeshwa kwamahhala okuqondiswe ekusizeni abantu ukuba baqale futhi bakhulise amabhizinisi abo. Futhi, kuhlinzekwa nezinsiza ezibalulekile ezisiza ekwenzeni amabhizinisi abe seqinisweni futhi aphumelele emakethe. Inhloso enkulu yikuba abantu bathole ulwazi oludingekayo ukuze baziqhakambise ngokuzimele.",zul,machine,gemma-4-31b-it,Ukuqeqeshwa kwamahhala kanye nezinsiza zokwenza amabhizinisi
"uPhiko Lohlelo LukaHulumeni Lwezokuxhumana Nokudluliswa Kolwazi lubambe izingxoxo zezokuxhumana ezenziwa ngezobuchwepheshe ezaziwa nge-Vuk Talks. Lezi zinhlelo zazihlose ukugqugquzela igunya kanye nezinqubo zokwakha amabhizinisi aphumelelayo emphakathini. Ngokusebenzisa lezi zingxoxo, kunikezwe ukuqeqeshwa kwamahhala kanye nezinsiza ezibalulekile zokwenza amabhizinisi. Lolu hlelo luhlose ukunikeza abantu amathuba okuthuthuka ngokuhambisana nezobuchwepheshe besimanje.",zul,machine,gemma-4-31b-it,Ukuqeqeshwa kwamahhala kanye nezinsiza zokwenza amabhizinisi
"The Government Communication and Information System (GCIS) recently hosted ""Vuk Talks,"" a series of technology-driven communication discussions. These sessions were designed to provide free training and essential resources to support individuals in establishing and growing their businesses. The initiative aimed to promote empowerment and strategic development to foster entrepreneurship within the community.",eng,machine,gemma-4-31b-it,Ukuqeqeshwa kwamahhala kanye nezinsiza zokwenza amabhizinisi
"Vuk Talks, ezibanjwe uPhiko Lohlelo LukaHulumeni Lwezokuxhumana Nokudluliswa Kolwazi, zigqugquzela ukuzimela ngokunikeza ulwazi olubalulekile ngokwakha amabhizinisi. Lezi zingxoxo zigxila ekuhlinzekeni ngokuqeqeshwa kwamahhala okusiza abantu ukuba bathole amakhono adingekayo ukuze baqale imisebenzi yabo. Ngaphezu kwalokho, kuhlinzekwa ngezinsiza zokwenza amabhizinisi ezisiza ekutholeni uxhaso kanye nezeluleko zezobuchwepheshe. Lokhu kwenziwa ngenhloso yokukhuthaza igunya lomphakathi nokusebenzisa izinqubomgomo zikahulumeni ezigqugquzela ukuthuthuka komnotho.",zul,machine,gemma-4-31b-it,Ukuqeqeshwa kwamahhala kanye nezinsiza zokwenza amabhizinisi
"Ngosuku lokuqala lonyaka kowezi-2022, isizwe sabuthana ndawonye ngomoya wokuzovalelisa uMbhishobhi omkhulu Desmond Tutu esontweni i-St George’s Cathedral eKapa. Kwakungumzuzu obuhlungu kakhulu, lapho izinhliziyo zabantu zikhala ngokulahlekelwa inkosi yobulungiswa nokuthula. Lolu hambo lusikhumbuza ukuthi manje sekuyisikhathi sokuba sisebenze ngokubambisana ukuze siqinise intando yeningi labantu. Ngokubumbana, singakwazi ukuphakamisa ifulela lothando nokulungiseka uTutu ayelilwela impilo yakhe yonke.",zul,machine,gemma-4-31b-it,Masisebenze ngokubambisana ukuqinisa intando yeningi labantu
"On New Year's Day 2022, a grieving nation gathered at St George’s Cathedral in Cape Town to bid a final farewell to Archbishop Desmond Tutu. It was a deeply poignant moment of sorrow, marking the loss of one of the country's most revered moral leaders. Amidst the pain, the occasion served as a powerful reminder of the need to work collaboratively to strengthen the collective will and spirit of the people.",eng,machine,gemma-4-31b-it,Masisebenze ngokubambisana ukuqinisa intando yeningi labantu
"Isizwe sabuthana ngokubuhlungu eKapa ukuze sivalelise uMbhishobhi omkhulu Desmond Tutu ngo-1 kuZibandlela 2022. Lo mzuzu usikhumbuza ukubaluleka kokubambisana nomoya wobunye phakathi kwabantu bonke. Kubalulekile ukuthi sisebenze ngokubambisana ukuze siqinise intando yeningi labantu ekwakheni isizwe esiqinile. Ngale ndlela, singaqhubekisela phambili ifa lothando nokuthula elashiye uMbhishobhi Tutu.",zul,machine,gemma-4-31b-it,Masisebenze ngokubambisana ukuqinisa intando yeningi labantu
"On January 1, 2022, the nation gathered at St George’s Cathedral in Cape Town for a heartfelt farewell to Archbishop Desmond Tutu. This moment of collective grief serves as a call for people to work together in unity to strengthen the will of the majority. By honoring his legacy, there is an emphasis on collaboration to build a more cohesive and empowered society.",eng,machine,gemma-4-31b-it,Masisebenze ngokubambisana ukuqinisa intando yeningi labantu
"Ngosuku lokuqala lonyaka we-2022, isizwe sabuthana ndawonye esontweni i-St George’s Cathedral eKapa ukuze sizovalelise uMbhishobhi omkhulu uDesmond Tutu. Kwakungumzuzu obuhlungu kakhulu emoyeni wesizwe sonke ngenxa yokulahlekelwa yilo mholi omkhulu. Lolu hlangano lusebenze njengesikhumbuzo sokuba sisebenze ngokubambisana ukuqinisa intando nobumbano lweningi labantu.",zul,machine,gemma-4-31b-it,Masisebenze ngokubambisana ukuqinisa intando yeningi labantu
"The nation gathered at St George’s Cathedral in Cape Town on January 1, 2022, to bid a final farewell to Archbishop Desmond Tutu. It was a deeply poignant and painful moment as the country mourned the loss of the revered leader. The occasion served as a call for continued unity and collaboration to strengthen the collective will of the people.",eng,machine,gemma-4-31b-it,Masisebenze ngokubambisana ukuqinisa intando yeningi labantu
"Ukukhumbula uMbhishobhi Desmond Tutu kusikhumbuza ngokubaluleka kobumbano nokuzithoba phambi kwenhloso yeningi. Kumele sisebenze ngokubambisana ukuqinisa intando yeningi labantu ukuze sakhe isizwe esibukane ngezinhliziyo ezimfudumalele. Ngokwenza kanje, siyagcina ifa lothando nokulungiseka uMbhishobhi Tutu alifundise thina. Lokhu kubambisana kuyisisekelo sokuthula nentuthuko kwezwe lethu.",zul,machine,gemma-4-31b-it,Masisebenze ngokubambisana ukuqinisa intando yeningi labantu
"The passing of Archbishop Desmond Tutu in 2022 served as a poignant reminder of the need for national unity and collective action. The call to work together to strengthen the will of the majority emphasizes the importance of collaboration in upholding democratic values and social justice. By uniting in a spirit of cooperation, people can honor Tutu's legacy of reconciliation and peace. This shared commitment is essential for building a more equitable and inclusive society for all.",eng,machine,gemma-4-31b-it,Masisebenze ngokubambisana ukuqinisa intando yeningi labantu
"Umbiko wokugcina woPhiko Olukhethekile Kwezokuphenywa Kwamacala (i-SIU) uveze ukuthi ababhebhezeli benkohlakalo ye-COVID-19 manje sebabhekana nomthetho ngqo. Lolu phenyo olubanzi luveze ukusetshenziswa budedengu kwezimali ezazibekelwe ukulwa nale nkinga kuzo zonke izinhlaka zikahulumeni. Ngakho-ke, i-SIU isaqhubeka nemizamo yokubuyisela le mali eyabiwa ukuze kube nokubona komthetho nokuzibophezela kwabo bonke abathintekayo.",zul,machine,gemma-4-31b-it,Ababhebhezeli benkohlakalo ye-COVID-19 babhekane nomthetho
"The Special Investigating Unit (SIU) has released its final report regarding the fraudulent use of COVID-19 funds across various government structures. The report details comprehensive investigations into allegations of corruption and the misappropriation of emergency pandemic relief. Consequently, individuals found to be involved in these corrupt activities are now facing legal action to ensure accountability.",eng,machine,gemma-4-31b-it,Ababhebhezeli benkohlakalo ye-COVID-19 babhekane nomthetho
"iPhiko Olukhethekile Kwezokuphenywa Kwamacala (i-SIU) likhiphile umbiko wayo wokugcina mayelana nokusetshenziswa budedengu kwezimali ze-COVID-19. Lo mbiko ugxile ekuphenyweni kwezinsolo zenkohlakalo ezitholakale kuzo zonke izinhlaka zikahulumeni. Ngenxa yalokhu, ababhebhezeli benkohlakalo manje sebabhekana nomthetho ukuze kubuyiswe imali yomphakathi. Lokhu kwenziwa ngenhloso yokuthi kube nokuzibophezela ngokusebenzisa kabi izinsiza zikahulumeni ngesikhathi sobubi.",zul,machine,gemma-4-31b-it,Ababhebhezeli benkohlakalo ye-COVID-19 babhekane nomthetho
"The Special Investigating Unit (SIU) has released its final report regarding the fraudulent use of COVID-19 funds across all spheres of government. The comprehensive investigation focused on uncovering corruption and the misappropriation of emergency resources intended to combat the pandemic. Consequently, individuals found to have profiteered from these funds are now facing legal action.",eng,machine,gemma-4-31b-it,Ababhebhezeli benkohlakalo ye-COVID-19 babhekane nomthetho
"iPhiko Olukhethekile Kwezokuphenywa Kwamacala (i-SIU) likhiphile umbiko wayo wokugcina mayelana nokuphenywa kokusetshenziswa budedengu kwezimali ze-COVID-19. Lolu phenyo luveze ukuthi kukhona abantu nezinkampani ezithile ezantshontsha izimali ezazibekelwe ukusiza umphakathi ngesikhathi senkinga yobuhlungu. Manje, laba ababhebhezeli bayabhekana nomthetho ukuze kuqinisekiswe ukuthi izimali ezantshontshwe buyiswa kuhulumeni. Lokhu kukhombisa ukuthi inkohlakalo ngeke itholwe ithemba, futhi ubulungiswa buyabambeka.",zul,machine,gemma-4-31b-it,Ababhebhezeli benkohlakalo ye-COVID-19 babhekane nomthetho
"The Special Investigating Unit (SIU) released a final report detailing investigations into the fraudulent use of COVID-19 funds across various government sectors. This report highlights that individuals who profited from pandemic-related corruption are now facing legal action. By holding these perpetrators accountable, the state aims to recover misappropriated funds and restore public trust in government spending. This process underscores the critical importance of transparency and accountability in the management of emergency resources.",eng,machine,gemma-4-31b-it,Ababhebhezeli benkohlakalo ye-COVID-19 babhekane nomthetho
"I-CACH iyinsiza yezobuchwepheshe ephathwa uMnyango Wezemfundo Ephakeme kanye Nokuqeqeshwa (i-DHET) ehloselwe ukuxhumanisa abafundi namathuba okufunda. Lolu hlelo lusebenza njengohlobo lwebhuloho olusiza labo bafundi abafuna izikhala zokungena emanyuvesi nasemakolishi emva kokuba sebevaleleke. Ngale ndlela, i-CACH iqinisekisa ukuthi intsha ethanda ukufunda ithola ithuba lokuqeqeshwa nokwakha ikusasa eliqhakazile.",zul,machine,gemma-4-31b-it,I-CACH ixhumanisa abafundi namathuba okufunda
"The Central Applications Clearing House (CACH), managed by the Department of Higher Education and Training (DHET), is bridging the gap between aspiring students and higher education opportunities. This innovative technological resource serves as a vital link, helping applicants secure available university placements that might otherwise remain unfilled. By streamlining the connection between students and institutions, CACH ensures that more qualified youth can access the tertiary education they need to succeed.",eng,machine,gemma-4-31b-it,I-CACH ixhumanisa abafundi namathuba okufunda
I-CACH iyinsiza yezobuchwepheshe kahulumeni ephethwe nguMnyango Wezemfundo Ephakeme kanye Nokuqeqeshwa (DHET). Lolu hlelo lusiza abafundi ngokubaxhumanisa namathuba okufunda kanye nezikhala ezisasele ezinyuvesi. Inhloso yalo ukwenza kube lula ukuthi abafundi bathole indawo yokufunda ukuze baqhubeke nemfundo yabo ephakeme.,zul,machine,gemma-4-31b-it,I-CACH ixhumanisa abafundi namathuba okufunda
"The Central Applications Clearing House (CACH) is a government technological resource managed by the Department of Higher Education and Training (DHET). This initiative is designed to connect students with available learning opportunities across various tertiary institutions. By facilitating access to vacant spaces at universities and colleges, CACH helps students secure essential placement for their higher education.",eng,machine,gemma-4-31b-it,I-CACH ixhumanisa abafundi namathuba okufunda
"I-CACH iyinsiza yezobuchwepheshe kahulumeni ephethwe nguMnyango Wezemfundo Ephakeme kanye Nokuqeqeshwa (i-DHET). Lolu hlelo lusebenza ngokuxhumanisa abafundi namathuba ahlukahlukene okufunda ukuze bathole usizo olufanele. Lusiza kakhulu labo bafundi abafuna izikhala zokungena emanyuvesi nasezikoleni zokuqeqeshwa. Ngale ndlela, i-CACH yenza kube lula ukuba abafundi bafinyelele emfundweni ephakeme ukuze bakhe ikusasa labo.",zul,machine,gemma-4-31b-it,I-CACH ixhumanisa abafundi namathuba okufunda
"CACH is a government technology resource managed by the Department of Higher Education and Training (DHET). It serves as a vital link that connects students with various learning and educational opportunities. Specifically, the program assists individuals seeking entry into universities and other training institutions to secure available placements. By streamlining this process, CACH helps students bridge the gap between their aspirations and higher education.",eng,machine,gemma-4-31b-it,I-CACH ixhumanisa abafundi namathuba okufunda
"Imithetho emisha isingeniswe ukuze iqinise ukulwisana nodlame olubhekiswe kwabesifazane (GBV), emva kokunyuka kwamacala odlwengulo nezocansi ezinkundleni. Lokhu kuza ngesikhathi abesifazane abaningi basaqhubeka nokuhlalela ovalweni, kanti abaningi sebebahambisa ithemba emthethweni ngenxa yokungasebenzi kahle kwezinhlelo zokuvikela. Le nyathelo lihlose ukuvuselela ukwethenjwa kwezinkundla zezomthetho nokunikeza ukuvikelwa okuqinile kulabo abaphathwe kabi.",zul,machine,gemma-4-31b-it,Imithetho emisha iqinisa ukulwisana ne-GBV
"New legislation has been implemented to intensify the fight against gender-based violence (GBV). These measures address the alarming rise in sexual offenses and the ongoing struggle of women living in abusive conditions. By strengthening the legal framework, the goal is to restore hope for victims who have previously felt let down by the justice system.",eng,machine,gemma-4-31b-it,Imithetho emisha iqinisa ukulwisana ne-GBV
"Kungeniswe imithetho emisha eqinisa ukulwisana nodlame olubhekiswe kwabesifazane (GBV) ngenxa yokwenyuka kwamacala odlwengulo nezinye izenzo zobugebengu ezocansi. Le nyathelo lithathwe njengoba abesifazane basaqhubeka nokuhlalela ovalweni, okudala ukuthi abaningi balahle ithemba emthethweni. Le mithetho ihlose ukuqinisekisa ukuthi abenzi bobubi bayajeziswa ukuze kubuyiswe ithemba nokuphepha emphakathini.",zul,machine,gemma-4-31b-it,Imithetho emisha iqinisa ukulwisana ne-GBV
"The rising prevalence of sexual offenses and gender-based violence has left many survivors feeling trapped in abusive environments and hopeless regarding legal recourse. To combat this, new laws are being implemented to strengthen protections and ensure that perpetrators are held accountable more effectively. These legislative updates aim to restore public confidence in the justice system and provide survivors with the security they need to escape violence. By reinforcing legal safeguards, the goal is to create a safer society where the law actively protects the vulnerable.",eng,machine,gemma-4-31b-it,Imithetho emisha iqinisa ukulwisana ne-GBV
"Enkulumweni yakhe Echaza Ngesimo Sezwe (SoNA) yangonyaka we-2022, uMongameli uCyril Ramaphosa ugcizelele kakhulu ukubaluleka kokuthuthukisa izimpilo kanye nendlela yabantu yokuziphilisa. Ubike ukuthi lo msebenzi uzokwakhela phezu kwesisekelo soHlelo Lokwakhiwa Kabusha kanye Nokuvuselelwa Komnotho ukuze kube nokuthuthuka okuqondile. Lokhu kuhlose ukuqinisekisa ukuthi kudalwa amathuba emisebenzi futhi kuncishiswe ububha ezweni lonke.",zul,machine,gemma-4-31b-it,I-SoNA yangowezi-2022: Senza ngcono izimpilo kanye nendlela yabantu yokuziphilisa
UMongameli u-Cyril Ramaphosa ugcizelele ukwenza ngcono izimpilo kanye nendlela yabantu yokuziphilisa eNkulumweni yakhe Echaza Ngesimo Sezwe (i-SoNA) yangowezi-2022. Ubike ukuthi lo msebenzi uzokwakhela phezu kwesisekelo soHlelo Lokwakhiwa Kabusha kanye Nokuvuselelwa Komnotho. Lokhu kwenziwa ngenhloso yokuthuthukisa imithombo yokuphila nokunikeza izizweni amathuba angcono okuziphilisa.,zul,machine,gemma-4-31b-it,I-SoNA yangowezi-2022: Senza ngcono izimpilo kanye nendlela yabantu yokuziphilisa
"Enkulumweni yakhe ye-SoNA yangowezi-2022, uMongameli u-Cyril Ramaphosa ugcizelele ukubaluleka kokuthuthukisa izimpilo nezindlela zokuphila zabantu. Lo msebenzi ubheke ekwakheni phezu kwezisekelo zoHlelo Lokwakhiwa Kabusha kanye Nokuvuselelwa Komnotho ukuze kuqinisekiswe ukukhula kokuthuthuka. Inhloso enkulu wukudala amathuba emisebenzi nokulwa nobubha ukuze wonke umuzi ube nempilo engcono. Lokhu kuzosiza ekutheni umnotho wezwe ukhule ngendlela efanele efike kubo bonke abantu.",zul,machine,gemma-4-31b-it,I-SoNA yangowezi-2022: Senza ngcono izimpilo kanye nendlela yabantu yokuziphilisa
"In his 2022 State of the Nation Address (SoNA), President Cyril Ramaphosa emphasized the critical importance of improving the lives and livelihoods of South African citizens. This initiative aimed to enhance overall quality of life and create more sustainable ways for people to support themselves. To achieve these goals, the President highlighted that these efforts would build upon the foundation of the Economic Reconstruction and Recovery Plan. By focusing on these strategies, the government sought to foster economic growth and social upliftment across the nation.",eng,machine,gemma-4-31b-it,I-SoNA yangowezi-2022: Senza ngcono izimpilo kanye nendlela yabantu yokuziphilisa
"INingizimu Afrika isondele ekupheleni kweSimo Senhlekelele Kuzwelonke, okuyinto elindeleke ukuthi ilethe inkululeko enkulu emphakathini. Uhulumeni ugcizelele ukuthi uhlose ukuqeda lolu simo ngokushesha, kodwa lokhu kuzenzeka lapho kuqedwe zonke izinyathelo ezidingekayo ngaphansi koMthetho Wezempilo Kuzwelonke kanye neminye imithetho yokulwa nobhubhane. Lokhu kusho ukuthi izinkampani kanye nabazakhi bezomnotho bazokwazi ukubuyela emshadweni wokusebenza ngokugcwele ngokushesha okukhulu.",zul,machine,gemma-4-31b-it,Ukuqedwa Kwesimo Senhlekelele Kuzwelonke kusondele eNingizimu Afrika
South Africa is nearing the end of its National State of Disaster. Government officials have stated their intention to lift the emergency status as soon as necessary steps under International Health Regulations and other pandemic-control laws are finalized. This transition marks a pivotal shift in how the country manages the ongoing public health crisis.,eng,machine,gemma-4-31b-it,Ukuqedwa Kwesimo Senhlekelele Kuzwelonke kusondele eNingizimu Afrika
UNingizimu Afrika uhlela ukuqeda Isimo Senhlekelele Kuzwelonke maduze. Lokhu kuzenzeka lapho kuqedwe zonke izinyathelo ezidingekayo ngaphansi koMthetho Wezempilo Kuzwelonke kanye neminye imithetho ehambisana nokunqanda lolu bhubhane. Inhloso wukuhlela indlela efanele yokulawula isimo sezempilo ngaphandle kokusebenzisa imithetho yesimo senhlekelele.,zul,machine,gemma-4-31b-it,Ukuqedwa Kwesimo Senhlekelele Kuzwelonke kusondele eNingizimu Afrika
South Africa aims to lift the National State of Disaster as soon as possible. This transition is contingent upon completing specific legal requirements outlined in the National Health Act and other pandemic-related legislation. These measures are intended to ensure that necessary precautions remain in place to continue curbing the spread of the virus.,eng,machine,gemma-4-31b-it,Ukuqedwa Kwesimo Senhlekelele Kuzwelonke kusondele eNingizimu Afrika
"INingizimu Afrika isondele ekupheleni kwesimo senhlekelele kuzwelonke. Uhulumeni ukwazise ukuthi kuyinhloso yakhe ukuqeda lolu simo ngokushesha, kodwa lokhu kuncike ekwenzeni izinyathelo ezithile ngaphansi koMthetho Wezempilo Kuzwelonke. Kumele kuqinisekiswe ukuthi zonke izidingo nemithetho yokunqanda lolu bhubhane seziqedile ngaphambi kokuba kuthathwe lolu nyathelo.",zul,machine,gemma-4-31b-it,Ukuqedwa Kwesimo Senhlekelele Kuzwelonke kusondele eNingizimu Afrika
South Africa is preparing to end its designated Public Health Emergency. Government officials have stated that their goal is to lift the status as soon as the necessary steps under the Public Health Act and other pandemic-containment laws are completed. This move marks a transition in the country's legal approach to managing the ongoing health crisis.,eng,machine,gemma-4-31b-it,Ukuqedwa Kwesimo Senhlekelele Kuzwelonke kusondele eNingizimu Afrika
iNingizimu Afrika isisondele ekupheliseni Isimo Senhlekelele Kuzwelonke ukuze izwe libuye esimweni esijwayelekile. Lokhu kuzenzeka lapho kuqedwe izinyathelo ezidingekayo ngaphansi koMthetho Wezempilo Kuzwelonke neminye imithetho yokunqanda ubhubhane. Inhloso enkulu wukwenza lolu shintsho ngendlela ephephile ukuze kuqhubeke ukuvikelwa kwempilo yabantu.,zul,machine,gemma-4-31b-it,Ukuqedwa Kwesimo Senhlekelele Kuzwelonke kusondele eNingizimu Afrika
"Both the public and private sectors are viewed as essential drivers of sustainable economic growth. While some argue for a choice between a developmental state leading socio-economic transformation and a market-led private sector, others emphasize the need for collaboration. Ultimately, a synergistic partnership between government and private enterprise is seen as the most effective way to achieve broad economic development.",eng,machine,gemma-4-31b-it,Umkhakha kahulumeni nozimele ibalulekile ekukhuleni komnotho
"Economic growth relies on a balanced partnership between the public and private sectors. While the government provides essential infrastructure, regulation, and social welfare to ensure stability and equity, the private sector drives innovation and job creation through competition. Rather than choosing one over the other, a collaborative approach enables a country to achieve sustainable development and broad-based economic transformation.",eng,machine,gemma-4-31b-it,Umkhakha kahulumeni nozimele ibalulekile ekukhuleni komnotho
"UDkt Nhlakanipho Gumede, onguMphathi Womtho lampilo esibhedlela se-Harry Gwala Regional Hospital eMgu ngundlovu, unikela ulwazi olubalulekile mayelana nesithuthwane. Ugcizelela ukuthi isithuthwane akukona ukungasebenzi kwengqondo, isifo, noma isimo esidinga ukwelashwa ngokwemithi yesibhedlela. Lokhu kusiza kakhulu ekubutheliseni umphakathi ukuze kugwemeke ukungaqondi kahle nokwesaba ngokungadingeki ngalesi simo.",zul,machine,gemma-4-31b-it,Konke okumele ukwazi ngesithuthwane
"Isithuthwane akusona isifo noma ukungasebenzi kwengqondo, kodwa kuyinto ehambisana nendlela ingqondo ebumbeke ngayo. Lokhu kusho ukuthi abantu abanesithuthwane bangase babe nezinselelo ekuxhumananeni nabanye nasekubambelaneni nemvelo eyizwe. Kubalulekile ukuthi sibe nolwazi olwanele ukuze sibasekele futhi sibahloniphe abantu abanalesi simo. Ukuqonda isithuthwane kusiza ekutheni laba bantu bamukeleke futhi baphile impilo engcono emphakathini.",zul,machine,gemma-4-31b-it,Konke okumele ukwazi ngesithuthwane
"Dr. Nhlakanipho Gumede, the Manager of Health and Life at Harry Gwala Regional Hospital in Mgu ngundlovu, is providing essential clarity regarding albinism. He emphasizes that albinism is not a mental disability, a disease, or an infectious condition. By addressing these misconceptions, Dr. Gumede aims to educate the public on the actual nature of the condition.",eng,machine,gemma-4-31b-it,Konke okumele ukwazi ngesithuthwane
"*Isithuthwane* is a cultural phenomenon recognized within Zulu tradition, often associated with spiritual distress or an ancestral calling. According to Dr. Nhlakanipho Gumede of Harry Gwala Regional Hospital, it is important to understand that *isithuthwane* is not a mental illness or a clinical disease. Instead, it is viewed as a cultural experience rather than a medical disorder. Distinguishing between these spiritual beliefs and psychiatric conditions is essential for ensuring that individuals receive the most appropriate form of support.",eng,machine,gemma-4-31b-it,Konke okumele ukwazi ngesithuthwane
"Inkantolo ekhethekile isikhombisile ukuthi ubugebengu abubuyiseli, ikakhulukazi kulabo abenze ubuqophololo ngokwebela umbuso. Lokhu kuqinisekisa ukuthi ingalo yomthetho iyinde futhi ayikaze ikhohlwe, noma ngabe laba abaziphambele bebengakholelwa ukuthi baphumelele. Kuyisixwayiso esicacile ukuthi wonke umuntu ozama ukudla imali yombuso uzogcina ebhekana nemiphumela enzima.",zul,machine,gemma-4-31b-it,Inkantolo ekhethekile ibonisa ukuthi ubugebengu abubuyiseli
"The special court has sent a clear message that crime does not pay. While those who plundered state resources may have believed they had succeeded, the long arm of the law has finally caught up with them. These proceedings serve as a stark reminder that no one is above justice.",eng,machine,gemma-4-31b-it,Inkantolo ekhethekile ibonisa ukuthi ubugebengu abubuyiseli
"A special court has demonstrated that criminal activity ultimately does not pay. Although those who stole from the state may believe they succeeded, the long arm of the law ensures that justice is pursued. This process serves as a reminder that accountability is inevitable for those who defraud the public.",eng,machine,gemma-4-31b-it,Inkantolo ekhethekile ibonisa ukuthi ubugebengu abubuyiseli
"A special court has sent a clear message that crime does not pay. While those who defrauded the state may believe they have escaped justice, the long arm of the law has finally caught up with them. These proceedings reinforce the principle that no one is above the law and that accountability is inevitable.",eng,machine,gemma-4-31b-it,Inkantolo ekhethekile ibonisa ukuthi ubugebengu abubuyiseli
"Inkantolo ekhethekile isekelwe ukuqinisekisa ukuthi bonke abagebenga abebele umbuso bayaboshwa. Lokhu kukhombisa ukuthi ingalo yomthetho yinde, ngisho noma abanye becabanga ukuthi baphumelele ekwebeni. Kubalulekile ukufunda ukuthi ubugebengu abubuyiseli lutho, ngoba ekugcineni wonke umuntu uyobhekana nemiphumela yezenzo zakhe. Ukusebenza kwale nkantolo kulethela umphakathi ithemba lokuthi ubulungiswa buyonqoba.",zul,machine,gemma-4-31b-it,Inkantolo ekhethekile ibonisa ukuthi ubugebengu abubuyiseli
Uhlelo lokudla esikoleni luhlose ukulwa nendlala nokungondleki kahle phakathi kwabantwana. Lolu hlelo lusiza ekuthuthukiseni ikhono labafundi lokufunda ngokubanikeza ukudla okunempilo. Kugxilwe kakhulu ezikoleni ezincishwe amathuba ukuze kuqinisekiswe ukuthi abantwana baya esikoleni njalo. Lokhu kuqinisekisa ukuthi abafundi bathola imfundo efanele ngaphandle kokukhathazwa wukulamba.,zul,machine,gemma-4-31b-it,Uhlelo lokudla esikoleni luqinisekisa ukuthi abantwana abalambi
"The school feeding program is designed to support hungry children, particularly those in disadvantaged schools. By reducing malnutrition and hunger, the initiative aims to improve students' overall ability to learn. Additionally, the program works to increase school attendance rates. This ensures that children have the necessary nutrition to succeed academically.",eng,machine,gemma-4-31b-it,Uhlelo lokudla esikoleni luqinisekisa ukuthi abantwana abalambi
"Uhlelo lokudla ezikoleni luqinisekisa ukuthi abafundi abalali, ikakhulukazi labo abaphuma ezikoleni ezincishwe amathuba. Lolu hlelo luhlose ukuthuthukisa ikhono labantwana lokufunda ngokunciphisa ukungondleki kahle nendlala. Ngaphezu kwalokho, leli nyathelo lenza ngcono ukuya kwabo esikoleni, okuqinisekisa ukuthi abantwana bathola imfundo efanele ngaphandle kokuhlukumezeka wukulamba.",zul,machine,gemma-4-31b-it,Uhlelo lokudla esikoleni luqinisekisa ukuthi abantwana abalambi
"A school feeding program has been implemented to ensure that hungry children receive necessary nutrition. The initiative aims to enhance students' learning capabilities by combatting hunger and malnutrition. Additionally, the program seeks to increase school attendance rates, with a particular focus on supporting disadvantaged schools.",eng,machine,gemma-4-31b-it,Uhlelo lokudla esikoleni luqinisekisa ukuthi abantwana abalambi
UPhiko Lohlelo lukaHulumeni Lwezokuxhumana Nokudluliswa Kolwazi (i-GCIS) kanye ne-Digify Africa sebasingathe isithangami ku-inthanethi sabelana ne-Media Monitoring Africa (i-MMA) kanye ne-Film and Publication Board. Lolu hlelo lugxile ekugqugquzeleni nokufundisa abantu indlela yokugcina abantwana bephephile ngenkathi besebenzisa izobuchwepheshe be-inthanethi. Kuhlwaywe kakhulu ngokubaluleka kokuba abazali nabaqondisi babe nolwazi ngezingo ezihambisana nezinkundla zokuxhumana namuhla. Inhloso enkulu wukuqinisekisa ukuthi abantwana bathola ulwazi lwedijithali ngendlela ephephile neyisisekelo.,zul,machine,gemma-4-31b-it,Gcina abantwana bephephile ku-inthanethi
"The Government Communication and Information System (GCIS), in partnership with Digify Africa, Media Monitoring Africa (MMA), and the Film and Publication Board, recently hosted a virtual event focused on ensuring child safety online. The initiative aimed to equip parents, guardians, and educators with the necessary tools to protect children from the various risks associated with the digital world. By fostering collaboration between government and civil society, the event underscored the urgent need for proactive digital citizenship and stronger online safeguards for minors.",eng,machine,gemma-4-31b-it,Gcina abantwana bephephile ku-inthanethi
"UPhiko lwe-GCIS, i-Digify Africa, i-MMA, kanye ne-Film and Publication Board babebambe isithangami ku-inthanethi esigxile ekugcineni abantwana bephephile. Lolu hlelo luhlose ukunikeza ulwazi nokuvikela abantwana ezingozini ezitholakala emhlabeni wedijithali. Kubalulekile ukuthi abazali nabagadi babantwana babe nolwazi lwezindlela zokulawula nokugada ukusetshenziswa kwe-inthanethi. Lokhu kusiza ekunqandeni ukuhlukunyezwa kwabantwana nokuvikela isithunzi sabo.",zul,machine,gemma-4-31b-it,Gcina abantwana bephephile ku-inthanethi
"The Government Communication and Information System (GCIS) and Digify Africa recently partnered with Media Monitoring Africa and the Film and Publication Board to address online child safety. This collaborative initiative focuses on educating the public and stakeholders on how to protect children from digital risks. By sharing resources and expertise, these organizations aim to promote a safer and more responsible internet environment for minors.",eng,machine,gemma-4-31b-it,Gcina abantwana bephephile ku-inthanethi
UPhiko Lohlelo lukaHulumeni Lwezokuxhumana Nokudluliswa Kolwazi (i-GCIS) kanye ne-Digify Africa sebebambe isithangami ku-inthanethi kanye ne-Media Monitoring Africa (i-MMA) kanye ne-Film and Publication Board. Lolu hlelo luhlose ukuqwashisa nokufundisa ngendlela yokugcina abantwana bephephile lapho besebenzisa inthanethi. Lezi zinhlangano zigcizelele ukubaluleka kokuthi abazali baqaphele imisebenzi yabantwana abo ku-inthanethi ukuze bavikeleke ezingozini ezahlukahlukene.,zul,machine,gemma-4-31b-it,Gcina abantwana bephephile ku-inthanethi
The Government Communication and Information System (GCIS) and Digify Africa recently hosted an online event focused on keeping children safe on the internet. The initiative was held in collaboration with Media Monitoring Africa (MMA) and the Film and Publication Board. The event aimed to raise awareness about digital risks and provide strategies to protect minors online. This partnership highlights a collective effort to ensure a secure digital environment for the youth.,eng,machine,gemma-4-31b-it,Gcina abantwana bephephile ku-inthanethi
"Ukuqoqwa kwentela kubonakale kuqhubeka nokuba yinsika ekusekeleni ukuvuselelwa nokukhula komnotho wezwe. Le ntuthuko igqame kakhulu ngokubonakala kokuthuthuka ngama-25% onyakeni owedlule, kanye nokunyuka ngama-15% onyakeni ongaphambi kobhubhane lwe-COVID-19. Ngaleso sikhathi, ihhovisi lakwa-SARS libonise ukuzibophezela ngokulawula kahle izimali zentela ukuze kuqinisekiswe ukuthi kukhona izinsiza ezanele zokwakha kabusha umnotho.",zul,machine,gemma-4-31b-it,Ukuqoqwa kwentela kweseka komnothoukuvuselelwa nokukhula komnotho
"Effective tax collection continues to be a cornerstone of economic recovery and growth. Recent data shows a significant 25% improvement over the past year, building on a 15% increase recorded just before the COVID-19 pandemic. These gains highlight the critical role of the South African Revenue Service (SARS) in stabilizing and bolstering the nation's financial landscape.",eng,machine,gemma-4-31b-it,Ukuqoqwa kwentela kweseka komnothoukuvuselelwa nokukhula komnotho
"Ukuqoqwa kwentela yi-SARS kubalulekile ekuvuseleleni nasekuvuleni amathuba okukhula komnotho. Kube nokuthuthuka okubonakalayo ekukhokweni kwentela, lapho kube nokukhula kwama-25% onyakeni odlule. Lokhu kulandela ukunyuka kwama-15% okwenzeka ngaphambi kokuba kuqale ubhubhane lwe-COVID-19. Le mali eqoqiwe isiza uhulumeni ukuthi asekele ukuzinzisa nokuthuthukisa umnotho wezwe.",zul,machine,gemma-4-31b-it,Ukuqoqwa kwentela kweseka komnothoukuvuselelwa nokukhula komnotho
"Ukuqoqwa kwentela kudlala indima ebalulekile ekusekeleni ukuvuselelwa nokukhula komnotho wezwe. Kukhona ukuthuthuka okungama-25% okubonakale onyakeni owedlule, kulandela ukunyuka ngama-15% okwenzeka onyakeni ngaphambi kobhubhane lwe-COVID-19. Ngasikhathi sinye, ihhovisi lakwa-SARS liqhubeka nokulawula ukukhokhwa kwezimali zentela ukuze kuqinisekiswe ukuthi izinsiza zikufika lapho zidingeka khona.",zul,machine,gemma-4-31b-it,Ukuqoqwa kwentela kweseka komnothoukuvuselelwa nokukhula komnotho
"Tax collection is playing a pivotal role in supporting economic recovery and sustainable growth. Last year, there was a significant 25% improvement in collections, following a 15% increase recorded in the year prior to the COVID-19 pandemic. These results highlight the ongoing efforts of the South African Revenue Service (SARS) to bolster the national economy.",eng,machine,gemma-4-31b-it,Ukuqoqwa kwentela kweseka komnothoukuvuselelwa nokukhula komnotho
"Ukuqoqwa kwentela kubaluleke kakhulu ekusekeleni ukuvuselelwa nokukhula komnotho wezwe. Lokhu kubonakale ngokwenza ngcono ngama-25% onyakeni owedlule, kanye nokunyuka ngama-15% onyakeni ngaphambi kobhubhane lwe-COVID-19. Le mali eqoqwa yi-SARS isiza ekuhlinzekweni kwezinsiza zomphakathi nokwakhiweni kwemisebenzi entsha. Ngakho-ke, ukukhokha intela ngendlela efanele kuqinisekisa ukuthi umnotho uyaqhubeka nokukhula.",zul,machine,gemma-4-31b-it,Ukuqoqwa kwentela kweseka komnothoukuvuselelwa nokukhula komnotho
"Uhulumeni uzosiza abahlali baseKwaZulu-Natali naseMpumalanga abathinteke izikhukhula zakamuva. Lezi zikhukhula zishiye imiphumela emibi kakhulu, kubalwa ukubhubha kwemizi nokulahleka kwempilo kulezi zifundazwe. Ngakho-ke, uhulumeni uzosebenzisana nabantu ukuze bakhe kabusha izimpilo zabo namakhaya abo. Lolu hlelo luhlose ukuletha usizo nokusekela kulabo abalahlekelwa yizinto zabo.",zul,machine,gemma-4-31b-it,
The government is providing assistance to residents of KwaZulu-Natal and Mpumalanga to help them recover from recent devastating floods. This support is aimed at rebuilding homes and restoring the lives of those affected by the disaster. The floods caused significant loss of life and widespread destruction across both provinces. This initiative seeks to provide essential relief and long-term stability to the impacted communities.,eng,machine,gemma-4-31b-it,
Uhulumeni umemezele ukuthi uzosiza abahlali bezifundazwe KwaZulu-Natali neMpumalanga ukuba bakhe kabusha izimpilo namakhaya abo. Lolu sizo luza emva kwezikhukhula ezimbi zakamuva ezishiye imiphumela ebuhlungu kulezi zifundazwe. Lezi zikhukhula zibulele abantu abaningi futhi zibhubhise imiphakathi nemizimba eminingi. Kulindeleke ukuthi lolu sizo lusize kakhulu ekubuyiseni ukuzinza kulabo abalahlekelwe yikho konke.,zul,machine,gemma-4-31b-it,
The government has pledged to assist residents in KwaZulu-Natal and Mpumalanga to rebuild their homes and lives following devastating recent floods. These floods left a trail of death and destruction across the two worst-hit provinces. The support initiative aims to provide essential relief and restoration for those most affected by the disaster.,eng,machine,gemma-4-31b-it,
"Uhulumeni usebenza kanzima ukusiza abahlali baseKwaZulu-Natali naseMpumalanga ukuze bakhe kabusha izimpilo zabo emva kwezikhukhula ezibhubhisayo. Lolu sizo luhlanganisa ukwakha izindlu ezishonaliswe amanzi nokuhlinzeka ngezinsiza eziyisisekelo ezidingekayo. Ngokubambisana, uhulumeni nemiphakasho bafuna ukuqinisekisa ukuthi abantu babuyela ezindaweni eziphephile. Lokhu kuzosiza ekutheni imiphakasho iphinde isukume futhi iqine ekubhekane nezinhlekelele zemvelo esikhathini esizayo.",zul,machine,gemma-4-31b-it,
"The South African government is providing essential support to the residents of KwaZulu-Natal and Mpumalanga following devastating floods. These natural disasters caused significant loss of life and widespread destruction across both provinces. By assisting with the reconstruction of homes and livelihoods, the government aims to help affected communities recover and regain stability. This initiative highlights the critical role of state-led disaster relief in restoring impacted regions.",eng,machine,gemma-4-31b-it,
"South Africans must remember to fight crime, not foreigners, upholding the inclusive spirit of our democracy. This sentiment echoes the 1955 Freedom Charter and our current Constitution, which affirm that South Africa belongs to all who live in it, regardless of their origin. Redirecting collective anger toward actual criminals rather than migrants is the only way to preserve the unity and justice our liberators envisioned.",eng,machine,gemma-4-31b-it,"Yilwa nobugebengu, hhayi nabokufika"
"The campaign ""Fight crime, not foreigners"" urges citizens to target criminal activity rather than directing violence toward foreign nationals. This message is grounded in the principles of the 1955 Freedom Charter and the South African Constitution, which assert that the country belongs to everyone who lives in it. By focusing on law enforcement rather than xenophobia, the initiative seeks to promote social cohesion and justice for all residents.",eng,machine,gemma-4-31b-it,"Yilwa nobugebengu, hhayi nabokufika"
"Kukhuthazwa abantu ukuba balwe nobugebengu kunokuba bahlasele abafika, ngoba ukuhlukumeza abangeyo kuleli akusiso isixazululo. Lokhu kuhambisana nezimiso zeSomqulu wenkululeko ka-1955 kanye noMthethosisekelo weNingizimu Afrika. Lezi zimiso zigcizelela ukuthi iNingizimu Afrika ngeyabo bonke abahlala kuyona, kungakhathaliseki ukuthi baphumaphi. Ngakho-ke, kubizwa ukuba kubekwe phambili ubunye ekulwiseni ubugebengu ukuze kuvikelwe ukuphepha kwabo bonke abahlala kuleli izwe.",zul,machine,gemma-4-31b-it,"Yilwa nobugebengu, hhayi nabokufika"
"Calls have been made for citizens to focus their fight against crime rather than targeting foreign nationals. This sentiment draws on the principles of the 1955 Freedom Charter, which laid the foundational values for the country's transition to democracy. These principles, now embedded in the Constitution, affirm that South Africa belongs to all who live in it, regardless of their origin.",eng,machine,gemma-4-31b-it,"Yilwa nobugebengu, hhayi nabokufika"
"Ngokwesimiso soMqulu weNkululeko nomthethosisekelo wethu, iNingizimu Afrika ibelabo bonke abahlala kuyo ngaphandle kokubandlulula. Lokhu kusho ukuthi akulona okulungile ukuhlasela abantu ngenxa yokuthi baphuma ezinye izweni. Kumele sibambisane silwe nobugebengu obusisondelela sonke, hhayi ukulwa nabokufika abafuna ukuphepha. Ukuthula nokuhloniphana yikhona okuzosiza ekwakheni isizwe esiqinile nesibumbene.",zul,machine,gemma-4-31b-it,"Yilwa nobugebengu, hhayi nabokufika"
"The call to ""fight crime, not foreigners"" emphasizes the importance of targeting criminal behavior rather than targeting individuals based on their nationality. This principle is rooted in the 1955 Freedom Charter, which shaped the South African Constitution's foundational belief that the country belongs to all who live in it. By rejecting xenophobia, society can work collectively to ensure safety and justice for every resident regardless of their origin. Promoting such inclusivity upholds the democratic values of equality and human rights for all.",eng,machine,gemma-4-31b-it,"Yilwa nobugebengu, hhayi nabokufika"
"UNgqongqoshe Wezempilo, uDkt. Joe Phaahla, usexwayise umphakathi ngokukhula okukhulu kwezimo ze-COVID-19, lapho iNingizimu Afrika ibone ukukhula kwama-137% kwezigameko ezintsha ngomhla zingama-25 kuMbasa. Lokhu kukhula kuqhathaniswa nezinsuku eziyisikhombisa ezedlule, okukhombisa ukuthi isimo siyabuyela emuva. Ngakho-ke, abantu bakhuthazwa ukuba bazivikele ngokuphepha nangokulandela imithetho yezempilo ngaphambi kokuba kufike isizini yobusika. Kubalulekile ukuthi sonke sibe qaphile ukuze sivikele impilo yethu neyabanye.",zul,machine,gemma-4-31b-it,Zivikele kwi-COVID-19  ngaphambi kobusika
"UNgqongqoshe Wezempilo, uDkt. Joe Phaahla, ubike ukuthi kube nokukhula okukhulu kwezigameko ze-COVID-19 eNingizimu Afrika. Lezi zigameko zikhule ngama-137% uma kuqhathaniswa nezinsuku eziyisikhombisa ezedlule. Ngakho-ke, kubalulekile ukuba abantu bazivikele ngokuthatha izinyathelo zokuphepha ngaphambi kokuba kufike isikhathi sobusika.",zul,machine,gemma-4-31b-it,Zivikele kwi-COVID-19  ngaphambi kobusika
"Health Minister Dr. Joe Phaahla has reported a significant surge in COVID-19 cases within South Africa. On March 25, the country recorded a 137% increase in new infections compared to the previous seven days. Consequently, citizens are encouraged to take necessary preventative measures to protect themselves ahead of the winter season.",eng,machine,gemma-4-31b-it,Zivikele kwi-COVID-19  ngaphambi kobusika
"UNgqongqoshe Wezempilo, uDkt. Joe Phaahla, uyaxwayisa umphakathi ukuba uzivikele ekugulweni yi-COVID-19 ngaphambi kobusika. NgokukaNgqongqoshe, iNingizimu Afrika yaqopha ukukhula kwezigameko ezintsha ze-COVID-19 ngama-137% ngomhlaka 25 kuMbasa. Lokhu kukhula kukhona uma kuqhathaniswa nezinsuku eziyisikhombisa ezedlule. Ngakho-ke, izakhamizi zigqugquzelwa ukuba zithathe izinyathelo ezidingekayo ukuze kuvinjwe ukusabalala kwalesi sifo.",zul,machine,gemma-4-31b-it,Zivikele kwi-COVID-19  ngaphambi kobusika
"South Africa has recorded a sharp increase in new COVID-19 cases as the country approaches the winter season. According to Health Minister Dr. Joe Phaahla, there was a 137% surge in new infections reported around March 25 compared to the previous seven days. Authorities are urging the public to remain vigilant to curb the spread of the virus.",eng,machine,gemma-4-31b-it,Zivikele kwi-COVID-19  ngaphambi kobusika
"UNgqongqoshe Wezempilo, uDkt. Joe Phaahla, usexwayisile ngokukhuphuka kwezigameko ze-COVID-19 ngama-137% kusukela mhla zingama-25 kuMbasa. Ngakho-ke, kubalulekile ukuzivikela ngaphambi kokuba kufike ubusika ukuze ugwembe ukugula. Geza izandla zakho njalo futhi ugqoke imaski ezindaweni ezigcwele abantu. Futhi, qiniseka ukuthi uthole imigomo ukuze uqinise uhlelo lwakho lokulwa nezifo.",zul,machine,gemma-4-31b-it,Zivikele kwi-COVID-19  ngaphambi kobusika
"South Africa has seen a significant rise in COVID-19 cases, with a 137% increase recently reported by Health Minister Dr. Joe Phaahla. As winter approaches, it is crucial to take proactive steps to protect yourself and your community from the virus. Ensure you are up to date with your vaccinations and continue practicing good hygiene, such as frequent handwashing. Additionally, wearing masks in crowded indoor spaces can help reduce the spread during the colder months.",eng,machine,gemma-4-31b-it,Zivikele kwi-COVID-19  ngaphambi kobusika
"I-Operation Vulindlela ihlose ukususa izithiyo ezivimbela ukukhula komnotho waseNingizimu Afrika ngokwenza izinguquko ezibalulekile emikhakheni eyenza umehluko. Le nhlelo ibhekisana ngqo nezinkinga zezindleko eziphezulu zezinsizakalo zenethiwekhi kanye nokushoda kwamakhono okuphatha le mikhakha okubebambezela intuthuko. Ngokulungisa lezi zithiyo, kuhleliwe ukuthi kube nokwandisa kwemisebenzi nokuthuthuka kwezomnotho okuzovula amathuba amasha okutshala izimali ezizuzisa izwe lonke.",zul,machine,gemma-4-31b-it,I-Operation Vulindlela ivula indlela yokukhulisa umnotho
"Operation Vulindlela is paving the way for sustainable economic growth by tackling the deep-rooted structural challenges facing South Africa. For years, sectoral inefficiencies, coupled with a critical skills shortage and prohibitive network service costs, have served as major barriers to progress. By streamlining reforms and removing these bottlenecks, the initiative seeks to unlock the country's full economic potential.",eng,machine,gemma-4-31b-it,I-Operation Vulindlela ivula indlela yokukhulisa umnotho
"I-Operation Vulindlela iyinhlelo ehlose ukukhulisa umnotho waseNingizimu Afrika ngokuxisa izithiyo ezivimbela intuthuko. Le nhlelo ibhekisela ezinkingeni ezifana nokuntuleka kwamakhono kanye nezindleko eziphezulu zezinsizakalo zenethiwekhi. Ngokulungisa lezi zinkinga, kuhleliwe ukuthi kuvuleke amathuba amasha emisebenzi nokuthuthuka kwezemali. Lokhu kuzosiza ekutheni umnotho wezwe ukhule ngendlela efanele nengqalasizinda eqinile.",zul,machine,gemma-4-31b-it,I-Operation Vulindlela ivula indlela yokukhulisa umnotho
"Operation Vulindlela is a strategic initiative designed to accelerate South Africa's economic growth by dismantling deep-rooted structural barriers. It specifically targets challenges such as the high cost of network services and a deficiency in essential professional skills. By addressing these inefficiencies, the program aims to unlock the country's economic potential and foster a more sustainable environment for development.",eng,machine,gemma-4-31b-it,I-Operation Vulindlela ivula indlela yokukhulisa umnotho
I-Operation Vulindlela ivula indlela yokukhulisa umnotho waseNingizimu Afrika ngokubhekisisa izithiyo ezinkulu. Izinkinga zokwakheka kwale mikhakha kudala zabekwa njengezinye zezithiyo ezithiyelele ekukhuleni komnotho wezwe. Lokhu kubandakanya ukungabikho kwamakhono ayadingeka kanye nezindleko eziphezulu zezinsizakalo zenethiwekhi. Le nkqubo ihlose ukususa lezi zithiyo ukuze kuvikelwe ukuthuthuka kwezemali nokudala amathuba emisebenzi.,zul,machine,gemma-4-31b-it,I-Operation Vulindlela ivula indlela yokukhulisa umnotho
"Operation Vulindlela is paving the way for increased economic growth in South Africa by addressing long-standing structural barriers. For years, systemic issues within key sectors have hindered the country's economic expansion. Specifically, a lack of necessary skills and the high cost of network services have been identified as primary obstacles. This initiative aims to remove these bottlenecks to stimulate sustainable national development.",eng,machine,gemma-4-31b-it,I-Operation Vulindlela ivula indlela yokukhulisa umnotho
"I-Operation Vulindlela iyinhlelo kahulumeni ehlose ukususa izithiyo ezivimbela ukukhula komnotho waseNingizimu Afrika. Le nhlelo igxile ekulungiseni imikhakha ebalulekile efana namandla, ezokuthutha, kanye nezobuchwepheshe bokuxhumana. Ngokwehlisa izindleko zezinsizakalo nokuthuthukisa amathuba emisebenzi, kuvuleka indlela yokukhanga utshalomali olusha. Lokhu kuzosiza ekutheni izinkampani zikhule futhi kube nokuthuthuka komnotho ezizweni zonke.",zul,machine,gemma-4-31b-it,I-Operation Vulindlela ivula indlela yokukhulisa umnotho
"Operation Vulindlela is a collaborative initiative between the South African government and the private sector designed to accelerate structural reforms. Its primary objective is to remove long-standing barriers that hinder economic growth, particularly within key sectors like energy, logistics, and telecommunications. By addressing critical issues such as high network service costs and skill shortages, the program aims to create a more competitive business environment. Ultimately, these efforts seek to stimulate investment and drive sustainable economic expansion across the country.",eng,machine,gemma-4-31b-it,I-Operation Vulindlela ivula indlela yokukhulisa umnotho
"Thousands of driver's licenses remain uncollected across the country, with the Road Traffic Management Corporation (RTMC) revealing that only 42% of produced cards have been picked up. Official data indicates that 32,748 licenses are still awaiting their owners. Consequently, Transport Minister Fikile Mbalula has urged all motorists to visit their respective centers and collect their documents to ensure they are compliant with the law.",eng,machine,gemma-4-31b-it,Landa ikhadi lakho lelayisensi yokushayela
"I-RTMC ibika ukuthi amakhadi amaningi elayisensi yokushayela awakaqukwa. Ngama-42% kuphela amakhadi, okungama-32 748, asealandiwe. Ngakho-ke, uNgqongqoshe Wezothutha uFikile Mbalula ugqugquzela bonke abashayeli ukuba bayolanda amakhadi abo ngokushesha.",zul,machine,gemma-4-31b-it,Landa ikhadi lakho lelayisensi yokushayela
"i-RTMC ikhuthaza abashayeli ukuba bayolanda amakhadi abo elayisensi yokushayela emuva kokutholakala ukuthi amaningi asasezikhungweni. NgokweNhlangano Elawula Izimoto Emgwaqeni (i-RTMC), ngama-42% kuphela amakhadi elayisensi yokushayela kwayizi-32 748 akhiqizwe aselandiwe. UNgqongqoshe WezoThutha, uFikile Mbalula, ubiza abashayeli ukuba bayolanda amakhadi abo ngokushesha ukuze kuhleleke imisebenzi yezomgwaqo.",zul,machine,gemma-4-31b-it,Landa ikhadi lakho lelayisensi yokushayela
"The Road Traffic Management Corporation (RTMC) has revealed that only 42% of driver's license cards produced during a recent period have been collected. This leaves 32,748 cards still awaiting collection by motorists. Transport Minister Fikile Mbalula is urging citizens to collect their licenses to ensure they are operating legally on the roads.",eng,machine,gemma-4-31b-it,Landa ikhadi lakho lelayisensi yokushayela
"NgokweNhlangano Elawula Izimoto Emgwaqeni (i-RTMC), amakhadi amaningi elayisensi yokushayela asengakalandwa, lapho amaphesenti angama-42% kuphela ayakulandwa. Kubalulekile ukuthi bonke abashayeli baye ezikhungweni ze-DLTC ukuze balande amakhadi abo asengalindile. Ukuba nelayisensi lakho elisemthethweni kukusiza ugweme izinkinga nokuboshwa lapho uhamba emgwaqeni. Sicela uthathe isinyathelo manje ukuze uhambe ngokuphepha nangokusemthethweni.",zul,machine,gemma-4-31b-it,Landa ikhadi lakho lelayisensi yokushayela
"According to the Road Traffic Management Corporation (RTMC), a significant number of driver's license cards remain uncollected, with only 42% having been picked up. Currently, 32,748 cards are still waiting for their owners at various centers. Drivers are urged to collect their physical licenses to ensure they are legally compliant while operating vehicles on the road. Proper documentation is essential for both legal verification and overall road safety.",eng,machine,gemma-4-31b-it,Landa ikhadi lakho lelayisensi yokushayela
"During a recent visit to eThekwini, KwaZulu-Natal, I met with local entrepreneurs to provide critical support for their business recovery programs following the devastating floods. The focus of these efforts is to revitalize damaged enterprises, ensuring that the local economy can begin to stabilize once again. Beyond the financial recovery, these initiatives are essential for helping residents rebuild their lives and restore their daily way of living. It is a vital step toward fostering long-term resilience in the wake of such immense natural disaster.",eng,machine,gemma-4-31b-it,Ukwakha kabusha impilo nendlela yokuphila emuva kwezikhukhula.
"This topic focuses on rebuilding lives and livelihoods in Durban, KwaZulu-Natal, following devastating floods. It specifically highlights the importance of supporting local business owners in reviving their operations after the natural disaster. These efforts aim to restore economic stability and help the community recover from the resulting damages.",eng,machine,gemma-4-31b-it,Ukwakha kabusha impilo nendlela yokuphila emuva kwezikhukhula.
"Ngivakashele eThekwini, KwaZulu-Natal, lapho ngihlangane nosomabhizinisi basendaweni ukuze ngibasize ezinhlelweni zabo zokuvuselela imisebenzi yabo. Lokhu kwenzeke emva komonakalo omkhulu owashiywa izikhukhula ezishaye leli dolobha, ezichitha izakhiwo nemisebenzi eminingi. Inhloso enkulu kulokhu ukwakha kabusha impilo nendlela yokuphila yomphakathi ukuze kubuyiswe ukuzinza nokuthuthuka. Lezi zinyathelo zibalulekile ekutheni umnotho waseThekwini uvuselelelwe futhi ube namandla futhi.",zul,machine,gemma-4-31b-it,Ukwakha kabusha impilo nendlela yokuphila emuva kwezikhukhula.
"Emva kwezikhukhula, kubalulekile ukuqala ngokuhlanza nokulungisa imvelo ukuze kuqinisekiswe ukuphepha kwabo bonke abantu. Ukubambisana nokusekelana emphakathini kuyisihluthulelo sokwakha kabusha izindlu namabhizinisi ngokushesha nangempumelelo. Kudingeka futhi sifunde kulesi simo ngokusebenzisa izindlela ezingcono zokwakha nokulawula amanzi ukuze kuvikelwe imonakalo esikhathini esizayo. Ngokubekezela nangomqondo omuhle, kungenzeka ukwakha indlela yokuphila eqinile futhi ezimile.",zul,machine,gemma-4-31b-it,Ukwakha kabusha impilo nendlela yokuphila emuva kwezikhukhula.
"Abahlengikazi bezilwane bokuqala baseNingizimu Afrika sebephumelele kanti bathweswa iziqu zabo ze-Bachelor of Veterinary Nursing eNyuvesi yasePitoli (UP). Lenyuvesi iyisona kuphela isikhungo esiqeqeshela ukwelashwa kwezilwane ezweni lonke. Phakathi kwabathweswa iziqu kukhona uMnu. Mthimkhulu oveze injabulo yakhe enkulu ngokuthi, ""Angikakholwa namanje.""",zul,machine,gemma-4-31b-it,Abahlengikazi bezilwane bokuqala baseNingizimu Afrika bathweswa iziqu.
"Abahlengikazi bezilwane bokuqala baseNingizimu Afrika sebethweswe iziqu zabo. Abafundi, okubalwa kukaboMthimkhulu, bathole iziqu zeBachelor of Veterinary Nursing eNyuvesi yasePitoli (UP). Le nyuvesi iyisikhungo esisodwa kuphela ezweni leNingizimu Afrika esiqeqeshela ukwelashwa kwezilwane. Lokhu kuwunqopho omkhulu ekuthuthukisweni kwezokwelapha izilwane eNingizimu Afrika.",zul,machine,gemma-4-31b-it,Abahlengikazi bezilwane bokuqala baseNingizimu Afrika bathweswa iziqu.
"Kuthweswe iziqu abahlengikazi bezilwane bokuqala baseNingizimu Afrika. UMnu. Mthimkhulu usanda kuthweswa iziqu ze-Bachelor of Veterinary Nursing eNyuvesi yasePitoli (UP), okuyisona kuphela isikhungo esiqeqesha lolu hlobo lokwelashwa kwezilwane ezweni lonke. Uveze injabulo yakhe uMthimkhulu ethi, ""Angikakholwa namanje.""",zul,machine,gemma-4-31b-it,Abahlengikazi bezilwane bokuqala baseNingizimu Afrika bathweswa iziqu.
"South Africa has celebrated its first-ever veterinary nursing graduates. Among them is Mthimkhulu, who earned a Bachelor of Veterinary Nursing from the University of Pretoria, the only institution in the country providing this specialized training. Expressing excitement over the achievement, Mthimkhulu stated, ""I still can't believe it.""",eng,machine,gemma-4-31b-it,Abahlengikazi bezilwane bokuqala baseNingizimu Afrika bathweswa iziqu.
"iNingizimu Afrika ibone ushintsho olukhulu ngokuthweswa kweziqu kwabahlengikazi bezilwane bokuqala abathola iziqu ze-Bachelor. Omunye walaba bafundi nguMnu. Mthimkhulu, othweswe iziqu ze-Bachelor of Veterinary Nursing eNyuvesi yasePitoli (UP). Le Nyuvesi iyisona kuphela isikhungo esiqeqeshela ukwelashwa kwezilwane kuleli lizwe. Lokhu kuwuphawu olubalulekile oluzosiza ekuthuthukiseni ukunakekelwa kwezilwane eNingizimu Afrika.",zul,machine,gemma-4-31b-it,Abahlengikazi bezilwane bokuqala baseNingizimu Afrika bathweswa iziqu.
"Ukuthengiselwa komgudu kawoyela we-BP Southern Africa e-East London inkampanini ye-Wasaa kuwuphawu olucacile lokuthuthuka komnotho wabansundu. Lolu hlobo lwezinkambiso lukhombisa ukuthi ukunikeza amabhizinisi amadala ezandleni zabansundu kuyisisekelo sokukhula komnotho wezwe. Ngokuthatha yonke impahla nezabelo zalolu mgudu, i-Wasaa izovula amathuba amasha okuqashisa nokuthuthukisa indawo, okugcizelela ukuthi ukuthuthukiswa komnotho wabansundu kuyimpoqo ekukhuleni komnotho wezwe lonke.",zul,machine,gemma-4-31b-it,Ukuthuthukiswa Komnotho Wabansundu kuyimpoqo ekukhuleni komnotho
"The acquisition of the BP Southern Africa terminal in East London by Wasaa, an independent petroleum chemicals company, signals a significant shift toward local industry ownership. By securing all assets and allocations associated with the facility, Wasaa is now positioned to play a pivotal role in the regional energy sector. This strategic transfer underscores the belief that Black Economic Empowerment is a fundamental driver of broader national economic growth. Such initiatives are seen as vital catalysts for fostering a more inclusive and resilient economy.",eng,machine,gemma-4-31b-it,Ukuthuthukiswa Komnotho Wabansundu kuyimpoqo ekukhuleni komnotho
"Inkampani i-BP Southern Africa ithengise umgudu wayo wo-oyela ose-East London inkampani i-Wasaa, okuyinkampani ezimele yamakhemikhali kaphethiloli. I-Wasaa izuze yonke impahla nezabelo ezihambisana nalo mgudu. Leli nyathelo ligcizelela ukuthi ukuthuthukiswa komnotho wabansundu kuyimpoqo ekukhuleni komnotho wezwe.",zul,machine,gemma-4-31b-it,Ukuthuthukiswa Komnotho Wabansundu kuyimpoqo ekukhuleni komnotho
"Black Economic Empowerment is considered a vital driver for overall economic growth. A practical example of this is the sale of BP Southern Africa's East London terminal to Wasaa, a private petrochemical company. Wasaa has acquired all assets and allocations associated with the facility. This transition illustrates how the transfer of ownership to private entities supports broader economic development.",eng,machine,gemma-4-31b-it,Ukuthuthukiswa Komnotho Wabansundu kuyimpoqo ekukhuleni komnotho
"Ukuthuthukiswa komnotho wabansundu kubonakala kuyimpoqo ekukhuleni komnotho, okubonakala ngokuthengiselwa komgudu kawoyela wase-East London. Lo mgudu obulawulwa inkampani i-BP Southern Africa, usuthengiselwe i-Wasaa, okuyinkampani ezimele yamakhemikhali kaphethiloli. I-Wasaa izuze yonke impahla kanye nezabelo zalo mgudu.",zul,machine,gemma-4-31b-it,Ukuthuthukiswa Komnotho Wabansundu kuyimpoqo ekukhuleni komnotho
"BP Southern Africa has sold its East London terminal to Wasaa, a private petroleum chemicals company. Through this transaction, Wasaa has acquired all assets and allocations associated with the facility. The move highlights the significance of Black Economic Empowerment as a key driver for broader economic growth.",eng,machine,gemma-4-31b-it,Ukuthuthukiswa Komnotho Wabansundu kuyimpoqo ekukhuleni komnotho
"Ukuthengwa komgudu we-BP inkampani i-Wasaa kukhombisa ukubaluleka kokuthuthukiswa komnotho wabansundu emisebenzini efana neyakhemikhali. Uma izinsiza ezibalulekile zidluliselwa kubanikazi abansundu, lokhu kuvula amathuba amaningi okukhula komnotho nokudala imisebenzi emiphakathini. Lolu shintsho lusiza ekunciphiseni umehluko wezomnotho nokwenza ukuthi ingcebo isabalale ngendlela efanele. Ngakho-ke, ukuthuthukiswa komnotho wabansundu kuyisisekelo esibalulekile ekukhuleni nasekuqinisweni komnotho wezwe lonke.",zul,machine,gemma-4-31b-it,Ukuthuthukiswa Komnotho Wabansundu kuyimpoqo ekukhuleni komnotho
"Empowering the Black economy is essential for driving sustainable and inclusive national economic growth. By transferring ownership of strategic assets from multinational corporations to independent local entities, wealth is redistributed and local industrial capacity is strengthened. A clear example of this is the acquisition of the BP Southern Africa terminal in East London by Wasaa, an independent petroleum chemicals company. Such transitions foster entrepreneurship and ensure that economic opportunities are more equitably shared across society.",eng,machine,gemma-4-31b-it,Ukuthuthukiswa Komnotho Wabansundu kuyimpoqo ekukhuleni komnotho
"iPhini likaNgqongqoshe Wezempilo, uDkt Sibongiseni Dhlomo, uqinise ukuthi ukukhipha isisu ngendlela ephephile nesemthethweni kumahhala kubo bonke abantu besifazane. Uveze ukuthi ngokomthetho, abesifazane banelungelo lokuthola le nsizakalo ngaphandle kokukhokha. Lokhu kungenziwa kunoma isiphi isibhedlela noma umtholampilo osemthethweni.",zul,machine,gemma-4-31b-it,Ukukhipha isisu ngendlela ephephile nesemthethweni kumahhala
"Dr. Sibongiseni Dhlomo, the Head of Health, has reaffirmed that safe and legal abortions are available to all women free of charge. He clarified that, under the law, every woman has the right to access these services without any financial burden. According to Dr. Dhlomo, these procedures can be obtained at any hospital or recognized health facility.",eng,machine,gemma-4-31b-it,Ukukhipha isisu ngendlela ephephile nesemthethweni kumahhala
"Ukukhipha isisu ngendlela ephephile nesemthethweni kumahhala kubo bonke abesifazane. Lokhu kuqinisekiswe iPhini likaNgqongqoshe Wezempilo, uDkt Sibongiseni Dhlomo, ochaza ukuthi lokhu kuyilungelo ngokomthetho. Abesifazane bangathola le nsizakalo mahhala kunoma isiphi isibhedlela noma izindawo zezempilo.",zul,machine,gemma-4-31b-it,Ukukhipha isisu ngendlela ephephile nesemthethweni kumahhala
"Dr. Sibongiseni Dhlomo, the Head of the Department of Health, has clarified that safe and legal abortions are available to all women free of charge. He stated that according to the law, women have the right to access these services at any public hospital or health facility. This ensures that reproductive healthcare is accessible, safe, and provided without financial barriers.",eng,machine,gemma-4-31b-it,Ukukhipha isisu ngendlela ephephile nesemthethweni kumahhala
"Dr. Sibongiseni Dhlomo, speaking on behalf of the Premier of Health, has announced that safe and legal abortion services are provided free of charge. He emphasized that all women have a legal right to access these services without payment. According to Dr. Dhlomo, these procedures are available at any public hospital or healthcare clinic.",eng,machine,gemma-4-31b-it,Ukukhipha isisu ngendlela ephephile nesemthethweni kumahhala
"Abesifazane banelungelo lomthetho lokuthola usizo lokukhipha isisu ngendlela ephephile. NgokukaDkt Sibongiseni Dhlomo, lezi zinsizakalo zinikezwa mahhala kubo bonke abesifazane. Ungathola usizo olunjalo kunoma isiphi isibhedlela noma umtholampilo omthethweni. Kubalulekile ukusebenzisa lezi zindlela ezisemthethweni ukuze kuqinisekiswe ukuphepha kwempilo yakho.",zul,machine,gemma-4-31b-it,Ukukhipha isisu ngendlela ephephile nesemthethweni kumahhala
"According to the Head of Health, Dr. Sibongiseni Dhlomo, all women have the legal right to access safe abortion services. These medical procedures are provided free of charge to ensure that healthcare is accessible to everyone. Women can obtain these services at any government hospital or clinic. This policy ensures that the process is handled legally and safely by qualified professionals.",eng,machine,gemma-4-31b-it,Ukukhipha isisu ngendlela ephephile nesemthethweni kumahhala
"Ukunyuka kwezindleko zokuphila sekuphethe isisindo esikhulu emindenini eminingi, ikakhulukazi ekuthengweni kokudla nezinye izidingo eziyisisekelo. Ukukhuleka kwamanani ezinsiza kanye nezithuthi kwenze kube nzima kakhulu ukulawula izimali zanyanga zonke, okudala ucindezeleko olukhulu emiphakathini. Ngakho-ke, kubalulekile ukuba sibambisane njengomphakathi ukuze sithole izindlela zokusizana nokulwa nalobu bunzima. Ubunye bethu yibona kuphela okungasisiza ukuba sinqobe lolu laka lwezindleko eziphezulu.",zul,machine,gemma-4-31b-it,Ukunyuka kwezindleko zokuphila kubiza ukuthi sibambisane
"The soaring cost of living has made it increasingly difficult for many to afford basic necessities, including food and essential household items. This financial strain is further intensified by rising utility bills and the growing expense of both public and private transportation. Given these challenging economic pressures, it is now more critical than ever for communities to work together and support one another to alleviate the burden.",eng,machine,gemma-4-31b-it,Ukunyuka kwezindleko zokuphila kubiza ukuthi sibambisane
"Ukunyuka kwezindleko zokuphila kwenze ukuba ukudla, izinsiza, nezithuthi zibe zibiza kakhulu. Lokhu kubenza kube nzima kubantu abaningi ukuthi bakwazi ukuthenga izinto ezibalulekile zansuku zonke. Ngenxa yalezi zinselelo, kubalulekile ukuthi sibambisane futhi sisizane ukuze sikwazi ukumelana nalesi simo esinzima.",zul,machine,gemma-4-31b-it,Ukunyuka kwezindleko zokuphila kubiza ukuthi sibambisane
"Ukunyuka kwezindleko zokuphila kulezi zinsuku kudala ubunzima obukhulu emindenini eminingi, ikakhulukazi ekuthengeni ukudla nasekubhadaleni izinsiza eziyisidingo. Lokhu kubiza ukuthi sishintshe indlela esiphila ngayo ngokusebenzisa amasu okonga nokulawula izindleko zethu. Kubalulekile ukuba sibambisane futhi sisekelane emphakathini ukuze sikwazi ukumelana nalezi zinselelo. Ngokuhlela kanye nokwabelana ngezinsiza, singanciphisa umthwalo wezindleko futhi siqinisekise ukuthi wonke umuntu uyaphila.",zul,machine,gemma-4-31b-it,Ukunyuka kwezindleko zokuphila kubiza ukuthi sibambisane
"The rising cost of living has made it increasingly difficult for many people to afford basic necessities, such as food, utilities, and transportation. These financial pressures put a significant strain on household budgets, making everyday survival a challenge. To navigate these hardships, it is essential for communities to cooperate and support one another through shared resources and collective planning. By working together, individuals can find sustainable ways to reduce expenses and ensure that no one is left behind during economic instability.",eng,machine,gemma-4-31b-it,Ukunyuka kwezindleko zokuphila kubiza ukuthi sibambisane
"Ukusebenzisa kabi isibonelelo somntwana kuwubugebengu obubucayi obungaholela ekuboshweni. Ngokuka-Paseka Letsatsi, isikhulumeli sase-SASSA, nakuba le mali ikhokhwa kulowo oyinakekelayo, iqonde ukusiza ekunakekelweni kwengane kuphela. Okwamanje, isibonelelo singama-R480 ngenyanga ngomntwana ngamunye, kanti abazali bakhunjuzwa ukuthi ukuxhashazwa kwale mali kuwicala elibhekana nomthetho.",zul,machine,gemma-4-31b-it,Ukuxhashazwa kwesibonelelo somntwana kulicala
"Misusing child support grants is a criminal offense, according to SASSA spokesperson Paseka Letsatsi. While the grant—currently R480 per child per month—is paid directly to the caregiver, Letsatsi emphasized that the funds are strictly intended for the child's care and well-being. Caregivers are reminded that diverting these funds for personal use is illegal and subject to prosecution.",eng,machine,gemma-4-31b-it,Ukuxhashazwa kwesibonelelo somntwana kulicala
"Ukuxhashazwa kwesibonelelo somntwana kuwubugebengu futhi kulicala. NgokukaKhulumeli we-SASSA, u-Paseka Letsatsi, isibonelelo sikhokhelwa kulowo oyinakekelayo kodwa siqonde ukunakekela izidingo zomntwana. Okwamanje, isibonelelo singama-R480 ngenyanga ngomntwana ngamunye.",zul,machine,gemma-4-31b-it,Ukuxhashazwa kwesibonelelo somntwana kulicala
"SASSA spokesperson Paseka Letsatsi has warned that the misuse of child support grants is a criminal offense. While the grant is paid directly to the caregiver, he emphasized that the funds are strictly intended for the care and wellbeing of the child. Currently, the child support grant amount stands at R480 per child per month.",eng,machine,gemma-4-31b-it,Ukuxhashazwa kwesibonelelo somntwana kulicala
"Isibonelelo somntwana esikhokhelwa u-SASSA ngama-R480 ngenyanga siqondiswe ekunakekeleni izidingo zomntwana kuphela. Nakuba le mali ihamba ngomnakekeli, kumele isetshenziswe ekutheni umntwana athole ukunakekelwa okufanele. Ukuxhashazwa kwalolu sibonelelo ngokusebenzisa le mali kwezinye izinto kuyicala elingaholela ekuboshweni. Kubalulekile ukukhumbula ukuthi le mali iyenzelwe ikusasa nempilo yomntwana.",zul,machine,gemma-4-31b-it,Ukuxhashazwa kwesibonelelo somntwana kulicala
"The child support grant, currently valued at R480 per month per child, is paid to the caregiver but is intended solely for the child's welfare. Misusing these funds for purposes other than the child's care is a criminal offense. It is essential that caregivers use this financial assistance responsibly to ensure the healthy development and support of the child.",eng,machine,gemma-4-31b-it,Ukuxhashazwa kwesibonelelo somntwana kulicala
"South Africa has officially confirmed a case of Monkeypox following laboratory tests conducted by the National Health Laboratory Services (NHLS). The NHLS announced that the results were positive, marking a significant development in the country's public health monitoring. Authorities are now on high alert to track potential contacts and implement measures to prevent any further spread of the virus.",eng,machine,gemma-4-31b-it,Isifo SeMonkeypox eNingizimu Afrika
I-National Health Laboratory Services (i-NHLS) iqinise ukuthi isifo se-Monkeypox sesitholakale eNingizimu Afrika. Lokhu kuqinisekisiwe emuva kokuba kwenziwe ukuhlola okubanzi elabhorethri. Kubalulekile ukuba umphakathi ube aqaphelayo futhi ulandele izeluleko zezempilo ukuze kuvikelwe ukubhebhetheka kwalesi sifo.,zul,machine,gemma-4-31b-it,Isifo SeMonkeypox eNingizimu Afrika
The National Health Laboratory Services (NHLS) has officially confirmed the presence of Monkeypox in South Africa. This confirmation follows rigorous laboratory testing conducted to detect the virus. The report alerts health authorities to the presence of the disease within the country to ensure a coordinated public health response.,eng,machine,gemma-4-31b-it,Isifo SeMonkeypox eNingizimu Afrika
I-National Health Laboratory Services (i-NHLS) isiqinisekisile ukuthi isifo se-Monkeypox sesitholakele lapha eNingizimu Afrika. Lokhu kuza emva kokwenziwa kokuhlola okwenziwe elabhorethri okukhombise ukuthi igciwane sebingene ezweni. Izikhulu zezempilo manje zisebenza ngokuzikhandla ukuze kuvikeleke ukubhebhetheka kwalesi sifo phakathi komphakathi.,zul,machine,gemma-4-31b-it,Isifo SeMonkeypox eNingizimu Afrika
South Africa has officially confirmed the presence of Monkeypox within the country. The National Health Laboratory Services (NHLS) announced the detection following a series of laboratory tests. Health officials are now monitoring the situation to prevent further spread of the virus.,eng,machine,gemma-4-31b-it,Isifo SeMonkeypox eNingizimu Afrika
"i-National Health Laboratory Services (i-NHLS) isiqinisekisile ukuthi isifo se-Monkeypox sesitholakale eNingizimu Afrika emuva kokuhlolwa kwezibonelo elabhorethri. Lesi sifo sasasa ngokuthinta ngokusondela kakhulu kumuntu onesifo noma ngokuthinta izinto ezinamagciwane. Izimpawu ezivame ukubonakala zihlanganisa umkhuhlane, ikhanda elibuhlungu, kanye namabala avumbuka esikhumbeni. Kubalulekile ukugcina inhlanzeko enhle nokuvakashela ikliniki masinyane uma ubona lezi zimpawu.",zul,machine,gemma-4-31b-it,Isifo SeMonkeypox eNingizimu Afrika
"The National Health Laboratory Services (NHLS) has confirmed the presence of Monkeypox in South Africa following rigorous laboratory testing. This viral disease typically spreads through close physical contact with infected individuals, animals, or contaminated materials. Common symptoms include fever, headache, and a characteristic skin rash. To prevent further transmission, the public is encouraged to maintain good hygiene and seek immediate medical attention if they exhibit symptoms.",eng,machine,gemma-4-31b-it,Isifo SeMonkeypox eNingizimu Afrika
"Izwe lakithi lihlangene ekulileni intsha esencane eyashona ngendlela ebuhlungu esibhicongweni sasethaveni yaseNyobeni. Kubikwa ukuthi izingane nezintsha ezingama-21 zitholakale sezishonile kuleli thaveni, okuyinto esishayile kakhulu imizwa yomphakathi. Okudabukisayo kakhulu ukuthi phakathi kwabashonile, kukhona umntwana oneminyaka eyi-13 kuphela. Lolu hlelo lugcizele ubuhlungu nobubi bokuphelelwa yithemba kwentsha yakithi namuhla.",zul,machine,gemma-4-31b-it,Izwe lakithi lizilele intsha esencane eshone esibhicongweni sasethaveni yaseNyobeni
"The nation is in mourning following a tragedy in Nyobeni, where a group of youth died after a drinking binge at a local tavern. A devastated parent was informed that their children were among the 21 victims found dead at the scene. In a heartbreaking detail, the youngest among them was only 13 years old. This senseless loss has left the community reeling in shock and grief.",eng,machine,gemma-4-31b-it,Izwe lakithi lizilele intsha esencane eshone esibhicongweni sasethaveni yaseNyobeni
Izwe lakithi lizilele kakhulu ngokushona kwentsha esencane esibhicongweni sasethaveni yaseNyobeni. Kubikwa ukuthi izingane ezingama-21 zitholakale sezishonile kuleli thaveni. Encane kunazo zonke kulezi ntsha yayineminyaka eyi-13 kuphela. Le nkulumo ishiye umphakathi uthukile futhi uzizwe ubuhlungu obukhulu.,zul,machine,gemma-4-31b-it,Izwe lakithi lizilele intsha esencane eshone esibhicongweni sasethaveni yaseNyobeni
"The nation is in mourning following a tragic incident at a tavern in Nyobeni that claimed the lives of several young people. Reports confirm that 21 youths were found dead at the scene. Among the victims, the youngest was only 13 years old.",eng,machine,gemma-4-31b-it,Izwe lakithi lizilele intsha esencane eshone esibhicongweni sasethaveni yaseNyobeni
"Izwe lakithi lizishonela intsha esencane eyashona esibhicongweni sasethaveni laseNyobeni. Kubuhlungu kakhulu ukuthi izingane ezingama-21 zishone, kanti encane kunazo zonke yayineminyaka eyi-13 kuphela. Lesi sigameko sisikhumbuza ngobungozi botshwala nokuthi bungayishona kanjani ikusasa lezingane zethu. Kumele sisebenzisane sonke ukuze sivikele intsha yethu siyikhiphe ezindaweni eziyingozi ezifana mathaveni.",zul,machine,gemma-4-31b-it,Izwe lakithi lizilele intsha esencane eshone esibhicongweni sasethaveni yaseNyobeni
"Authorities have pledged to work tirelessly to put an end to the ongoing load shedding crisis. The recent escalation in power cuts was triggered by the loss of over 18,000 MW of generation capacity. This significant deficit is attributed to a combination of technical component failures and a critical lack of maintenance. Officials maintain that they have the capability and determination to restore stability to the national grid.",eng,machine,gemma-4-31b-it,Singakwazi futhi sizosebenza ngamandla ukuqeda ukucinywa kogesi
"There is a firm commitment to working diligently to end the ongoing load shedding. The current power crisis was triggered by the loss of more than 18,000 megawatts of generating capacity. This significant decline resulted from various component failures and unplanned technical breakdowns. Efforts are now focused on resolving these issues to restore stability to the electricity grid.",eng,machine,gemma-4-31b-it,Singakwazi futhi sizosebenza ngamandla ukuqeda ukucinywa kogesi
"Stage 6 load shedding has been implemented following a loss of over 18,000 MW of generating capacity. This critical shortage was caused by a combination of component failures and unplanned outages across the power grid. Officials have pledged to work tirelessly to resolve these technical issues and end the power cuts.",eng,machine,gemma-4-31b-it,Singakwazi futhi sizosebenza ngamandla ukuqeda ukucinywa kogesi
"Minister Ndabeni-Abrahams has called on small businesses to apply for support as part of a broader effort to stimulate economic growth. Speaking at the SheTradesZA Youth Conference, the Minister highlighted the government's commitment to tackling poverty and unemployment. By providing targeted assistance to entrepreneurs, the initiative seeks to create sustainable jobs and revitalize the economy.",eng,machine,gemma-4-31b-it,Amabhizinisi amancane ayanxuswa ukuba afake izicelo zokuthola usizo
"Amabhizinisi amancane anxushelwe kakhulu ukuba afake izicelo zokuthola usizo ukuze akwazi ukuphumelela. Lolu hlelo luhlose ukulwa nobubha kanye nokunciphisa ukuswelakala kwemisebenzi emphakathini. Lokhu kushiwo uNgqongqoshe uNdabeni-Abrahams enhlanganweni ye-SheTradesZA Youth Conference, lapho egcizelele khona ukubaluleka kokukhulisa umnotho wezwe.",zul,machine,gemma-4-31b-it,Amabhizinisi amancane ayanxuswa ukuba afake izicelo zokuthola usizo
"Amabhizinisi amancane anxushelwe ukuba afake izicelo zokuthola usizo ukuze kuthuthukiswe umnotho wezwe. Lokhu kushiwo nguNgqongqoshe uNdabeni-Abrahams ngenkathi ethula inkulumo kwiNgqungquthela Yentsha ye-SheTradesZA. UNgqongqoshe uthe, “Sihlose ukubhekana nokuswelakala kwemisebenzi nobubha, kodwa sinomsebenzi wokukhulisa umnotho.”",zul,machine,gemma-4-31b-it,Amabhizinisi amancane ayanxuswa ukuba afake izicelo zokuthola usizo
"Small businesses are encouraged to apply for support programs to help stimulate economic growth. During the SheTradesZA Youth Conference, Minister Ndabeni-Abrahams emphasized that such initiatives are crucial for combating poverty and unemployment. By providing resources to small enterprises, the government aims to foster entrepreneurship and create sustainable job opportunities.",eng,machine,gemma-4-31b-it,Amabhizinisi amancane ayanxuswa ukuba afake izicelo zokuthola usizo
"Le ndaba lethulwa ngenhloso yokunikeza umphakathi ulwazi olubalulekile mayelana nezinhlelo zikahulumeni. Lolu lwazi lulethwa kuwe nguPhiko likaHulumeni lweZokuxhumana nokudluliswa koLwazi (i-GCIS) ukuze kuqinisekiswe ukuthi zonke izakhamuzi zithola imininingwane efanele. Sikhuthaza wonke umuntu ukuba azibandakanye kulezi zinhlelo ukuze kuthuthukiswe imipilo yabo. Lolu lwazi lutholakala ngezilimi ezahlukahlukene, kuhlanganise nesiNgisi nesiZulu, ukuze kufike kubantu bonke.",zul,machine,gemma-4-31b-it,
"In an effort to enhance transparency, the Government Communications and Information System (GCIS) has launched a new series of public information broadcasts. These updates, available in both English and isiZulu, are designed to keep citizens informed about vital state services and current policy changes. By utilizing a bilingual approach, the GCIS aims to ensure that critical government communication is accessible to all members of the public.",eng,machine,gemma-4-31b-it,
"Lolu hlelo lulethwe yiPhiko likaHulumeni lwezokuxhumana nokudluliswa kolwazi, elaziwa ngokuthi i-GCIS. Leli phiko linomsebenzi wokwazisa izakhamizi ngemisebenzi nezinhlelo ezibalulekile zikahulumeni. Ukuze ulwazi lufike kubantu bonke, luhlinzekwa ngezilimi ezahlukene kuhlanganise nesiNgisi nesiZulu. Lokhu kwenza kube lula ukuba abantu bathole imininingwane ecacile nenesikhathi esifanele.",zul,machine,gemma-4-31b-it,
This text serves as an introduction from the Government Communication and Information System (GCIS). It identifies the GCIS as the entity responsible for presenting the provided information. The materials are available in both English and isiZulu to ensure accessibility for a diverse audience.,eng,machine,gemma-4-31b-it,
IPhiko likaHulumeni lwezokuxhumana nokudluliswa kolwazi (i-GCIS) lihlinzeka ngolwazi olubalulekile kubikashise kubantu bakithi. Lolu lwazi lutholakala ngezilimi zesiNgisi nesiZulu ukuze kuqinisekiswe ukuthi wonke umuntu uyaluqonda kalula. Inhloso yalesi senzo ukuthuthukisa ukuxhumana phakathi kohulumeni nomphakathi. Izakhamuzi zikhuthazwa ukuthi zisebenzise lezi zinsiza ukuze zithole imininingwane ezisemthethweni.,zul,machine,gemma-4-31b-it,
iPhiko likaHulumeni lwezokuXhumana Nokudluliswa Kolwazi (i-GCIS) yinhlangano ekuletha imininingwane ebalulekile kubantu bakithi. Inhloso yayo enkulu wukuqinisekisa ukuthi zonke izakhamuzi zazi ngezinhlelo kanye nezinsiza ezihlinzekwa nguhulumeni. Lokhu kusiza abantu ukuba bathole amalungelo abo futhi bathuthukise izimpilo zabo ngokusebenzisa usizo lukaHulumeni. Kubalulekile ukuthi wonke umuntu ahlale azi ukuze abe nengxenye ekuthuthukiseni izwe lethu.,zul,machine,gemma-4-31b-it,
"The Government Communication and Information System (GCIS) serves as the primary bridge between the South African government and its citizens. Its main goal is to ensure that the public has access to accurate and timely information regarding government policies and essential public services. By providing communication in multiple languages, such as English and isiZulu, the GCIS promotes inclusivity and transparency across the nation.",eng,machine,gemma-4-31b-it,
"Kumele sibambisane namaphoyisa ekulweni nobugebengu ukuze sakhe izwe eliphephile nokuqinile. Ukubika izenzo zobugebengu nokunikeza ulwazi olubalulekile kungasiza kakhulu ekubambeni izigebengu ezihlukumeza abantu. Uma umphakathi namaphoyisa bebambisana, singakwazi ukunciphisa izinga lobugebengu ezitaladini nangemizi yethu. Masibambisane sonke ukuze iNingizimu Afrika ibe yindawo ephephile kubo bonke abahlali.",zul,machine,gemma-4-31b-it,Siza amaphoyisa ukwenza iNingizimu Afrika iphephe
"Citizens are being called upon to strengthen their partnership with law enforcement to foster a safer and more secure South Africa. Active community participation, particularly through the reporting of crimes and the sharing of vital intelligence, remains critical in dismantling criminal networks. Only through a unified front can the police effectively combat violence and restore peace across all provinces. Together, we can build a resilient society where every citizen feels safe in their own community.",eng,machine,gemma-4-31b-it,Siza amaphoyisa ukwenza iNingizimu Afrika iphephe
"Kubalulekile ukuthi umphakathi ubambisane namaphoyisa ukuze kulwiswe ubugebengu eNingizimu Afrika. Ngokubika izenzo zobugebengu nabantu abangaziwa, sisiza amaphoyisa ukuba asebenze ngendlela ephumelelayo. Lokhu kubambisana kuzoholela ekutheni izindawo zethu ziphephe kubo bonke izakhamuzi. Ukuphepha kwelizwe kuwumthwalo wethu sonke, hhayi owamaphoyisa kuphela.",zul,machine,gemma-4-31b-it,Siza amaphoyisa ukwenza iNingizimu Afrika iphephe
"This topic is a call for South African citizens to collaborate with law enforcement to enhance public safety and reduce crime. It emphasizes the importance of community cooperation, such as reporting illegal activities, to help the police maintain order. By working together, the government and the public aim to create a more secure environment for everyone in the country.",eng,machine,gemma-4-31b-it,Siza amaphoyisa ukwenza iNingizimu Afrika iphephe
Amaphoyisa aseNingizimu Afrika acele ukuba imiphakathi ibambisane nawo ekulweni nobugebengu ukuze kwengezwe ukuphepha. Kubalulekile ukuthi abazakhelwane babike zonke izinto ezisolayo ngokushesha ukuze kuvinjwe izigameko zobugebengu. Lokhu kubambisana kuzosiza ekutheni kube nokuphepha okukhulu ezindaweni zethu zohlala. Uhulumeni ugcizelela ukuthi ukuphepha kwelizwe kuwumthwalo wabo bonke abaqhamuka kuleli.,zul,machine,gemma-4-31b-it,Siza amaphoyisa ukwenza iNingizimu Afrika iphephe
"Kubalulekile ukuba sisebenzisane namaphoyisa ukuze sinciphise ubugebengu ezweni lethu. Uma ubona into engalungile noma ubugebengu benzeka, bicabangele amaphoyisa ngokushesha. Ukunikeza ulwazi olubalulekile kusiza amaphoyisa ukuba ababambe abenzi bobubi. Ngokubambisana, singenza iNingizimu Afrika ibe yindawo ephephile kuye wonke umuntu.",zul,machine,gemma-4-31b-it,Siza amaphoyisa ukwenza iNingizimu Afrika iphephe
"Introduced by the government in 1991, zero-rated goods were designed to provide essential financial relief to low-income households. Over the decades, the list of VAT-free items has expanded significantly to better support citizens facing economic challenges. By prioritizing these essential goods, families can effectively lower their daily expenses and stretch their limited budgets further.",eng,machine,gemma-4-31b-it,Yonga imali: Thenga impahla engenantela
"Ukuthenga impahla engenantela kuyindlela enhle yokonga imali emndenini. Le mpahla yethulwa nguhulumeni ngowe-1991 ngenhloso yokusiza ama khaya anemalingeniso aphansi. Kusukela ngaleso sikhathi, izinto eziningi zengeziwe ohlwini lwezimpahla engenantela. Lokhu kusiza abantu ukuba bathole izimpahla ezishibhile kodwa ezisebenza kahle.",zul,machine,gemma-4-31b-it,Yonga imali: Thenga impahla engenantela
"The government introduced VAT-free goods in 1991 to provide financial relief to low-income households. This initiative allows consumers to save money by purchasing essential items that are exempt from value-added tax. Since its inception, the list of products qualified for this exemption has continued to expand.",eng,machine,gemma-4-31b-it,Yonga imali: Thenga impahla engenantela
"Uhulumeni wethula uhlelo lwezimpahla engenantela ngo-1991 ukuze asize ama khaya anemalingeniso aphansi. Kusukela lwaqala lolu hlelo, uhlu lwezinto ezingakhokhelwa intela luye lwanda kakhulu ukuze kutholakale usizo oluningi. Lokhu kusiza ekunciphiseni izindleko zokuphila nokuvumela abantu ukuba bayonge imali yabo.",zul,machine,gemma-4-31b-it,Yonga imali: Thenga impahla engenantela
"The government introduced tax-free goods in 1991 to provide financial relief to low-income households. Since the initiative's inception, the list of exempt products has expanded significantly to offer more savings to consumers. This program continues to help families manage their living costs by reducing the tax burden on essential items.",eng,machine,gemma-4-31b-it,Yonga imali: Thenga impahla engenantela
"Impahla engenantela yethulwa ukusiza imindeni anemalingeniso aphansi ukuba ikwazi ukuthenga izinto ezibalulekile ngamanani aphansi. Ngokukhetha lezi zimpahla, ungakwazi ukuyonga imali eningi ngoba izinga lokuphila lakho alishintshi nakuba intengo ihamba phansi. Kubalulekile ukubheka izinto ezitholakala kuleli luhlu ukuze ukwazi ukulawula izindleko zakho zasekhaya. Lokhu kusiza ekwenzeni ukuba imali yakho ihambe kude, uvikeleke ekutheni uphelele emalini ngaphambi kokuphela kwenyanga.",zul,machine,gemma-4-31b-it,Yonga imali: Thenga impahla engenantela
"Tax-free goods were introduced by the government in 1991 to help low-income households save money on essential items. By removing taxes from these specific products, the government makes basic necessities more affordable for those with limited budgets. Over time, the list of zero-rated goods has expanded to include a wider variety of items. This initiative plays a crucial role in reducing the cost of living for vulnerable families.",eng,machine,gemma-4-31b-it,Yonga imali: Thenga impahla engenantela
"Kwavele kwaba khona ushintsho olukhulu eKapa lapho ukudla kwesintu kwesiZulu sekuthathe indawo ebalulekile ezindaweni zokudlela. Umnikazi walolu hlelo uthi isinqumo sakhe sokulethela izivakashi ukudla kwesintu sishaye emhlolweni, ngoba ufuna ukubakhombisa ubuqotho nengcebo yezwe laseNingizimu Afrika. Manje, abantu abavakashela leli dolobha sengaba nethuba lokuzizwa bengenile emlandweni nasebudlelweni besintu ngendlela eyisisekelo. Lokhu kuqinisa kakhulu ukuzigqaja ngobunikazi nobuciko bokupheka kwesiZulu ebunyenyisayo.",zul,machine,gemma-4-31b-it,Ukudla kwesiZulu kubeke indawo yokudlela yaseKapa ebalazweni
"Traditional Zulu cuisine is putting a Cape Town eatery on the map, offering visitors a true taste of South African heritage. Driven by a desire to showcase the country's authentic identity, the owner uses indigenous dishes to provide tourists with a deeper understanding of the nation's diverse culture. This unique culinary venture is successfully bringing the bold flavors of KwaZulu-Natal to the heart of the Mother City.",eng,machine,gemma-4-31b-it,Ukudla kwesiZulu kubeke indawo yokudlela yaseKapa ebalazweni
"Indawo yokudlela eKapa isidonsa amehlo amaningi ngokusebenzisa ukudla kwesintu kwesiZulu ukuze izivakashi zithole ulwazi ngokuthi iNingizimu Afrika iyizwe elinjani. Lolu hlelo luhlose ukukhombisa ubuciko namasiko okudla kwesiZulu kubantu abavakashela leli dolobha. Ngokwenza lokhu, le ndawo yokudlela ikwazile ukuziveza ebalazweni njengendawo ekhethekile nebalulekile.",zul,machine,gemma-4-31b-it,Ukudla kwesiZulu kubeke indawo yokudlela yaseKapa ebalazweni
"A restaurant in Cape Town is gaining prominence by showcasing traditional Zulu cuisine. The owner aims to use authentic traditional dishes to introduce tourists to the true cultural identity and diversity of South Africa. By bringing these flavors to the city, the eatery provides visitors with a deeper understanding of the country's rich heritage.",eng,machine,gemma-4-31b-it,Ukudla kwesiZulu kubeke indawo yokudlela yaseKapa ebalazweni
"Ukudla kwesintu kwesiZulu sekubeke isikhumbuzo esikhulu eKapa, lapho indawo yokudlela entsha ibonisa ubuciko bokupheka kwesiZulu. Umnikazi walolu hlelo uchaza ukuthi isinqumo sakhe sishone ekutheni izivakashi ezifika eKapa zingakwazi ukubona ukuthi iNingizimu Afrika iyizwe elinjani ngokusebenzisa ukudla kwesintu. Lolu hlelo luhlose ukugqugquzela amasiko nobunjalo bezizwe ukuze kwaziwe kabanzi ngamagugu ethu. Lokhu sekudonsa abantu abaningi, okwenza ukuba kube nokuziqhenya okukhulu ngamasiko esiZulu kuleli dolobha.",zul,machine,gemma-4-31b-it,Ukudla kwesiZulu kubeke indawo yokudlela yaseKapa ebalazweni
"Ukudla kwesintu kwesiZulu kulethe udumo olukhulu ezindaweni zokudlela eziseKapa, okwenza lezi zindawo zaziwe kakhulu. Lokhu kusiza izivakashi ukuba zithole ulwazi ngokuceba kwamasiko ethu ngokunambitha izidlo ezilungiswe ngendlela yesintu. Ngokwethula ukudla okufana nesigwaqane nombila, lezi zindawo zigqugquzela ukuziqhenya ngobuyena nokuhlonipha ukuhlukahluka kwamasiko aseNingizimu Afrika. Ngakho-ke, ukudla kwesiZulu kusebenza njengembambiso yamasiko ethu efundisa umhlaba wonke ngokuthi singobani.",zul,machine,gemma-4-31b-it,Ukudla kwesiZulu kubeke indawo yokudlela yaseKapa ebalazweni
"Zulu cuisine is gaining significant recognition in Cape Town, helping to put local restaurants on the map. By serving traditional dishes, chefs aim to provide visitors with a more authentic understanding of South Africa's rich cultural diversity. These culinary experiences bridge the gap between different regions, showcasing the heritage of the Zulu people to a global audience. Ultimately, this initiative uses food as a powerful tool for cultural education and national identity.",eng,machine,gemma-4-31b-it,Ukudla kwesiZulu kubeke indawo yokudlela yaseKapa ebalazweni
"Indlela entsha yokulwa nenkohlakalo ezikhungweni zikahulumeni isiqala ukuthela izithelo ezibonakalayo. Lokhu kuza emva kwesithembiso senziwa ngowezi-2018 enkulumweni yesimo sezwe, lapho kugcizelelwa khona ukwenza uguquko olubonakalayo ekulweni nokukhwabanisa. Ngaphandle kokuhlanza iminyango kahulumeni, kuye kwenziwa imizamo eqinile yokulwa nenkohliso emkhakheni ozimele. Lezi zinyathelo zibonisa ukuzibophezela ekwakheni uhulumeni ohlanzekile nothembekile.",zul,machine,gemma-4-31b-it,Indlela entsha yokulwa nenkohlakalo ithela izithelo
"A new strategy to combat corruption is finally bearing fruit. This progress follows a commitment made during the February 2018 State of the Nation Address to overhaul how the government tackles graft and fraud within public and private institutions. By transforming the approach to accountability, the state is working to eradicate systemic dishonesty. These results signal a significant step forward in the ongoing battle for transparency and good governance.",eng,machine,gemma-4-31b-it,Indlela entsha yokulwa nenkohlakalo ithela izithelo
"Uhulumeni usebenzisa indlela entsha yokulwa nenkohlakalo njengoba kwesithembiso esenziwa eNkulumweni yeSimo SeZwe ngo-2018. Lolu hlelo luhlose ukulethela uguquko ezikhungweni zikahulumeni nokulwa nenkohliso emkhakheni wezombuso. Manje, lezi zinyathelo ziqala ukuthela izithelo ngokulwa nobubi bokwebiwa kwemali yombuso. Lokhu kuqinisekisa ukuthi kukhona ukuphaphama ekulweni nenkohlakalo ezweni.",zul,machine,gemma-4-31b-it,Indlela entsha yokulwa nenkohlakalo ithela izithelo
"In February 2018, during the first State of the Nation Address, a commitment was made to transform the approach to fighting corruption. This initiative specifically targeted corruption within government institutions and fraudulent activities in other sectors. These new strategies are now yielding positive results and are proving to be effective.",eng,machine,gemma-4-31b-it,Indlela entsha yokulwa nenkohlakalo ithela izithelo
Indlela entsha yokulwa nenkohlakalo ezikhungweni zikahulumeni isiqala ukuthela izithelo ezibonakalayo. Lokhu kulandela isithembiso esenziwa enkulumweni yokuqala yesimo sezwe ngoMfumfu ka-2018. Inhloso kwakuwukwenza uguquko olubanzi ekulweni nenkohlakalo kanye nokulwa nokukhwabanisa nenkohliso emkhakheni ozimele.,zul,machine,gemma-4-31b-it,Indlela entsha yokulwa nenkohlakalo ithela izithelo
A new approach to combating corruption is now yielding positive results. This development follows a commitment made during the first State of the Nation Address in 2018 to transform how the government fights corruption within its institutions. The initiative specifically aims to eradicate corruption and fraudulent activities across the public sector.,eng,machine,gemma-4-31b-it,Indlela entsha yokulwa nenkohlakalo ithela izithelo
"Kubalulekile ukuba abazali nabagadi baqaphele izimpawu zokuqala zomdlavuza ebantwaneni ukuze usizo lutholakale masinyane. U-Taryn Seegers, uMxhumanisi weNhlangano Yomdlavuza Wabantwana eNingizimu Afrika (i-CHOC), ugcizelela ukuthi ukwazi lezi zimpawu kuyisihluthulelo sokuthola isifo kusenesikhathi. Lokhu kubalulekile ngoba uma umdlavuza uhlo nzwe masinyane futhi welashwe, kuba namathuba amaningi okuthi ingane ilulame ngokugcwele.",zul,machine,gemma-4-31b-it,Qaphela izimpawu zokuqala zomdlavuza ebantwaneni
"Kubalulekile kakhulu ukuqaphela izimpawu zokuqala zomdlavuza ebantwaneni ukuze bathole usizo lwezokwelapha masinyane. Uma lo mkhuhlane utholakala kusenesikhathi, kuba namathuba amaningi okuthi ingane iphulukele ngokuphelele. Izinhlangano ezifana ne-CHOC zigcizelela ukuthi abazali bazi izimpawu ezivamise ukuvela ukuze kuvikeleke impilo yezingane.",zul,machine,gemma-4-31b-it,Qaphela izimpawu zokuqala zomdlavuza ebantwaneni
"Abazali nabagadi bakhuthazwa ukuba baqaphele izimpawu zokuqala zomdlavuza ebantwaneni. UMxhumanisi weNhlangano Yomdlavuza Wabantwana eNingizimu Afrika (i-CHOC), u-Taryn Seegers, uthi ukwazi lezi zimpawu kubaluleke kakhulu ekusindiseni izimpilo. Lokhu kubalulekile ngoba uma umdlavuza uhlo nzwe kusenesikhathi futhi welashwa, kuba maningi amathuba okwelulama ngokugcwele.",zul,machine,gemma-4-31b-it,Qaphela izimpawu zokuqala zomdlavuza ebantwaneni
Consuming alcohol during pregnancy can seriously jeopardize the health and development of your unborn child. Expectant mothers who are struggling to curb their drinking are urged not to face this challenge alone. Please visit your nearest health clinic to access the professional support and vital care needed to ensure a healthy pregnancy.,eng,machine,gemma-4-31b-it,Utshwala bungalimaza impilo yomntwana  wakho ongakazalwa
"Ukuphuza utshwala ngenkathi ukhulelwe kungalimaza kakhulu impilo yomntwana ongakazalwa. Lokhu kungaholela ekutheni ingane ingakhule ngendlela efanele noma ibe nezinkinga zezempilo eziningi. Uma ubhekana nobunzima bokungakwazi ukuzithiba otshwaleni, sicela ungabi namahloni okufuna usizo. Vakashela imitho yempilo eseduze nawe ukuze uthole ukwesekwa okufanele ukuze ube nokukhulelwa okuphephile.",zul,machine,gemma-4-31b-it,Utshwala bungalimaza impilo yomntwana  wakho ongakazalwa
Alcohol consumption during pregnancy can seriously harm the health of an unborn baby. Health officials are urging pregnant women who struggle with alcohol dependence to seek professional support to ensure a healthy pregnancy. Those facing these challenges are encouraged to visit their nearest health facility for immediate assistance and guidance.,eng,machine,gemma-4-31b-it,Utshwala bungalimaza impilo yomntwana  wakho ongakazalwa
Ukubanjwa kweNgqungquthela Yotshalomali yokuqala ngo-2018 kwakuyisinyathelo esibalulekile sokwakha isisekelo esiqinile sotshalomali emnothweni wethu. Le ngqungquthela iyingxenye yomkhankaso obhungele ukubheka ukuthi singafika emgceleni wezinkulungwane zemali ezilinganiselwa ku-R1.2 billion. Inhloso enkulu wukuthuthukisa amabhizinisi amasha nokunikeza ukusekelwa okwanele okuzotholakala eminyakeni ezayo.,zul,machine,gemma-4-26b-a4b-it,Sakha isisekelo sotshalomali
"The inaugural Investment Conference held in June 2018 served as a key component of an ambitious fundraising campaign. This initiative aims to secure R1.2 billion to drive new investment opportunities in the coming years. By reaching this target, the organization seeks to build a robust foundation for long-term economic growth.",eng,machine,gemma-4-26b-a4b-it,Sakha isisekelo sotshalomali
Ingqungquthela yokuqala yoTshalomali ibanjwe ngonyaka ka-2018 njengengxenye yomkhankaso obalulekile wokunika amandla ezinhlelo ezintsha. Lo mkhankaso uhlose ukuqongelela imali engaba ngu-R1.2 billion eyenzelwe ukwakha isisekelo esiqinile sotshalomali eminyakeni ezayo. Inhloso enkulu wukuthuthukisa umnotho ngokusebenzisa le mali ukuletha amathuba amasha nentuthuko ehlala isikhathi eside.,zul,machine,gemma-4-26b-a4b-it,Sakha isisekelo sotshalomali
"Ngozi-2018, kwakubanjelwe iNgqungquthela Yotshalomali yeSibambe ngenhloso yokwakha isisekelo sotshalomali olusha. Le ngqungquthela yaba yingxenye yomkhankaso wokukhuphula isigidigidi semali engu-R1.2 bili, eyayibhekiswe ekutshalweni kwemali eminyakeni emihla nje. Lolu hlelo luhlose ukusebenzisa le mali ukwakha isisekelo esiqinile sotshalomali.",zul,machine,gemma-4-26b-a4b-it,Sakha isisekelo sotshalomali
The inaugural Investment Summit was launched in 2018 as a key component of a strategic fundraising campaign. This initiative aims to raise R1.2 billion to fund new investment projects in the coming years. The summit serves as the foundation for a long-term effort to secure the capital necessary to drive significant economic development.,eng,machine,gemma-4-26b-a4b-it,Sakha isisekelo sotshalomali
"Ukwakha isisekelo esiqinile sotshalomali kubalulekile ekukhuliseni umnotho nasekuqinisekiseni ukuthi izimali zisebenza ngendlela efanele. Ngokubamba inkqungquthela yotshalomali yokuqala ngo-2018, saqala uhambo lokunqamulela imali engama-R1.2 billion ekuvuseleleni imikhakha emisha yokutshala imali. Lokhu kuzosiza ekudaleni amathuba emisebenzi nasekuqinisekiseni ukuthi isisekelo sezomnotho siba namandla kakhulu eminyakeni ezayo.",zul,machine,gemma-4-26b-a4b-it,Sakha isisekelo sotshalomali
"I-ASIDI isakhulisa ingqalasizinda yesikole ngokushesha okukhulu, okuveza ukuzibophezela kwayo ekuthuthukiseni imfundo. Lesi sikole, esizinze eMthatha eMpumalanga Kapa, siqale umsebenzi wokwakha isakhiwo segalaji emzini wakwaNkululeko Ralo, oyiLungu lomphakathi okuthiwa usisize kulo msebenzi. Nakuba eminyakeni eyedlule isikole sabhekana nezinselelo zokuhleleka kwemisebenzi, manje intuthuko ibonakala ngokusobala.",zul,machine,gemma-4-26b-a4b-it,I-ASIDI yakha ngokushesha ingqalasizinda yesikole
"ASIDI is making rapid strides in developing vital school infrastructure in Mthatha, Eastern Cape. The school has recently begun utilizing a new glass-structured facility situated on the property of community member Nkululeko Ralo. This development offers much-needed relief to the institution, which has struggled with inadequate facilities for many years.",eng,machine,gemma-4-26b-a4b-it,I-ASIDI yakha ngokushesha ingqalasizinda yesikole
"Isikole esiseduze naseMthatha eMpumalanga Kapa sase sisebenzisa isakhiwo esincane segalaji ekhaya likanNkululeko Ralo. Manje, uhlangano lwe-ASIDI luqalile ukwakha ingqalasizinda entsha nengcono kakhulu ukuze sithuthukise isimo sesikole. Lolu hlelo luzosiza abafundi ukuba bafunde endaweni ekhululekile nephephile.",zul,machine,gemma-4-26b-a4b-it,I-ASIDI yakha ngokushesha ingqalasizinda yesikole
"ASIDI is rapidly developing much-needed infrastructure for a school located in Mthatha, Eastern Cape. For several years, the school has been operating out of a makeshift structure at the home of a local community member, Nkululeko Ralo. This new construction project aims to replace those inadequate facilities with permanent and stable learning environments for the students.",eng,machine,gemma-4-26b-a4b-it,I-ASIDI yakha ngokushesha ingqalasizinda yesikole
"Uhlangano lwe-ASIDI luyashesha ekwakheni ingqalasizinda yesikole esiseMthatha, eMpumalanga Kapa. Kusalimile ukusebenza kwesakhiwo segalaji ekhaya lomphakathi uNkululeko Ralo, okuhloselwe ukunikeza isikole izidingo ezifanele. Lokhu kuza emva kweminyaka eminingi lapho lesi sikole sase sithutha izikhathi ezinzima ngenxa yokushoda kwezinsiza.",zul,machine,gemma-4-26b-a4b-it,I-ASIDI yakha ngokushesha ingqalasizinda yesikole
"ASIDI has commenced the rapid development of school infrastructure in Mthatha, Eastern Cape. The project involves the construction of a new glass structure situated at the residence of community member Nkululeko Ralo. This initiative aims to address the various infrastructural challenges and delays that the school has faced in recent years.",eng,machine,gemma-4-26b-a4b-it,I-ASIDI yakha ngokushesha ingqalasizinda yesikole
"I-ASIDI isenza inqubekela phambili kakhulu ngokwakha ingqalasizinda yesikole kuleli lali laseMthatha, eMpumalanga Kapa. Ngemva kweminyaka enzima yokushoda kwezakhiwo, lesi sikole manje sisebenzisa isakhiwo esisekhaya likanNkululeko Ralo ukuze kuthuthukiswe imfundo. Lokhu kwakheka ngokushesha kwalezi zingqalasizinda kuzoletha ushintsho oluhle nokuqinisekisa indawo engcono yokufunda kubafundi.",zul,machine,gemma-4-26b-a4b-it,I-ASIDI yakha ngokushesha ingqalasizinda yesikole
"ASIDI is undertaking a rapid initiative to develop essential school infrastructure in Mthatha, Eastern Cape. This project aims to provide a permanent solution for the school, which has historically faced significant facility challenges. Currently, learners are forced to use a makeshift structure located at the home of community member Nkululeko Ralo. By accelerating construction, ASIDI seeks to establish a stable and conducive learning environment for the students.",eng,machine,gemma-4-26b-a4b-it,I-ASIDI yakha ngokushesha ingqalasizinda yesikole
"A major breakthrough in NSFAS funding is on the horizon, offering a significant opportunity for students across the country. The Department of Higher Education and Training has indicated that this support is available to both recent school leavers and those currently pursuing studies at any higher education institution. As the application window approaches, eligible youth are encouraged to prepare their documentation to ensure they do not miss out on this crucial financial aid.",eng,machine,gemma-4-26b-a4b-it,Umnqamulajuqu woxhaso lwe-NSFAS ususondele
"Isikhathi sokufaka izicelo zoxhaso lwe-NSFAS ususondele kakhulu. Lolu hlobo loxhaso lulungele intsha eseyiqedile ukufunda noma esavele ifunda kulezo zikhungo zemfundo ephakeme. Lo msebenzi ukhokhelwa uMnyango Wezemfundo Ephakeme Nokuqeqeshwa ukuze kukhuthazwe ukufunda kwentsha. Ngakho-ke, kubalulekile ukuthi abafundi balungiselele imininingwane yabo ukuze bangaphuthelwa yithuba lokuthola lolu xhaso.",zul,machine,gemma-4-26b-a4b-it,Umnqamulajuqu woxhaso lwe-NSFAS ususondele
The Department of Higher Education and Training has announced that NSFAS funding opportunities are approaching. This financial support is available to young people who are currently studying or have already completed their studies at any level of higher education. Eligible students should prepare to submit their applications as the process nears.,eng,machine,gemma-4-26b-a4b-it,Umnqamulajuqu woxhaso lwe-NSFAS ususondele
"Phakathi kukaNtulikazi noMandulo ngonyaka ka-2021, kubhalwe ukuthi abantu abayizi-9 556 badlwengulwe, kanti iningi labo kwakungabesifazane. Lesi sibalo sikhombisa ukukhula okungaphezulu ngo-7% uma kuqhathaniswa nombiko owedlule, okuyinto edala ukukhathazeka okukhulu emphakathini. Lezi zibalo zibuhlungu kakhulu futhi zikhombisa ukuthi ukuhlukunyezwa kwabesifazane sekuyinkinga emangalisayo, kanti kumele kuqashelwe ukuthi asikho isizathu esikufanele ukuthi umuntu enze ubugebengu obunjalo.",zul,machine,gemma-4-26b-a4b-it,Asikho isizathu se-GBV
"Recent statistics reveal a harrowing surge in Gender-Based Violence, with 9,556 individuals falling victim to rape. The majority of those affected were women, representing a concerning 7% increase compared to the previous reporting period. As these numbers continue to climb, it serves as a grim reminder that there is absolutely no excuse for such violence.",eng,machine,gemma-4-26b-a4b-it,Asikho isizathu se-GBV
"Kugcizelelwa ukuthi asikho isizathu se-GBV emiphakathini yethu. Phakathi kukaNtulikazi noMandulo kowezi-2021, kunesibalo esibuhlungu sabantu abayizi-9 556 abadlwengulwe, lapho iningi labo kwakungabesifazane. Lesi sibalo sikhombisa ukukhula okungaphezulu ngo-7% uma kuqhathaniswa nombiko owedlule.",zul,machine,gemma-4-26b-a4b-it,Asikho isizathu se-GBV
"A total of 9,556 individuals, the majority of whom were women, were victims of rape between Ntulikazi and Mandulo in 2021. This figure represents a 7% increase compared to the previous reporting period. The statistics highlight a significant rise in the prevalence of gender-based violence during this timeframe.",eng,machine,gemma-4-26b-a4b-it,Asikho isizathu se-GBV
"Phakathi kukaNtulikazi noMandulo kowezi-2021, kunezibalo ezibuhlungu ezikhombisa ukuthi abantu abayizintoba nezinkulungwane (9 556), kanti iningi labo kwakungabesifazane, badlwengulwa. Lokhu kukhombisa ukuthi leli sabalo likhule ngama-7% uma sibhekisela emibikweni edlule. Kumele siqonde ukuthi asikho isizathu esivumela ukwenzeka kobubi be-GBV, ngoba ukuhlukunyezwa akusona isenzo esivunyelwe. Kumele siphakamise izwi ukuze siqede lo mkhuba owenza isizwe sikhale.",zul,machine,gemma-4-26b-a4b-it,Asikho isizathu se-GBV
"Recent reports highlight a devastating surge in gender-based violence, noting that 9,556 individuals—the majority of whom were women—were victims of rape. This figure represents a concerning 7% increase compared to the previous reporting period, signaling a growing crisis. These statistics serve as a stark reminder that there is absolutely no excuse for gender-based violence. We must take decisive action to protect survivors and hold perpetrators accountable to end this cycle of abuse.",eng,machine,gemma-4-26b-a4b-it,Asikho isizathu se-GBV
The Vuk Talks are digital communication discussions hosted by the Government Communication and Knowledge Transfer Program Division. These sessions provide free training and various business resources designed to support entrepreneurial development. The primary goal of the initiative is to foster empowerment and help individuals navigate the challenges of running a business.,eng,machine,gemma-4-26b-a4b-it,Ukuqeqeshwa kwamahhala kanye nezinsiza zokwenza amabhizinisi
Uhlelo lukaHulumeni lwezokuxhumana nokudluliswa kolwazi luhlinze ngezinkulumo ezenziwa ngezobuchwepheshe ezaziwa ngeVuk Talks. Lezi zingxoxo zibanjwe ngenhloso yokunikeza ukuqeqeshwa kwamahhala kanye nezinsiza zokwenza amabhizinisi ukuze kugqugquzelwe amandla emphakathini. Lolu hlelo luhlose ukusiza abantu ukuba babhekane nezinselelo ngokunikeza ulwazi nendlela yokuthuthukisa amabhizinisi abo.,zul,machine,gemma-4-26b-a4b-it,Ukuqeqeshwa kwamahhala kanye nezinsiza zokwenza amabhizinisi
"The Government Department of Communications and Knowledge Transfer recently hosted ""Vuk Talks,"" a series of tech-driven social media discussions. These sessions provided participants with free training and essential business resources to foster entrepreneurial growth. The initiative aims to empower individuals and help them navigate and overcome various professional challenges.",eng,machine,gemma-4-26b-a4b-it,Ukuqeqeshwa kwamahhala kanye nezinsiza zokwenza amabhizinisi
"The Vuk Talks, hosted by the Government Communication and Information System (GCIS), serve as a digital platform dedicated to promoting empowerment and entrepreneurship. These sessions offer participants access to free training and essential business development resources designed to enhance their professional capabilities. By providing these tools, the initiative aims to equip aspiring entrepreneurs with the necessary knowledge to build and sustain successful businesses.",eng,machine,gemma-4-26b-a4b-it,Ukuqeqeshwa kwamahhala kanye nezinsiza zokwenza amabhizinisi
"Ukukhothama kukaMbhishobhi uDesmond Tutu kushiye isizwe sinovalo, kodwa kusiqhutshwa umyalezo obalulekile wokuthi kufanele siqhubeke nomsebenzi wakhe. Kudingeka ukuthi sisebenze ngokubambisana ngamandla ukuqinisa intando yeningi nokuqinisekisa ukuthi izimiso zobulungiswa azitshabalali. Ngokubambisana kuphela, singakwazi ukugcina ifa lakhe elikhulu lenkululeko nokuqinisa isisekelo sesizwe sethu.",zul,machine,gemma-4-26b-a4b-it,Masisebenze ngokubambisana ukuqinisa intando yeningi labantu
"Amidst the profound grief shared at St George’s Cathedral, a powerful call for unity has resonated throughout the nation. There is a renewed sense of purpose to work collectively to strengthen the will of the people, honoring the enduring legacy of Archbishop Desmond Tutu. In this moment of mourning, the message remains clear: our greatest strength lies in our ability to stand together for the common good.",eng,machine,gemma-4-26b-a4b-it,Masisebenze ngokubambisana ukuqinisa intando yeningi labantu
"Ngomhlaka 1 kuJanuwari 2022, isizwe sabuthana eSt George’s Cathedral eKapa ukuzokhumbula nokuhlonipha uMbhishobhi uDesmond Tutu. Impilo yakhe ibilokhu ibonisa ukubumbana nokulwela amalungelo abantu kanye nentando yeningi. Ngakho-ke, kumele sisebenze ngokubambisana ukuqinisa amandla ezwi labantu ukuze siqinisekise ukubusa kwentando yeningi.",zul,machine,gemma-4-26b-a4b-it,Masisebenze ngokubambisana ukuqinisa intando yeningi labantu
"The call to work together to strengthen the will of the people is deeply rooted in the legacy of Archbishop Desmond Tutu. Following his passing in early 2022, the nation gathered at St George’s Cathedral to mourn a leader who championed justice and democratic principles. This solemn occasion serves as a powerful reminder for citizens to unite in protecting and upholding the collective voice of the people.",eng,machine,gemma-4-26b-a4b-it,Masisebenze ngokubambisana ukuqinisa intando yeningi labantu
"Ngosuku lokuqala lonyaka ka-2022, isizwe sabuthana eSt George’s Cathedral eKapa ukuzovovala uMbhishobhi omkhulu uDesmond Tutu. Kwakungumzuzu obuhlungu kakhulu kuleli lizwe ngenxa yokulahlekelwa yilesi sikhulu esithandekayo. Ngakho-ke, kukhuthazwa wonke umuntu ukuba masisebenze ngokubambisana ukuqinisa intando yeningi labantu.",zul,machine,gemma-4-26b-a4b-it,Masisebenze ngokubambisana ukuqinisa intando yeningi labantu
"On January 1, 2022, the nation gathered in solemn mourning at St George’s Cathedral in Cape Town to honor the life of Archbishop Desmond Tutu. The service marked a deeply painful moment as citizens united to pay their final respects to the iconic leader. In the wake of this loss, there is a renewed call for all to work together in unity to strengthen the collective will of the people.",eng,machine,gemma-4-26b-a4b-it,Masisebenze ngokubambisana ukuqinisa intando yeningi labantu
"UMbhishobhi uDesmond Tutu ube yisibonelo esikhulu sokulwela ubulungiswa kanye nentando yeningi esizweni lethu. Ukuze siqhubekise lo mkhuba, kufanele sisebenze ngokubambisana ukuqinisa amandla ezimvo zabantu nokuqiniseka ukuthi wonke umuntu uyazwakala. Lokhu kusho ukubambisela izinhloso zokwakha isizwe esinobulungiswa nesinokuzinza. Ngokubambisana kuphela, singaqinisekisa ukuthi intando yeningi ihlala iqinile futhi iqhubeka nokukhokhela intuthuko yethu.",zul,machine,gemma-4-26b-a4b-it,Masisebenze ngokubambisana ukuqinisa intando yeningi labantu
Those who profited from COVID-19 corruption are set to face the full force of the law following the release of the Special Investigating Unit's (SIU) final report. The investigation uncovered extensive fraudulent activities involving the misuse of relief funds across all branches of government. This report marks a critical step in holding perpetrators accountable for exploiting pandemic-era resources for personal gain.,eng,machine,gemma-4-26b-a4b-it,Ababhebhezeli benkohlakalo ye-COVID-19 babhekane nomthetho
"Umbiko wokugcina woPhiko Olukhethekile Kwezokuphenywa Kwamacala (i-SIU) usuvele wakhombisa imiphumela yophenyo mayelana nokusetshenziswa budedengu kwezimali ze-COVID-19 ezinhlakeni zonke zikahulumeni. Lolu phenyo lutholile ukuthi imali eyayibekelwe ukulwa nezifo isetshenziswe ngendlela engafanele ukuze abanye abantu baphile ngokunyenyeza. Ngakho-ke, bonke ababebhebhezela le nkohlakalo manje sebobhekana nomthetho ngenxa yokudla imali eyayibekelwe abantu abadinga usizo.",zul,machine,gemma-4-26b-a4b-it,Ababhebhezeli benkohlakalo ye-COVID-19 babhekane nomthetho
Individuals who profited from COVID-19 corruption are now facing legal action following an investigation by the Special Investigating Unit (SIU). The SIU has released its final report regarding the suspected misuse of pandemic-related funds across various government sectors. This report details the findings of the probe into the fraudulent use of emergency relief resources.,eng,machine,gemma-4-26b-a4b-it,Ababhebhezeli benkohlakalo ye-COVID-19 babhekane nomthetho
"IPhiko Olukhethekile Kwezokuphenywa Kwamacala (i-SIU) likhiphe umbiko walo wokugcina mayelana nokusetshenziswa budedengu kwezimali ze-COVID-19. Lolu phando lubheke izinsolo zokukhohlakala kuzo zonke izinhlaka zikahulumeni. Ngenxa yalo mbiko, ababhebhezeli benkohlakalo manje sebobhekene nomthetho ngenxa yezenzo zabo zokusebenzisa kabi imali yomphakathi.",zul,machine,gemma-4-26b-a4b-it,Ababhebhezeli benkohlakalo ye-COVID-19 babhekane nomthetho
"The Special Investigating Unit (SIU) has released its final report following investigations into the suspected misuse of COVID-19 relief funds. The probe examined allegations of corruption and mismanagement across all branches of government. As a result, those who benefited from the fraudulent distribution of these funds are now facing legal consequences.",eng,machine,gemma-4-26b-a4b-it,Ababhebhezeli benkohlakalo ye-COVID-19 babhekane nomthetho
"IPhiko Olukhethekile Kwezokuphenywa Kwamacala (i-SIU) likhiphe umbiko wokugcina olubika ngokusebenzisa budedengu kwezimali ezinikezelwe ngesikhathi se-COVID-19. Lolu phando lubonise ukuthi abantu abathile baphumelele ngenkohlakalo ngokuntshontsha imali eyayibhekiswe ekusizeni abantu abadinga usizo. Manje, ababhebhezeli benkohlakalo kumele babhekane nomthetho ukuze kubekwe obulungiswa futhi kuqinisekiswe ukuthi akukho okwenzeka futhi. Lokhu kubalulekile ekugcineni ukuthi imali yomphakathi isetshenziswe ngendlela efanele.",zul,machine,gemma-4-26b-a4b-it,Ababhebhezeli benkohlakalo ye-COVID-19 babhekane nomthetho
The Special Investigating Unit (SIU) has released a final report regarding the suspected misuse of COVID-19 relief funds across various government branches. The investigation revealed that individuals and entities who profited from corruption during the pandemic are now facing legal consequences. This crackdown serves as a vital step toward ensuring accountability and recovering public resources stolen during the global health crisis.,eng,machine,gemma-4-26b-a4b-it,Ababhebhezeli benkohlakalo ye-COVID-19 babhekane nomthetho
"Uhulumu, ngomnyango wezeMfundo Ephakeme kanye Nokuqeqeshwa (DHET), ukhombise ukuzibophezela ekusekeleni intsha ngokusebenzisa i-CACH, eyinsiza yezobuchwepheshe ebalulekile. Lolu hlelo lubhekiswe ekuxhumaniseni abafundi namathuba amaningi okufunda, ikakhulukazi labo abafuna izikhala zokungena ezikhungweni zemfundo ephakeme njengeyunivesi. Ngokusebenzisa le nkundla, abafundi bathola ithuba eliqondile lokuthola ulwazi olubalulekile oluzobasiza ukuba baphumelele emfundweni yabo.",zul,machine,gemma-4-26b-a4b-it,I-CACH ixhumanisa abafundi namathuba okufunda
I-CACH iyinsiza yezobuchwepheshe kahulumeni ekhokhelwa nguMnyango Wezemfundo Ephakeme kanye Nokuqeqeshwa (DHET). Lolu hlelo luhlose ukuxhumanisa abafundi namathuba amasha okufunda nokuqeqeshwa ezingeni eliphezulu. Lusiza kakhulu labo abafuna ukuthola izindlela zokungena enyuvesi ngokunikeza imininingwane ebalulekile mayelana namathuba okufunda.,zul,machine,gemma-4-26b-a4b-it,I-CACH ixhumanisa abafundi namathuba okufunda
CACH is a government-managed technological service provided by the Department of Higher Education and Training (DHET). The program is designed to connect students with various learning opportunities. It specifically assists learners in finding pathways to secure entry into university education.,eng,machine,gemma-4-26b-a4b-it,I-CACH ixhumanisa abafundi namathuba okufunda
"I-CACH iyinsiza yezobuchwepheshe kahulumeni ephathwe nguMnyango Wezemfundo Ephakeme kanye Nokuqeqeshwa (DHET). Lolu hlelo luhlose ukuxhumanisa abafundi namathuba amaningi okufunda nokuphumelela. Ngakolunye uhlangothi, lusiza kakhulu labo abafuna izikhala zokungena enyuvesi ngokubakhombisa imininingwane ebalulekile mayelana nemfundo ephakeme.",zul,machine,gemma-4-26b-a4b-it,I-CACH ixhumanisa abafundi namathuba okufunda
"The I-CACH technological service, managed by the Department of Higher Education and Training (DHET), is working to humanize the educational experience for students. The program provides essential support to learners seeking to secure university placement and academic opportunities. By bridging these access gaps, the initiative aims to expand higher education prospects and create more inclusive learning pathways.",eng,machine,gemma-4-26b-a4b-it,I-CACH ixhumanisa abafundi namathuba okufunda
"I-CACH iyinsiza yezobuchwepheshe kahulumeni ephathwa nguMnyango Wezemfundo Ephakeme kanye Nokuqeqeshwa (DHET). Inhloso yalo wukuxhumanisa abafundi namathuba amaningi okufunda eminyango yezikhungo zemfundo ephakeme. Lolu hlelo lusiza labo abafuna izikhala zokungena enyuvesi ngokubakhombisa izindlela ezifanele zokuthuthukisa imfundo yabo. Ngakho-ke, i-CACH iyithuluzi elibalulekile elivula iminyango yokuphumelela kwekusasa.",zul,machine,gemma-4-26b-a4b-it,I-CACH ixhumanisa abafundi namathuba okufunda
"Managed by the Department of Higher Education and Training (DHET), I-CACH is a government-led technological service designed to support students. The program acts as a vital bridge, connecting learners with various academic and university entry opportunities. By facilitating these connections, I-CACH helps students more effectively navigate their pathways toward higher education.",eng,machine,gemma-4-26b-a4b-it,I-CACH ixhumanisa abafundi namathuba okufunda
"Imithetho emisha isiphakamiswe ukuzozinza nokuqinisa ukulwisana nokuhlukunyezwa kwabantu ngokobulili (GBV). Lokhu kusekelwa wukwenyuka okubuhlungu kwamacala okudlwengulwa kanye nezinkinga zezocansi ezibhekene nabesifazane. Nakuba abaningi sebeselelahlekelwa ithemba emthethweni ngenxa yokuhlala ngokwesaba, le mithetho isuke izama ukubuyisela ukwethenjwa kwezinhlelo zokuphepha nokuqinisa ukujeziswa kwabenzi bobubi.",zul,machine,gemma-4-26b-a4b-it,Imithetho emisha iqinisa ukulwisana ne-GBV
"New legislative measures are being introduced to bolster the fight against gender-based violence following a harrowing surge in rapes and sexual offenses. As women continue to live under the constant threat of predators, a widespread loss of faith in the legal system has become increasingly evident. This escalating crisis is deeply moving, leaving a profound and painful impact on a society struggling to find justice.",eng,machine,gemma-4-26b-a4b-it,Imithetho emisha iqinisa ukulwisana ne-GBV
"Ukwenyuka kokudlwengulwa kanye namacala ezocansi kukhombisa ukuthi abesifazane basazizwa besengozini kanti sebacishe balahlekelwe ithemba ohlelweni lwezomthetho. Ukuze kulungiswe le nkinga, kuthathwe imithetho emisha ehlose ukunqamula umkhuba wobudlova obubhekiswe kwabesifazane (GBV). Le mithetho ijolise ekunikezeni ubulungiswa obunothile nasekuqinisekiseni ukuthi abenzi bobubi bayagwetshwa ngendlela efanele. Inhloso enkulu wukuvikela impilo nezilungelo zabesifazane nokuqinisa ukuphepha emphakathini wonke.",zul,machine,gemma-4-26b-a4b-it,Imithetho emisha iqinisa ukulwisana ne-GBV
"New legislation is being implemented to strengthen the fight against Gender-Based Violence (GBV) in response to rising rates of rape and sexual offenses. As women continue to face persistent violence, there is a growing sense of disillusionment and loss of faith in the legal system. These new laws aim to address these critical issues and provide better protection and justice for victims.",eng,machine,gemma-4-26b-a4b-it,Imithetho emisha iqinisa ukulwisana ne-GBV
"Imithetho emisha isethulwe ukunqanda nokulwa nokwenyuka kokudlwengulwa kanye namacala ezocansi emiphakathini. Ngisho noma kukhona lezi zinhlelo, abesifazane basaqhubeka nokuhlalela ovalweni olunzima, okwenza ukuthi balahlekelwe ithemba emthethweni. Lokhu kukhombisa isimo esibucayi nesibangela ukukhathazeka okukhulu ngenxa yokungakhuseleki kwabesifazane.",zul,machine,gemma-4-26b-a4b-it,Imithetho emisha iqinisa ukulwisana ne-GBV
"New legislative measures are being introduced to strengthen the fight against Gender-Based Violence (GBV) following a sharp rise in rape and sexual offenses. Reports indicate that many women continue to live in constant fear, as the increasing violence undermines their sense of security. This trend has also resulted in a widespread loss of hope in the legal system's ability to provide justice. The new laws aim to address these critical failures and restore public confidence in the justice process.",eng,machine,gemma-4-26b-a4b-it,Imithetho emisha iqinisa ukulwisana ne-GBV
"Imithetho emisha esanda kwethulwa inhloso yokunqanda ukubhubhaka kwobulili (GBV) kanye nokuvikela abesifazane nabantwana. Le mithetho iqinisekisa ukuthi abenzi bobubi bakhokha izimpendamlando ezimatshatshatsha futhi baphiliswe ngendlela eqinile ngokomthetho. Ngokusebenzisa le mithetho, kukhona ithemba lokuthi ukudlwengulwa kanye nezinduku ezithinta isithunzi somuntu kuzokuncipha. Kubalulekile ukuthi wonke umuntu azi amalungelo akhe ukuze akwazi ukulwa nalesi sihlava ngendlela efanele.",zul,machine,gemma-4-26b-a4b-it,Imithetho emisha iqinisa ukulwisana ne-GBV
"Recent legislative reforms aim to strengthen the fight against Gender-Based Violence (GBV) in response to the rising rates of sexual offenses. As many women continue to face the threat of violence, there is a critical need to restore public confidence in the legal system. These new laws are designed to enhance protection for survivors and ensure more rigorous prosecution of offenders. By prioritizing accountability, these measures seek to create a safer society and uphold justice for all.",eng,machine,gemma-4-26b-a4b-it,Imithetho emisha iqinisa ukulwisana ne-GBV
"Emthethweni weNkulumo kaMongameli uCyril Ramaphosa echaza ngesimo sezwe ngozi-2022, kugcizelelwe kakhulu ukubaluleka kokuthuthukisa izimpilo nabantu nendlela abaziphilisa ngayo. Lo msebenzi uhlose ukwakha phezu kwesisekelo soHlelo Lokwakhiwa Kabusha kanye Nokuvuselelwa Komnotho ukuze kulethwe ushintsho oluqondile emphakathini. Ngale ndlela, uhulumeni uzama ukunikeza izixazululo eziqinile ezizokwandisa amathuba emisebenzi kanye nempilo engcono kubantu bonke.",zul,machine,gemma-4-26b-a4b-it,I-SoNA yangowezi-2022: Senza ngcono izimpilo kanye nendlela yabantu yokuziphilisa
"During the 2022 State of the Nation Address, President Cyril Ramaphosa placed a significant emphasis on improving the lives and livelihoods of all South Africans. He underscored that these initiatives are designed to build upon the foundation laid by the Reconstruction and Development Programme. By prioritizing socio-economic upliftment, the President aims to drive sustainable growth and enhance the overall well-being of the nation.",eng,machine,gemma-4-26b-a4b-it,I-SoNA yangowezi-2022: Senza ngcono izimpilo kanye nendlela yabantu yokuziphilisa
"Emthethweni wakhe we-SoNA yangowezi ngo-2022, uMongameli uCyril Ramaphosa ugcizelele ukuthuthukiswa kwezinga lempilo kanye nemisebenzi yabantu. Lokhu kuzimisela kusekelwe oHlelo Lokwakhiwa Kabusha kanye Nokuvuselelwa Komnotho ukuze kuthuthukiswe isisekelo sezomnotho sesizwe. Inhloso enkulu wukubhekana nezinkinga zobumpofu ngokunikeza abantu amathuba amaningi okuziphilisa nokwakha isizwe esiqinile.",zul,machine,gemma-4-26b-a4b-it,I-SoNA yangowezi-2022: Senza ngcono izimpilo kanye nendlela yabantu yokuziphilisa
"In his 2022 State of the Nation Address, President Cyril Ramaphosa emphasized a commitment to improving the lives and livelihoods of all South Africans. This initiative aims to build upon the foundation of the Reconstruction and Renewal Program to drive national progress. Through these efforts, the government seeks to foster socio-economic development and enhance the well-being of its citizens.",eng,machine,gemma-4-26b-a4b-it,I-SoNA yangowezi-2022: Senza ngcono izimpilo kanye nendlela yabantu yokuziphilisa
UMongameli uCyril Ramaphosa ugcizelele ukubaluleka kokuthuthukisa izimpilo kanye nezindlela zokuziphilisa zabantu encwadini yakhe ye-SoNA yangowezi-2022. Ugcizelele ukuthi lezi zinhlelo zibheke ekwakheni ikusasa eliqinile ngokusebenzisa izinhlelo ezisemthethweni. Waphinda waphakamisa ukuthi lo msebenzi uzokwakhela phezu kwesisekelo soHlelo Lokwakhiwa Kabusha kanye Nokuvuselelwa Komnotho.,zul,machine,gemma-4-26b-a4b-it,I-SoNA yangowezi-2022: Senza ngcono izimpilo kanye nendlela yabantu yokuziphilisa
President Cyril Ramaphosa emphasized the importance of improving the lives and livelihoods of citizens during his 2022 State of the Nation Address (SONA). He highlighted that the government's focus remains centered on enhancing social welfare and economic stability for all South Africans. Ramaphosa noted that these initiatives are designed to build upon the established foundations of the Reconstruction and Development Programme.,eng,machine,gemma-4-26b-a4b-it,I-SoNA yangowezi-2022: Senza ngcono izimpilo kanye nendlela yabantu yokuziphilisa
"Emhlangweni we-SoNA yangowezi-2022, uMongameli uCyril Ramaphosa ugcizelele ukubaluleka kokuthuthukisa izimpilo kanye nendlela yabantu yokuziphilisa. Lo msebenzi uzobhekisela ekwakheni phezu kwesisekelo soHlelo Lokwakhiwa Kabusha kanye Nokuvuselelwa Komnotho. Inhloso enkulu wukudala amathuba emisebenzi nokukhulisa umnotho ukuze wonke umuntu athole indlela engcono yokuziphilisa.",zul,machine,gemma-4-26b-a4b-it,I-SoNA yangowezi-2022: Senza ngcono izimpilo kanye nendlela yabantu yokuziphilisa
"In his 2022 State of the Nation Address (SONA), President Cyril Ramaphosa emphasized a strategic focus on improving the lives and livelihoods of all South Africans. This initiative is designed to build upon the foundations of the National Development Plan and ongoing reconstruction efforts to foster inclusive economic growth. By prioritizing socio-economic empowerment, the government aims to create sustainable opportunities that enhance the long-term well-being of every citizen.",eng,machine,gemma-4-26b-a4b-it,I-SoNA yangowezi-2022: Senza ngcono izimpilo kanye nendlela yabantu yokuziphilisa
"Isikhathi sokuphela kwesimo senhlekelele kuzwelonke sesisondele eNingizimu Afrika. Uhulumeni uthe uzozimisele ukuqedela lolu hlelo ngokushesha, uma nje kuqedelwe izinyathelo ezithile ngaphansi koMthetho Wezempilo Kuzwelonke kanye neminye imithetho yokunqanda lolu bhubhane. Inhloso wukubeka izinhlelo eziqinile ukuze kunqandwe lolu bhubhane ngokuphelele ngaphambi kokuba kukhululwe izithibiso. Lokhu kuletha ithemba kubantu abalindele ukubuyiselwa kwempilo evamile nokuphila ngaphandle kwezithibiso.",zul,machine,gemma-4-26b-a4b-it,Ukuqedwa Kwesimo Senhlekelele Kuzwelonke kusondele eNingizimu Afrika
"The lifting of the national state of emergency is drawing closer as authorities prepare for a return to normalcy. Officials have stated that the goal is to end the emergency period swiftly, once all necessary protocols under the National Health Act and other pandemic-prevention regulations have been fulfilled. This transition marks a significant step in the country's efforts to move past the ongoing health crisis.",eng,machine,gemma-4-26b-a4b-it,Ukuqedwa Kwesimo Senhlekelele Kuzwelonke kusondele eNingizimu Afrika
Uhulumeni ukhombisa intshisekelo yokuyisusa isimo senhlekelele kuzwelonke eNingizimu Afrika maduze. Lokhu kuzokwenzeka uma kuqedwe zonke izinyathelo ezidingekayo ngaphansi koMthetho Wezempilo Kuzwelonke kanye neminye imithetho yokunqanda ubhubhane. Inhloso wukuthi kuqinisekiswe ukuthi zonke izinyathelo zokulawula isimo sibhekene nalo zifeziwe ngendlela efanele ngaphambi kokuba isimo siphele.,zul,machine,gemma-4-26b-a4b-it,Ukuqedwa Kwesimo Senhlekelele Kuzwelonke kusondele eNingizimu Afrika
South Africa is working towards lifting the National State of Emergency as soon as possible. The government intends to end the emergency status once certain legal requirements under the National Health Act and other pandemic prevention laws have been met. This process involves completing necessary health protocols to ensure the pandemic is effectively managed and controlled.,eng,machine,gemma-4-26b-a4b-it,Ukuqedwa Kwesimo Senhlekelele Kuzwelonke kusondele eNingizimu Afrika
Isikhathi sokuqedwa kwesimo senhlekelele kuzwelonke eNingizimu Afrika sesisondele. Uhulumeni uthe inhloso yawo iwukuqedela lolu hlelo ngokushesha uma nje kuqedelwe izinyathelo ezithile ngaphansi koMthetho Wezempilo Kuzwelonke kanye neminye imithetho yokunqanda lolu bhubhane. Lokhu kuzokwenzeka ngenhloso yokunqanda ukuthi lolu bhubhane lungaphinde lubuyele emuva emiphakathini.,zul,machine,gemma-4-26b-a4b-it,Ukuqedwa Kwesimo Senhlekelele Kuzwelonke kusondele eNingizimu Afrika
South Africa is nearing the end of its National State of Disaster. Officials stated that the goal is to lift the declaration as soon as certain requirements under the National Health Act and other pandemic-prevention regulations are fulfilled. The transition aims to conclude the emergency period quickly once these essential regulatory steps have been completed.,eng,machine,gemma-4-26b-a4b-it,Ukuqedwa Kwesimo Senhlekelele Kuzwelonke kusondele eNingizimu Afrika
Isimo senhlekelele kuzwelonke eNingizimu Afrika sesisondele ekupheleni kwaso. Inhloso wukususa lolu hlelo ngokushesha uma sezifezekisile zonke izinyathelo ezidingekayo ngaphansi koMthetho Wezempilo Kuzwelonke neminye imithetho yokunqanda lolu bhubhane. Lokhu kwenziwa ukuze kuqinisekiswe ukuthi izinyathelo zokuvikela impilo ziqhubeka ngendlela efanele ukuze izwe libuyele ekuziphatheni kwalo kwemva kwalesi simo.,zul,machine,gemma-4-26b-a4b-it,Ukuqedwa Kwesimo Senhlekelele Kuzwelonke kusondele eNingizimu Afrika
"A heated debate has emerged over whether the government or the private sector should serve as the primary engine for economic growth. Proponents of state intervention argue that a progressive government is essential for driving systemic economic transformation and enhancing social welfare. Conversely, others contend that private sector autonomy is the key to sustainable prosperity. Ultimately, finding the right balance between these two forces remains a critical challenge for the nation's development.",eng,machine,gemma-4-26b-a4b-it,Umkhakha kahulumeni nozimele ibalulekile ekukhuleni komnotho
"This topic explores the essential roles that both the government and the private sector play in driving economic growth. It addresses a debate regarding whether economic transformation and social welfare are best achieved through state-led development or private-sector initiatives. Ultimately, the discussion focuses on finding the most effective balance between these two sectors to ensure sustainable prosperity.",eng,machine,gemma-4-26b-a4b-it,Umkhakha kahulumeni nozimele ibalulekile ekukhuleni komnotho
"Dr. Nhlakanipho Gumede, the Medical Manager at Harry Gwala Regional Hospital in Msunduzi, emphasizes that dementia is often misunderstood. He explains that the condition is not merely a matter of brain dysfunction or a simple illness, but a complex neurological challenge. Understanding the true nature of this condition is essential for providing the specialized care and support that those affected require.",eng,machine,gemma-4-26b-a4b-it,Konke okumele ukwazi ngesithuthwane
"Isithuthwane siwuhlobo lwesifo sengqondo esibucayi esidinga ukunakekelwa okukhethekile. Ngokushiwo kukaDkt Nhlakanipho Gumede, akukona nje ukungasebenzi kwengqondo, kodwa kuyisifo esidinga ukuqonda nokulawulwa ngabangcweti zezempilo. Kubalulekile ukufunda ngezimpawu zalo ukuze abantu bafune usizo ngokushesha. Lokhu kusiza ekutheni isifo sibhekane ngendlela efanele ukuze kutholakale impilo engcono.",zul,machine,gemma-4-26b-a4b-it,Konke okumele ukwazi ngesithuthwane
"This topic explores the complexities of dementia, drawing on expert insight from Dr. Nhlakanipho Gumede, a Mental Health Manager at Harry Gwala Regional Hospital. Dr. Gumede clarifies that dementia should not be misunderstood as mere mental dysfunction or a simple disease. Instead, the information aims to provide a comprehensive overview to help people better understand and recognize the condition.",eng,machine,gemma-4-26b-a4b-it,Konke okumele ukwazi ngesithuthwane
"Isithuthwane asikona ukungasebenzi kwengqondo noma ukuba nokuphatheka kabi nje, kodwa yisifo esibucayi esithinta impilo yomuntu nengqondo yakhe ngokugcwele. Siveza ngezimpawu ezifana nokukhungatheka okungapheli, ukulahlekelwa yithemba, kanye nokukhathala okungajwayelekile. Kubalulekile ukuqonda ukuthi isithuthwane singelwa ngokuthola usizo lwezempilo olufanele kubachwepheshe bezokwelashwa. Ungakhohlwa ukuthi ukufuna usizo akukona ukuhlazeka, kodwa kuyisinyathelo esibalulekile ekubuyiselen ijukisile nempilo enempilo.",zul,machine,gemma-4-26b-a4b-it,Konke okumele ukwazi ngesithuthwane
"Depression is a serious mental health condition that is often misunderstood by society. According to medical experts, it should not be mistaken for a lack of intelligence or a personal failure of will. Instead, it is a clinical issue that requires professional medical intervention and proper support. Understanding that depression is a legitimate health concern is a vital step toward effective recovery and reducing social stigma.",eng,machine,gemma-4-26b-a4b-it,Konke okumele ukwazi ngesithuthwane
"Inkantolo ekhethekile isiqalile ukunikeza isibonelo esicacile sokuthi ubugebengu abubuyiseli. Nakuba labo abaphulaphule umthetho bengase bacabange ukuthi sebaphumelele, kumele bazi ukuthi ingalo yomthetho inde kakhulu. Akukho ndawo yokucashelwa, ngoba umthetho uzofika kuwo wonke umuntu ozama ukudlala ngalo.",zul,machine,gemma-4-26b-a4b-it,Inkantolo ekhethekile ibonisa ukuthi ubugebengu abubuyiseli
"A special court is proving once and for all that crime does not pay. Although those who betrayed the state may have believed they had successfully evaded justice, the long arm of the law is finally closing in. This serves as a clear warning that no one is beyond the reach of the legal system.",eng,machine,gemma-4-26b-a4b-it,Inkantolo ekhethekile ibonisa ukuthi ubugebengu abubuyiseli
"Nakuba abenzi bobugebengu bangase bacabange ukuthi baphumelele ngokudabukisa umbuso, iqiniso lithi ubugebengu abubuyiseli. Ingalo yomthetho inde, okusho ukuthi akukho muntu ongabalekela ukuboshwa noma ukuhlawuliswa ngezenzo zakhe ezimbi. Inkantolo ekhethekile iqinisekisa ukuthi ubulungiswa buyafinyelela kubo bonke abaphule imithetho, okuqinisekisa ukuthi wonke umuntu ubhekana nemiphumela yakhe.",zul,machine,gemma-4-26b-a4b-it,Inkantolo ekhethekile ibonisa ukuthi ubugebengu abubuyiseli
"Inkantolo ekhethekile isibonise ukuthi ubugebengu abubuyiseli futhi abunqobi. Kukhonjiswe ukuthi ingalo yomthetho inde, ngakho-ke akekho ozophuma ngenxa. Labo abaphumelele ukweba izimali zombuso bangacabangi ukuthi baphumelele, ngoba ubulungiswa buzobafikelela.",zul,machine,gemma-4-26b-a4b-it,Inkantolo ekhethekile ibonisa ukuthi ubugebengu abubuyiseli
"Uhlelo lokudla esikoleni luhlose ukulwa nendlala kanye nokungondleki kahle phakathi kwabantwana. Lolu hlelo lusiza ekuthuthukiseni amakhono okufunda abantwana ngokubanika ukudla okwanele. Ngaphezu kwalokho, luyasiza ekwenzeni abantwana bafune ukubuyela esikoleni njalo, ikakhulukazi ezikoleni ezincishwe amathuba.",zul,machine,gemma-4-26b-a4b-it,Uhlelo lokudla esikoleni luqinisekisa ukuthi abantwana abalambi
"The school feeding program aims to enhance children's learning abilities by addressing the challenges of hunger and malnutrition. By ensuring students are well-nourished, the initiative also helps improve regular school attendance. This program is specifically targeted toward supporting children in underprivileged schools. Ultimately, it provides the essential nutritional foundation needed for academic success.",eng,machine,gemma-4-26b-a4b-it,Uhlelo lokudla esikoleni luqinisekisa ukuthi abantwana abalambi
"Uhlelo lokudla esikoleni luqinisekisa ukuthi abantwana abalambi, okusiza ekuthuthukiseni ikhono labo lokufunda. Lolu hlelo luhlose ukunciphisa ukungondleki kahle nendlala kanye nokuthuthukisa ukuya kwabantwana esikoleni, ikakhulukazi ezikoleni ezincishwe amathuba. “Lolu hlelo luyisisekelo sempilo nempumelelo yomfundi,” kusho abaphathi bohlelo.",zul,machine,gemma-4-26b-a4b-it,Uhlelo lokudla esikoleni luqinisekisa ukuthi abantwana abalambi
"School feeding programs are being implemented to ensure that children do not go hungry. The initiative aims to improve students' learning abilities by reducing malnutrition and hunger. Additionally, the program is designed to boost school attendance, particularly in underprivileged schools.",eng,machine,gemma-4-26b-a4b-it,Uhlelo lokudla esikoleni luqinisekisa ukuthi abantwana abalambi
"Uhlelo lokudla esikoleni ludlala indima ebalulekile ekuthuthukiseni impilo yabantwana nasekuqinisekiseni ukuthi abalambi. Ngokunciphisa indlala nokungondleki kahle, lolu hlelo lusiza abafundi ukuba bagxile kakhulu ekufundeni kwabo ngaphandle kokunaka indlala. Lokhu kwenza futhi ukuba ukuhamba kwabantwana esikoleni kuthuthuke, ikakhulukazi ezikoleni ezithola amathuba amancane.",zul,machine,gemma-4-26b-a4b-it,Uhlelo lokudla esikoleni luqinisekisa ukuthi abantwana abalambi
"School feeding programs play a vital role in ensuring that children do not go hungry. By providing nutritious meals, these initiatives aim to combat malnutrition and reduce hunger among students. This support significantly enhances their ability to focus and learn effectively in the classroom. Furthermore, these programs help improve school attendance rates, particularly in underprivileged communities.",eng,machine,gemma-4-26b-a4b-it,Uhlelo lokudla esikoleni luqinisekisa ukuthi abantwana abalambi
"UPhiko Lohlelo lukaHulumeni Lwezokuxhumana Nokudluliswa Kolwazi (i-GCIS) kanye ne-Digify Africa babe nengxoxo ebalulekile ku-inthanethi mayelana nokugcina abantwana bephephile emhlabeni wezobuchwepheshe. Lo mbhango, obambisane ne-Media Monitoring Africa (MMA) kanye ne-Film and Publication Board, ugxile ekufundiseni abazali nabasebenzi bezemfundo ngezindlela zokuvikela izingane ezihlukunyezweni zasemkhathini. Lokhu kubalulekile ukuze kuvikelwe abantwana ekuhlukunyezweni nasekuphucaphuceni kwengqondo okwenzeka kuwebhu.",zul,machine,gemma-4-26b-a4b-it,Gcina abantwana bephephile ku-inthanethi
"The Government Communication and Information System (GCIS) and Digify Africa recently hosted a webinar aimed at ensuring children remain safe while navigating the internet. In collaboration with Media Monitoring Africa (MMA) and the Film and Publication Board (FPB), the session addressed the growing challenges of digital safety for minors. The initiative sought to provide parents and educators with essential tools and knowledge to protect young people in an increasingly connected world.",eng,machine,gemma-4-26b-a4b-it,Gcina abantwana bephephile ku-inthanethi
The Government Communication and Information System (GCIS) and Digify Africa recently hosted a webinar focused on keeping children safe online. This initiative was organized in collaboration with Media Monitoring Africa and the Film and Publication Board. The session aimed to address the various digital risks children face and provide essential guidance for ensuring their safety in the digital space.,eng,machine,gemma-4-26b-a4b-it,Gcina abantwana bephephile ku-inthanethi
UPhiko Lohlelo lukaHulumeni Lwezokuxhumana Nokudluliswa Kolwazi (i-GCIS) kanye ne-Digify Africa kusebenzisane ne-Media Monitoring Africa (i-MMA) kanye ne-Film and Publication Board (FPB) ukubamba isithangami ku-inthanethi. Isithangami sibhekiswe ekugcineni abantwana bephephile emhlabeni wezokuxhumana naku-inthanethi. Lolu hlelo luhlose ukunika abazali nabaphathi ulwazi mayelana nezingozi nezinselelo ezibhekene nezingane ezisebenzisa imishini yezobuchwepheshe.,zul,machine,gemma-4-26b-a4b-it,Gcina abantwana bephephile ku-inthanethi
The Government Communication and Information System (GCIS) and Digify Africa recently hosted a webinar focused on keeping children safe online. The session was held in collaboration with Media Monitoring Africa (MMA) and the Film and Publication Board. This initiative aims to raise awareness regarding digital security and provide essential guidance on protecting minors in the online environment.,eng,machine,gemma-4-26b-a4b-it,Gcina abantwana bephephile ku-inthanethi
"Kubalulekile ukuba abazali nabaqeqeshi bakhumbule ukuthi kumele bavikele abantwana ezingozini ezikhona emhlabeni we-inthanethi. Kufanele baqhubeke nokubabheka nokubafundisa mayelana nokuphepha ngenkathi besebenzisa izinhlelo zokuxhumana. Ngokusebenzisana, singaqinisekisa ukuthi abantwana bethu bagcina bephephile ekuhlukunyezweni nasekuboneni okuqukethwe okungalungile emhlabeni wezobuchwepheshe.",zul,machine,gemma-4-26b-a4b-it,Gcina abantwana bephephile ku-inthanethi
"Ukuqoqwa kwentela kukhule kakhulu, okufaka isandla ekubuyiseni umnotho nasekuvuseleleni ukukhula kwawo. Lokhu kukhonjiswa wukuphakama okungama-25% uma kuqhathaniswa nonyakathi odlule, kanye nokunyuka okungama-15% uma kuqhathaniswa nangesikhathi saphambi kobhubhane lwe-COVID-19. Lokhu kubonisa ukusebenza kahle kwe-SARS ekunikezeni uhulumeni izimali ezidingekayo zokuthuthukisa umnotho.",zul,machine,gemma-4-26b-a4b-it,Ukuqoqwa kwentela kweseka komnothoukuvuselelwa nokukhula komnotho
"Tax collection initiatives are being prioritized to support economic recovery and drive national growth. Recent data shows a significant 25% improvement over the previous year, which also represents a 15% increase compared to pre-pandemic levels. These developments highlight the crucial role of the South African Revenue Service (SARS) in stabilizing the economy.",eng,machine,gemma-4-26b-a4b-it,Ukuqoqwa kwentela kweseka komnothoukuvuselelwa nokukhula komnotho
"Tax collections have seen a significant boost, improving by 25% compared to the previous year. This growth also represents a 15% increase over levels recorded before the COVID-19 pandemic. Such enhanced revenue is expected to play a vital role in supporting economic recovery and driving sustained national growth.",eng,machine,gemma-4-26b-a4b-it,Ukuqoqwa kwentela kweseka komnothoukuvuselelwa nokukhula komnotho
"Uhulumeni usimamele ukuletha usizo olubanzi kubahlali baseKwaZulu-Natali naseMpumalanga abahlaselwe yizikhukhula ezidambisile ezishiye umthwalo onzima emindenini. Lezi zikhukhula ezimbi zibubhathele amakhaya amaningi futhi zibulela abantu abaningi, okudale isimo esibuhlungu kulezi zifundazwe. Manje, amandla kahulumeni azogxila ekwakheni kabusha izimpilo kanye namakhaya abulawa yilesi sifo semvelo ukuze abahlali babuyelwe empilweni evamile.",zul,machine,gemma-4-26b-a4b-it,
"The government has announced a support initiative to help residents in KwaZulu-Natal and the Eastern Cape rebuild their lives and homes following the devastating recent floods. The catastrophic weather events left a trail of destruction and loss of life across both provinces, leaving many communities in ruin. This intervention aims to provide much-needed relief as those affected begin the arduous process of recovery.",eng,machine,gemma-4-26b-a4b-it,
Izikhukhula ezidale umonakalo omkhulu ezifundazweni zaseKwaZulu-Natal naseMpumalanga Kapa zishiyile abantu abaningi bebhekene nobunzima obukhulu. Uhulumeni usebenzile ukuhlela usizo oluzokusiza abahlali ukuthi bakwazi ukwakha kabusha amakhaya abo kanye nemiphefumulo yabo eyonakele. Inhloso yalo mklamo ukubuyisela impilo entsha kubantu abalahlekelwe yikho konke ngenxa yalesi siphazamo semvelo.,zul,machine,gemma-4-26b-a4b-it,
The government has committed to assisting residents in the KwaZulu-Natal and Eastern Cape provinces following recent devastating floods. This support aims to help affected communities rebuild their homes and restore their livelihoods. The natural disaster resulted in significant loss of life and widespread destruction throughout these regions.,eng,machine,gemma-4-26b-a4b-it,
The government has pledged to assist residents in KwaZulu-Natal and Mpumalanga in rebuilding their lives and homes following recent devastating floods. The extreme weather caused significant loss of life and widespread destruction across both provinces. This relief effort aims to provide much-needed support to affected communities as they recover from the catastrophic disaster.,eng,machine,gemma-4-26b-a4b-it,
"Uhulumeni uzokhipha usizo kubahlali baseKwaZulu-Natali naseMpumalanga ukwakha kabusha izimpilo namakhaya emva kwezikhukhula ezibhubhise kakhulu kulezi zifundazwe. Lezi zikhukhula zishiyile imiphumela emibi, kuhlanganise nokulahlekelwa ngumpilo kanye nokonakala kwemikhaya nezindlu. Inhloso yalo usizo wukusiza umphakathi ukuba uqhubeke nokuphila ngemva kwalesi sifo semvelo. Lokhu kuzosiza ukuthi imiphakathi ibuyele endaweni ekuvuseleleke ngokushesha.",zul,machine,gemma-4-26b-a4b-it,
"The government is providing essential aid to residents in KwaZulu-Natal and the Eastern Cape following recent devastating floods. These natural disasters caused significant loss of life and widespread destruction to homes and infrastructure across both provinces. Through this intervention, officials aim to assist affected communities in rebuilding their lives and restoring stability to the region.",eng,machine,gemma-4-26b-a4b-it,
"Kukhona ukugxila okubi lapho abantu bezama ukubekela abafika ezweni izingcwaba mayelana nenhlekelele yobugebengu esibhekene nayo. Njengoba iNingizimu Afrika ingeyabo bonke abahlala kuyo ngokwezinkambiso zoSomqulu Wenkululeko, kufanele sibhekise amandla ethu ekulweni nobugebengu bokulwa nabo abenzi babo, hhayi abantu abafika ezweni. Kunokuba sidukiswe wukugxeka abafika ezweni, kufanele siphakamise isikhuthazo esithi: ""Yilwa nobugebengu, hhayi nabokufika.""",zul,machine,gemma-4-26b-a4b-it,"Yilwa nobugebengu, hhayi nabokufika"
"Drawing from the foundational principles of the 1955 Freedom Charter, South Africa was envisioned as a nation belonging to all who live within its borders. However, modern political discourse often misdirects public frustration toward immigration, obscuring the country's most pressing challenges. The real threat to our social fabric is the escalating wave of crime, not the arrival of new residents. We must learn to distinguish between the criminality that endangers our communities and the people who, by constitutional right, call this land home.",eng,machine,gemma-4-26b-a4b-it,"Yilwa nobugebengu, hhayi nabokufika"
"Advocates are calling for a shift in focus toward crime rather than immigration, arguing that criminality is the true issue at hand. This stance aligns with the principles of the 1955 Freedom Charter, which were eventually enshrined in the South African Constitution. The Charter famously declared that South Africa belongs to all who live in it. By addressing crime instead of arrivals, proponents seek to honor the inclusive values established during the struggle for freedom.",eng,machine,gemma-4-26b-a4b-it,"Yilwa nobugebengu, hhayi nabokufika"
"UNgqongqoshe Wezempilo uDokotela Joe Phaahla usuxwayisile ngokukhula okukhulu kwezinga le-COVID-19 ezweni, lapho izigameko zinyuke khona ngo-137% uma kuqhathaniswa nezinsuku eziyisikhombisa ezedlule. Njengoba ubusika sesisondela, kubalulekile ukuba abantu bazivikele ngokulandela yonke imithetho yokuzivikela ukuze kuvikelwe ukubhebhetheka kwalo mkhuba. Kuyisikhathi sokuba siqinisezele izindlela zokuzivikela manje ngaphambi kokuba ubusika ufinyelele.",zul,machine,gemma-4-26b-a4b-it,Zivikele kwi-COVID-19  ngaphambi kobusika
"South Africans are being urged to take proactive measures against COVID-19 as infection rates show a concerning upward trend. According to Health Minister Dr. Joe Phaahla, the country recorded a staggering 137% increase in new cases on January 25 compared to the previous seven-day period. With winter approaching, health officials are stressing the importance of early prevention to curb the spread of the virus.",eng,machine,gemma-4-26b-a4b-it,Zivikele kwi-COVID-19  ngaphambi kobusika
"Ngokusho kukaNgqongqoshe Wezempilo uDkt. Joe Phaahla, izibalo ze-COVID-19 eNingizimu Afrika zikhombisa ukukhula okukhulu kwezigameko ezintsha okungama-137% uma kuqhathaniswa nezinsuku eziyisikhombis ezidlule. Lokhu kukhombisa ukuthi kumele siqaphele kakhulu, siphinde sizivikele ngaphambi kokufika kobusika. Ukulandela imithetho yezempilo kuzosiza ekunciphiseni ukubhebhetheka kwalesi sifo.",zul,machine,gemma-4-26b-a4b-it,Zivikele kwi-COVID-19  ngaphambi kobusika
"Health Minister Dr. Joe Phaahla has reported a significant surge in COVID-19 cases in South Africa. As of August 25th, new infections have increased by 137% compared to the previous seven-day period. Consequently, the public is being urged to take necessary precautions to protect themselves ahead of the winter season.",eng,machine,gemma-4-26b-a4b-it,Zivikele kwi-COVID-19  ngaphambi kobusika
"Kukhona ukukhula okukhulu kwezingozi ze-COVID-19 njengoba ubusika sesisondela, lapho izigameko ezintsha sezikhule ngama-137%. Ukuze uzivikele, kubalulekile ukuhlala ugeza izandla njalo, ugqoke imaski, futhi ulandele imiyalelo yezempilo. Qinisekisa futhi ukuthi ugonywe ukuze uvikele uqobo lwakho nabantu obathandayo kuleli sezikhathi ezinobukhali.",zul,machine,gemma-4-26b-a4b-it,Zivikele kwi-COVID-19  ngaphambi kobusika
"South Africa is seeing a sharp rise in COVID-19 cases, with Health Minister Dr. Joe Phaahla reporting a 137% increase compared to the previous week. As winter approaches, it is vital to take preventative measures now to protect yourself and your loved ones. You can reduce your risk by wearing masks in crowded spaces, maintaining strict hand hygiene, and staying updated on vaccinations. Preparing today will help ensure better health outcomes throughout the upcoming cold season.",eng,machine,gemma-4-26b-a4b-it,Zivikele kwi-COVID-19  ngaphambi kobusika
"I-Operation Vulindlela isiqalile ukuvula indlela eya ekukhuliseni umnotho waseNingizimu Afrika ngokubhekana nezithiyo ezidala ukunqongkodana kwezindima zezomnotho. Ukushoda kwamakhono kanye nezindleko eziphezulu zezinsizakalo zenethiwekhi bekuyizinto ezikhulu ezithinte kakhulu intuthuko yemikhakha ehlukene. Ngokubhekisisa lezi zinkinga, lolu hlelo luhlose ukwakha isisekelo esiqinile esizovumela umnotho ukuba ukhule ngokushesha.",zul,machine,gemma-4-26b-a4b-it,I-Operation Vulindlela ivula indlela yokukhulisa umnotho
"Operation Vulindlela is paving the way for renewed economic growth by addressing long-standing structural bottlenecks in South Africa. For years, the nation's economic progress has been stifled by challenges within key sectors, most notably critical skills shortages and the prohibitive costs of technology services. By tackling these systemic hurdles, the initiative aims to clear the path for a more robust and sustainable economy.",eng,machine,gemma-4-26b-a4b-it,I-Operation Vulindlela ivula indlela yokukhulisa umnotho
"I-Operation Vulindlela ihlose ukulungisa izithiyo ezivimbela ukukhula komnotho waseNingizimu Afrika ngokubhekana nemikhakha ebalulekile. Le nqubo igxile ekuxazululeni izinkinga ezifana nokushoda kwamakhono kanye nezindleko eziphezulu zezinsizakalo zenethiwekhi. Ngokulungisa lezi zinkinga, ivula indlela yokuthuthukisa imisebenzi kanye nokwakha umnotho oqinile nophumelelayo.",zul,machine,gemma-4-26b-a4b-it,I-Operation Vulindlela ivula indlela yokukhulisa umnotho
Operation Vulindlela is an initiative aimed at driving economic growth in South Africa by addressing long-standing structural obstacles. The program focuses on sectors that have historically hindered development due to various systemic issues. Key challenges being addressed include critical skill shortages and the high costs associated with technical services.,eng,machine,gemma-4-26b-a4b-it,I-Operation Vulindlela ivula indlela yokukhulisa umnotho
"Operation Vulindlela is paving the way for South African economic growth by addressing long-standing sectoral challenges. Previously, development in key areas was hindered by significant obstacles, including a lack of necessary skills and the high cost of technology services. By targeting these specific bottlenecks, the initiative aims to foster a more robust and sustainable economic environment.",eng,machine,gemma-4-26b-a4b-it,I-Operation Vulindlela ivula indlela yokukhulisa umnotho
"According to the Road Traffic Management Corporation (RTMC), a significant number of driver's licenses remain uncollected by motorists. Data reveals that only 42% of the 32,748 licenses issued during this period have been picked up. Transport Minister Fikile Mbalula has highlighted this trend, urging citizens to claim their documents to clear the backlog.",eng,machine,gemma-4-26b-a4b-it,Landa ikhadi lakho lelayisensi yokushayela
"According to the Road Traffic Management Corporation (RTMC), only 42% of the 32,748 driver's license cards issued during the current period have been collected. Transport Minister Fikile Mbalula highlighted this low collection rate, noting that a significant number of licenses remain unretrieved. The RTMC is urging motorists to collect their documents to ensure they are legally compliant while driving.",eng,machine,gemma-4-26b-a4b-it,Landa ikhadi lakho lelayisensi yokushayela
"NgokweNhlangano Elawula Izimoto Emgwaqeni (RTMC), kunezinkulungwane zamakhadi elayisensi yokushayela akasalandiwe ku-inthanethi. Kubalulekile ukuthi ulande ikhadi lakho lelayisensi lokushayela ukuze ube nalo ngendlela yedijithali (digital). Lokhu kukusiza ukuthi ube nobufakazi obusezingeni lapho udinga ukukhombisa ukuthi unayo imvume yokushayela emgwaqeni. Ungaphuthelwa, landa ikhadi lakho manje ukuze ulandele imithetho yomgwaqo ngendlela efanele.",zul,machine,gemma-4-26b-a4b-it,Landa ikhadi lakho lelayisensi yokushayela
"According to the Road Traffic Management Corporation (RTMC), only 42% of the 32,748 driver's licenses issued have been collected by motorists. This means a significant number of valid licenses remain uncollected at various licensing departments. Drivers are encouraged to retrieve their documents promptly to ensure they are legally compliant while operating a vehicle on the road.",eng,machine,gemma-4-26b-a4b-it,Landa ikhadi lakho lelayisensi yokushayela
"During a recent visit to Durban, KwaZulu-Natal, to meet with local business leaders, the focus was squarely on the urgent task of economic recovery. Following the devastating impact of recent floods, we are working to assist entrepreneurs with strategic plans to revitalize their operations and restore stability. This mission extends beyond mere physical reconstruction; it is about rebuilding lives and fostering more resilient ways of living in the wake of this natural disaster.",eng,machine,gemma-4-26b-a4b-it,Ukwakha kabusha impilo nendlela yokuphila emuva kwezikhukhula.
"Emva kwalesi siphithiphithi semvelo esidale umonakalo eThekwini, kukhona imizamo ekusekeleni ukubuyisela impilo nemisebenzi endaweni. Osomabhizinisi basizwa ngokulungisa amasu abo okusebenza ukuze bakwazi ukuvuselela amabhizinisi abo ngendlela efanele. Lokhu kubaluleke kakhulu ekulungiseni imithelela yezikhukhula nasekuqinisekiseni ukuthi umphakathi uyakwazi ukuzimela futhi.",zul,machine,gemma-4-26b-a4b-it,Ukwakha kabusha impilo nendlela yokuphila emuva kwezikhukhula.
"This topic explores the process of rebuilding lives and livelihoods in the aftermath of the devastating floods in Durban, KwaZulu-Natal. Following the natural disaster, efforts have been made to engage with local business owners to support their economic recovery. The goal is to assist these entrepreneurs in developing effective plans to revitalize their businesses and restore stability to the community.",eng,machine,gemma-4-26b-a4b-it,Ukwakha kabusha impilo nendlela yokuphila emuva kwezikhukhula.
"Kamuva nje, kukhona ukuvakashela edolobheni laseThekwini eKwaZulu-Natal lapho kuxoxiswane khona nabasomabhizinisi ngezinhlelo zokuvuselela imisebenzi yabo. Kwathi lapho kugasela lo monakalo wemvelo, kwabonakala ukuthi kudingeka ukusekelwa okukhulu ekubuyiseni impilo emuva. Inhloso enkulu wukusiza umphakathi ukuba wakhe kabusha izimpilo nezindlela zokuphila ezonakele ngenxa yezikhukhula.",zul,machine,gemma-4-26b-a4b-it,Ukwakha kabusha impilo nendlela yokuphila emuva kwezikhukhula.
"A recent visit to Durban, KwaZulu-Natal, focused on engaging with local business leaders to support their efforts in revitalizing operations following the devastating floods. The initiative aims to assist businesses in developing strategic recovery plans to restore livelihoods and economic stability to the region. By fostering collaboration between key stakeholders, the mission seeks to rebuild the community's way of life in the wake of the natural disaster.",eng,machine,gemma-4-26b-a4b-it,Ukwakha kabusha impilo nendlela yokuphila emuva kwezikhukhula.
"Emva kwezikhukhula ezidubule eThekwini, ukwakha kabusha impilo kudinga isu eliqinile lokuvuselela amabhizinisi kanye nezindawo zokuhlala. Kubalulekile ukuthi abantu, uhulumeni, nabasomabhizinisi babambisane ukuze kukhuliswe umnotho kanye nokulungelelaniswa kwemvelo. Lokhu kuhlanganisa ukulungisa imisebenzi nokuqinisekisa ukuthi izakhiwo ezintsha zivikeleke kakhulu. Ngokusebenzisana, singakha ikusasa eliqinile elivikela imiphakathi ekuhlaseleni kwezimo zemvelo.",zul,machine,gemma-4-26b-a4b-it,Ukwakha kabusha impilo nendlela yokuphila emuva kwezikhukhula.
"Rebuilding lives and livelihoods after devastating floods requires a comprehensive approach that addresses both physical infrastructure and community well-being. This process involves restoring essential services, supporting local business recovery, and implementing more resilient urban planning to mitigate future risks. By focusing on economic revitalization and environmental preparedness, communities can better withstand future natural disasters. Ultimately, a successful recovery fosters long-term stability and promotes more sustainable ways of living.",eng,machine,gemma-4-26b-a4b-it,Ukwakha kabusha impilo nendlela yokuphila emuva kwezikhukhula.
"Kuyinkambiso entsha nezimangalisayo ukubona abahlengikazi bezilwane bokuqala baseNingizimu Afrika bethweswa iziqu eNyuvesi yasePitoli (UP). UMthimkhulu usanda kuthweswa iziqu ze-Bachelor of Veterinary Nursing kule nyuvesi, okuyisona kuphela isikhungo esiqeqeshela ukwelashwa kwezilwane eNingizimu Afrika. Ngenkathi egubha lolu phumelelo olungavamile, utshe wathi: “Angikakholwa namanje.”",zul,machine,gemma-4-26b-a4b-it,Abahlengikazi bezilwane bokuqala baseNingizimu Afrika bathweswa iziqu.
"Breaking new ground in animal healthcare, UMthimkhulu has become one of South Africa's first graduates to earn a Bachelor of Veterinary Nursing. He achieved this historic milestone at the University of Pretoria, which stands as the only institution in the country providing such specialized training. Reflecting on the achievement, an overwhelmed UMthimkhulu said, ""I still can't believe it.""",eng,machine,gemma-4-26b-a4b-it,Abahlengikazi bezilwane bokuqala baseNingizimu Afrika bathweswa iziqu.
UMthimkhulu usanda kuthweswa iziqu zeBachelor of Veterinary Nursing eNyuvesi yasePitoli (UP). Lokhu kubaluleke kakhulu ngoba i-UP iyisikhungo esodwa kuphela eNingizimu Afrika esiqeqeshela abahlengikazi bezilwane. UMthimkhulu uzibona emangele kakhulu nangalolu phumelelo olukhulu asitholile.,zul,machine,gemma-4-26b-a4b-it,Abahlengikazi bezilwane bokuqala baseNingizimu Afrika bathweswa iziqu.
"UMthimkhulu has made history as one of South Africa's first female veterinary nurses after graduating with a Bachelor of Veterinary Nursing. She earned her degree from the University of Pretoria, which is the only institution in the country that provides specialized training in animal healthcare. This achievement marks a significant milestone for women entering the veterinary professional field in South Africa.",eng,machine,gemma-4-26b-a4b-it,Abahlengikazi bezilwane bokuqala baseNingizimu Afrika bathweswa iziqu.
"UMthimkhulu usanda kuthweswa iziqu zeBachelor of Veterinary Nursing eNyuvesi yasePitoli (UP), okuyisikhungo esisodwa kuphela eNingizimu Afrika esiqeqeshela abahlengikazi bezilwane. Ungomunye wabahlengikazi bezilwane bokuqala abathweswa iziqu kuleli lizwe, okuyinto ebaluleke kakhulu emkhakheni wezokwelapha izilwane. Uzizwa emangele kakhulu ngalolu phumelelo, ethi ""angikakholwa namanje.""",zul,machine,gemma-4-26b-a4b-it,Abahlengikazi bezilwane bokuqala baseNingizimu Afrika bathweswa iziqu.
"The development of the Black economy continues to be seen as a vital prerequisite for driving broader national economic growth. In a significant move for the energy sector, Wasaa, an independent petroleum chemical company, has acquired BP Southern Africa’s fuel depot in East London. By securing all assets and shares of the facility, Wasaa’s takeover marks a major step in shifting ownership and fostering economic transformation within the industry.",eng,machine,gemma-4-26b-a4b-it,Ukuthuthukiswa Komnotho Wabansundu kuyimpoqo ekukhuleni komnotho
"Inkampani i-BP Southern Africa isithengile umgudu kawoyela owawuse-East London kuwoyena i-Wasaa, inkampani ezimele emkhakheni wamakhemikhali kaphethiloli. I-Wasaa izuze yonke impahla kanye nezabelo zalo mgudu kule nqubo yokuthenganiswa. Lolu hlobo lokushintsha kwabaqashi lukhombisa ukubaluleka kokuthuthukisa umnotho ngokunikeza amandla amasha emakethe. Lokhu kuyingxenye ebalulekile yokukhulisa umnotho wonke.",zul,machine,gemma-4-26b-a4b-it,Ukuthuthukiswa Komnotho Wabansundu kuyimpoqo ekukhuleni komnotho
"BP Southern Africa has sold its oil pipeline in East London to Wasaa, an independent petroleum chemical company. Through this transaction, Wasaa has acquired all the assets and shares associated with the pipeline. This sale marks a significant shift in the ownership and management of this petroleum infrastructure.",eng,machine,gemma-4-26b-a4b-it,Ukuthuthukiswa Komnotho Wabansundu kuyimpoqo ekukhuleni komnotho
"Wasaa, an independent petroleum chemical company, has acquired a fuel depot in East London previously operated by BP Southern Africa. The transaction includes the purchase of all the depot's assets and shares. This acquisition marks a significant transition for the facility and the regional energy sector.",eng,machine,gemma-4-26b-a4b-it,Ukuthuthukiswa Komnotho Wabansundu kuyimpoqo ekukhuleni komnotho
"The sale of the BP Southern Africa petrol depot in East London to Wasaa, an independent petroleum chemical company, highlights the importance of evolving ownership structures within the energy sector. Such transitions support the principle that developing the Black economy is a vital prerequisite for sustained national economic growth. By empowering independent entities through significant asset acquisitions, the market benefits from increased competition and broader participation. Ultimately, fostering inclusive economic empowerment is essential for building a more resilient and stable economy.",eng,machine,gemma-4-26b-a4b-it,Ukuthuthukiswa Komnotho Wabansundu kuyimpoqo ekukhuleni komnotho
"UPhini likaNgqongqoshe Wezempilo, uDokotela Sibongiseni Dhlomo, ugcizelele amalungelo abantu besifazane ngokomthetho mayelana nokukhipha isisu ngendlela ephephile. Uthi wonke owesifazane unelungelo lokuthola lolu hlelo ngaphandle kokukhokha kunoma yisiphi isibhedlela noma ikliniki. Lokhu kukhuthaza ukuthi abesifazane bafune usizo ezikhungweni zezempilo ukuze bavikele impilo yabo ngendlela esemthethweni.",zul,machine,gemma-4-26b-a4b-it,Ukukhipha isisu ngendlela ephephile nesemthethweni kumahhala
"Deputy Minister of Health Dr. Sibongiseni Dhlomo has reaffirmed that all women have the legal right to access safe and lawful abortion services. He emphasized that these procedures must be provided free of charge to ensure they are accessible to everyone in need. Furthermore, Dhlomo noted that such services are available at any public hospital or clinic across the country.",eng,machine,gemma-4-26b-a4b-it,Ukukhipha isisu ngendlela ephephile nesemthethweni kumahhala
Deputy Minister of Health Dr. Sibongiseni Dhlomo has clarified that all women have a legal right to access safe and lawful abortion services. These medical procedures are provided free of charge to ensure they are accessible to everyone. Such services can be obtained at any public hospital or clinic in accordance with the law.,eng,machine,gemma-4-26b-a4b-it,Ukukhipha isisu ngendlela ephephile nesemthethweni kumahhala
"Deputy Minister of Health Dr. Sibongiseni Dhlomo has stated that safe and legal abortion services are provided free of charge to all women. He emphasized that, by law, every woman has the right to access these procedures at any hospital or clinic without cost. This serves to ensure that reproductive healthcare rights are understood and fully accessible to the public.",eng,machine,gemma-4-26b-a4b-it,Ukukhipha isisu ngendlela ephephile nesemthethweni kumahhala
"Deputy Minister of Health Dr. Sibongiseni Dhlomo has affirmed that all women have a legal right to access safe and legal abortion services. According to the law, these medical procedures must be provided free of charge to ensure equitable healthcare access. Women can access these essential reproductive services at any public hospital or clinic.",eng,machine,gemma-4-26b-a4b-it,Ukukhipha isisu ngendlela ephephile nesemthethweni kumahhala
"As the cost of living continues to skyrocket, many families are finding it increasingly difficult to afford basic food and essential necessities. The mounting pressure of utility bills and the rising price of both public and private transport have pushed many households to their financial limits. In the face of such overwhelming economic hardship, there is an urgent call for communities to unite and work together to navigate these trying times.",eng,machine,gemma-4-26b-a4b-it,Ukunyuka kwezindleko zokuphila kubiza ukuthi sibambisane
"Ukunyuka kwezindleko zokuphila kwenza impilo ibe nzima kakhulu ngenxa yokuthi ukuthenga ukudla nezinsiza eziyizidingo sekubiza kakhulu. Lokhu kukhinyabeza amandla okukhokhela izinsiza zasendlini kanye nokuhamba ngezithuthi eziyizidingo. Ngakho-ke, kubalulekile ukuba umphakathi ubambisane futhi usizane ukuze ukwazi ukubhekana nalezi zinselelo ezinzima zezomnotho.",zul,machine,gemma-4-26b-a4b-it,Ukunyuka kwezindleko zokuphila kubiza ukuthi sibambisane
"The rising cost of living has made it increasingly difficult for individuals to afford food, essential goods, and basic services. Additionally, growing expenses related to both public and private transportation are placing a significant financial burden on people. To navigate these economic challenges, there is an urgent call for collective cooperation and community support.",eng,machine,gemma-4-26b-a4b-it,Ukunyuka kwezindleko zokuphila kubiza ukuthi sibambisane
"Ukukhula kwezindleko zokuphila kuguqule isimo semali, okwenza kube nzima ukuthenga ukudla kanye nezinto ezibalulekile. Sekumbe eqolo ukukhokhela izinsiza eziyizidingo, kanti nokusebenzisa izithuthi zomphakathi noma ezizimele sekuyisihlobo esinzima kakhulu kubantu. Ngenxa yalolu hlobo lwenkinga, kukhona isicelo sokuba umphakathi ubambisane ukuze kutholakale izindlela zokubhekana nalezi zindleko eziphezulu.",zul,machine,gemma-4-26b-a4b-it,Ukunyuka kwezindleko zokuphila kubiza ukuthi sibambisane
"The rising cost of living is prompting urgent calls for increased community solidarity and cooperation. Many households are currently struggling to afford food, basic necessities, and essential services due to soaring prices. Furthermore, the high cost of both public and private transportation has placed an additional strain on personal budgets. As these financial pressures mount, collective action is being emphasized to help navigate the ongoing economic hardship.",eng,machine,gemma-4-26b-a4b-it,Ukunyuka kwezindleko zokuphila kubiza ukuthi sibambisane
"Ukunyuka kwezindleko zokuphila sekuyisinkinga elikhulu, njengoba ukuthenga ukudla, ukukhokhela izinsiza eziyizidingo kanye nokuhamba kuba nzima kakhulu. Lezi zindleko eziphezulu zibeka ingcindezi enkulu emindenini nasezinhlalo zomphakathi jikelele. Ngakho-ke, kubalulekile ukuthi sibambisane futhi sisizane ukuze sikwazi ukubhekana nalezi zinselelo ezinzima. Ukusebenzisana ngezinhlelo zomphakathi nokuphathisana kahle kungasiza ekunciphiseni ubunzima obubhekene nabo.",zul,machine,gemma-4-26b-a4b-it,Ukunyuka kwezindleko zokuphila kubiza ukuthi sibambisane
"The rising cost of living has made it increasingly difficult for many to afford basic necessities, such as food, essential services, and transportation. As the prices for these fundamental needs continue to climb, households are facing significant financial pressure. To navigate these challenging economic times, it is crucial that communities cooperate and support one another through collective action and shared resources. By working together, we can build resilience and find more effective ways to manage these mounting expenses.",eng,machine,gemma-4-26b-a4b-it,Ukunyuka kwezindleko zokuphila kubiza ukuthi sibambisane
"Kukhona ukukhathazeka okukhulu mayelana nokuxhashazwa kwesibonelelo somntwana, lapho imali ekufanele isetshenziswe ekunakekeleni izingane isetshenziswa ngenye indlela. Uma ekhuluma ne-SASSA, uPaseka Letsatsi ugcizelele ukuthi nakuba isibonelelo sikhokhelwa lowo onakekelayo, inhloso eyinhloko kumele kube wukunakekela umntwana. Okwamanje, isibonelelo singama-R480 ngenyanga umntwana ngamunye. Kubalulekile ukuthi le mali isetshenziswe ngendlela efanele ukuze kuvikelwe amalungelo amantwana futhi kugwenywe ukuxhashazwa.",zul,machine,gemma-4-26b-a4b-it,Ukuxhashazwa kwesibonelelo somntwana kulicala
"Addressing SASSA, Paseka Letsatsi highlighted the issue of child grant exploitation, noting that funds intended for minors are frequently misused. Although the R480 monthly allowance per child is paid to the caregiver, Letsatsi emphasized that the money must be used strictly for the child's well-being. Ensuring these funds are directed toward the child's essential needs remains a critical priority to protect the most vulnerable.",eng,machine,gemma-4-26b-a4b-it,Ukuxhashazwa kwesibonelelo somntwana kulicala
"Isibonelelo somntwana esikhokhelwa u-SASSA siqondiswe ekunakekeleni izidingo zomntwana, hhayi umnakekeli. Nakuba imali engama-R480 ngenyanga inikezwa umnakekeli, kumele isetshenziswe kuphela ekuthengeni izinto ezidingekayo zomntwana njengokudla nezingubo. Ukusebenzisa le mali ngezindlela ezingafanele kuyisenzo sokuxhashazwa esibhekiswe kumntwana ofanele ukunakekelwa.",zul,machine,gemma-4-26b-a4b-it,Ukuxhashazwa kwesibonelelo somntwana kulicala
"SASSA spokesperson Paseka Letsatsi clarifies that while child grants are paid to caregivers, the funds are strictly intended for the child's welfare. Currently, the monthly grant amount is R480 per child. It is essential that these funds are used appropriately to ensure the child's needs are met and to prevent the misuse of the allowance.",eng,machine,gemma-4-26b-a4b-it,Ukuxhashazwa kwesibonelelo somntwana kulicala
"I-SASSA ikhulume mayelana nendlela isibonelelo somntwana okufanele sisetshenziswe ngayo ukuvikela ukuxhashazwa kwemali. Ngokukhulumela i-SASSA, uPaseka Letsatsi, uchaze ukuthi nakuba isibonelelo sikhokhelwa lowo oyinakekelayo, isihloso saso esikhulu wukunakekela umntwana. Okwamanje, isibonelelo somntwana sinamaligi angama-R480 ngenyanga ngomntwana ngamunye.",zul,machine,gemma-4-26b-a4b-it,Ukuxhashazwa kwesibonelelo somntwana kulicala
"SASSA spokesperson Paseka Letsatsi has emphasized that child grants are intended strictly for the care of the child, even though the funds are paid to a designated caregiver. The current monthly grant stands at R480 per child. This statement comes amid concerns regarding the potential misuse of these social assistance payments.",eng,machine,gemma-4-26b-a4b-it,Ukuxhashazwa kwesibonelelo somntwana kulicala
"Isibonelelo somntwana esikhokhelwa ngu-SASSA siqonde ukusiza ekunakekelweni kwezungu lomntwana, okuhlanganisa ukudla, izingubo, nemfundo. Okwamanje, le mali ingama-R480 ngenyanga ngomntwana ngamunye, ngakho kufanele isetshenziswe ngokuziphatha. Ukuxhashazwa kwesibonelelo kwenzeka uma lo muntu okhokhelwayo esebenzisa imali engeke isize umntwana, kodwa eyizinto zakhe ezingafanele. Kubalulekile ukuthi imali isetshenziswe ukuthuthukisa impilo yomntwana kuphela ukuze asizakala ngendlela efanele.",zul,machine,gemma-4-26b-a4b-it,Ukuxhashazwa kwesibonelelo somntwana kulicala
"The child support grant, currently R480 per month per child, is specifically intended to cover a child's essential needs such as food, clothing, and education. Although the funds are paid to a caregiver, they must be used exclusively for the child's well-being rather than for the caregiver's personal gain. Misusing these funds is a form of exploitation that deprives the child of the resources they are legally entitled to. Caregivers have a fundamental responsibility to ensure these benefits are used strictly for the child's direct care.",eng,machine,gemma-4-26b-a4b-it,Ukuxhashazwa kwesibonelelo somntwana kulicala
Monkeypox has been officially confirmed in South Africa following recent laboratory testing. This confirmation follows a report from the National Health Laboratory Services (NHLS) regarding the presence of the virus. The detection comes after specific diagnostic tests were conducted to verify the disease within the country.,eng,machine,gemma-4-26b-a4b-it,Isifo SeMonkeypox eNingizimu Afrika
Umbiko ovela ku-National Health Laboratory Services (i-NHLS) uqinisekise ukuthi isifo se-Monkeypox sesitholakala eNingizimu Afrika. Lokhu kuwukuthi kukhona izimpendulo zohlolo lwezikhungo zamalaborethri eziqinise ukuthi igciwane liyakhona. Izinkundla zezempilo zibheke ngeso elibukhali isimo ukuze kuvikelwe ukubhebhetheka kwaleso sifo.,zul,machine,gemma-4-26b-a4b-it,Isifo SeMonkeypox eNingizimu Afrika
South Africa has officially confirmed the presence of Monkeypox within the country. This announcement follows a report from the National Health Laboratory Services (NHLS) stating that the virus was detected through specialized laboratory testing. The confirmation was established after rigorous analysis of clinical samples at the laboratory level.,eng,machine,gemma-4-26b-a4b-it,Isifo SeMonkeypox eNingizimu Afrika
"Ngokusemthethweni, i-National Health Laboratory Services (NHLS) isiqinisekise ukuthi isifo se-Monkeypox sikhona eNingizimu Afrika emuva kokwenziwa kwezivivinyo zaselabhorethri. Leli sigciwane lingahlasela umzimba, ngakho kubalulekile ukuba abantu baqaphele izimpawu ezifana nemaphuphu emzimbeni, ukushisa komzimba, kanye nokukhuluza kwama-lymph nodes. Uma ubona lezi zimpawu, sicela ukhulume nodokotela ngokushesha ukuze uthole usizo lokwelashwa okufanele.",zul,machine,gemma-4-26b-a4b-it,Isifo SeMonkeypox eNingizimu Afrika
"The nation is in deep mourning following a devastating tragedy at the Nyobeni harbor. Reports indicate that 21 children lost their lives in the incident, leaving the community in shock. In a heartbreaking detail, the youngest among the victims was only 13 years old.",eng,machine,gemma-4-26b-a4b-it,Izwe lakithi lizilele intsha esencane eshone esibhicongweni sasethaveni yaseNyobeni
"The nation is in mourning following a tragic incident in Nyobeni, where 21 children were found dead at a local haven. This devastating loss has left the community heartbroken and in shock. Among the victims, the youngest child was reported to be only 13 years old.",eng,machine,gemma-4-26b-a4b-it,Izwe lakithi lizilele intsha esencane eshone esibhicongweni sasethaveni yaseNyobeni
"Kwenzeke isigameko esibuhlungu esithuthumela izwe esethaveni yaseNyobeni lapho intsha esencane isishone esibhicongweni. Kutshelwe ukuthi izingane ezingama-21 zitholakale sezishonile kuleli lwandle. Phakathi kulezi zingane, ingane encane kakhulu yayineminyaka eyi-13 kuphela. Isizwe sisondele ngezinhliziyo ezibuhlungu ngenxa yalesi sifo esishiye imindeni eminingi idabukile.",zul,machine,gemma-4-26b-a4b-it,Izwe lakithi lizilele intsha esencane eshone esibhicongweni sasethaveni yaseNyobeni
Ukucinywa kogesi okubhekene nako njengamanje kudalwe ukulahleka kwamamegawathi angaphezu kwezi-18 000 ngenxa yokungasebenzi kwezingxenye ezithile kanye nesiteleka esingekho. Sizosebenza ngamandla nangokuzikhandla ukuze silungise lezi zinkinga futhi sibuyise amandla afanele. Inhloso yethu enkulu wukunqoba lokhu kucinywa kogesi nokunikeza umphakathi ukukhanya okuqinile nokuphathekile.,zul,machine,gemma-4-26b-a4b-it,Singakwazi futhi sizosebenza ngamandla ukuqeda ukucinywa kogesi
"The recent increase in load shedding was caused by a loss of over 18,000 megawatts of electricity generation. This significant power deficit resulted from the malfunction of specific technical components and the failure of a substation to remain operational. Authorities are working vigorously to resolve these technical challenges and are committed to ending these power outages.",eng,machine,gemma-4-26b-a4b-it,Singakwazi futhi sizosebenza ngamandla ukuqeda ukucinywa kogesi
Amabhizinisi amancane anconywa ukuba afake izicelo zokuthola usizo ukuze akwazi ukukhula nokuzimela. UNgqongqoshe uNdabeni-Abrahams ugcizelele ukuthi amabhizinisi amancane ayinsika ekukhuliseni umnotho nasekulweni nobubha. Lokhu kushiwo kwiNgqungquthela ye-SheTradesZA lapho kukhulunywa khona ngezindlela zokubhekana nokuntuleka kwemisebenzi.,zul,machine,gemma-4-26b-a4b-it,Amabhizinisi amancane ayanxuswa ukuba afake izicelo zokuthola usizo
"Small businesses are being actively encouraged to apply for available assistance to foster sustainable growth and development. During the SheTradesZA Youth Summit, Minister Ndabeni-Abrahams highlighted that empowering these entrepreneurs is a crucial strategy for combating poverty and unemployment. By accessing such support, small-scale enterprises can strengthen their operations and contribute meaningfully to the broader economy.",eng,machine,gemma-4-26b-a4b-it,Amabhizinisi amancane ayanxuswa ukuba afake izicelo zokuthola usizo
"IPhiko likaHulumeni Kwezokuxhumana Nokudluliswa Kolwazi (i-GCIS) libhekise ekutheni imininingwane ifike kubantu bonke ngendlela ecacile nengakhethi. Ngokuhambisana nokusebenzisa izilimi zesiNgisi nesiZulu, uhulumeni uqinisekisa ukuthi imilayezo yezinhlelo zakhe iqondakala kalula nakubantu abahlukahlukene emiphakathini. Lokhu kuzosiza ekutheni izakhamuzi zithole ulwazi olubalulekile ngokushesha nangokunembile, kuthuthukiswe nokuxhumana phakathi kokuphatha nezakhamuzi.",zul,machine,gemma-4-26b-a4b-it,
"Niyethulelwa is spearheading new communication efforts within the Government Communications and Information System (GCIS) to enhance public engagement. By providing essential updates in both English and isiZulu, the department aims to ensure that critical state information is accessible to a much wider audience. This bilingual approach marks a significant step toward more inclusive and effective government outreach.",eng,machine,gemma-4-26b-a4b-it,
"Niyethulelwa, representing the Government Communication and Information System (GCIS), is providing official communications in both English and isiZulu. This bilingual initiative is designed to bridge information gaps and reach a wider audience. It aims to ensure that vital government updates are accessible to a diverse population. These resources are currently available for public use.",eng,machine,gemma-4-26b-a4b-it,
"IPhiko likaHulumeni Kwezokuxhumana Nokudluliswa Kolwazi (i-GCIS) liyinhlangano eyisisekelo ekuxhumaniseni uhulumeni nabantu bakubo. Insenzo yalo enkulu wukudlulisa imininingwane mayelana nezinhlelo, imigomo, kanye nezinsizakazi zikahulumeni ngendlela ecacile. Ukuze kuqinisekiswe ukuthi wonke umuntu uyakuzwa, i-GCIS isebenzisa izilimi ezahlukene, okuhlanganisa isiNgisi nesiZulu, ekudlulisaneni imilayezo. Lokhu kusiza ekwakheni ukwethembeka nokubambisana phakathi kwenhlalo kanye nohulumeni.",zul,machine,gemma-4-26b-a4b-it,
"Ubugebengu obubulala nokuphuca abantu izinto buyinkinga enkulu eNingizimu Afrika, ngakho-ke kudingeka ukuthi sonke sibambisane ukululwa kulo. Siyanicela wonke umphakathi ukuba abike noma yini engaqondile emaphoyiseni ngokushesha ukuze kuncishiswe izinga lobugebengu emiphakathini yethu. Ngokusebenzisana okuhle phakathi kwabantu namaphoyisa, singakwazi ukwakha isizwe esiphephile nesiqinile kulo lonke izwe.",zul,machine,gemma-4-26b-a4b-it,Siza amaphoyisa ukwenza iNingizimu Afrika iphephe
"Citizens are being called upon to partner closely with law enforcement to combat the rising tide of crime across the nation. By reporting suspicious activities and engaging in community policing initiatives, residents can play a vital role in assisting the police. Such collective action is essential to restoring law and order and building a safer South Africa for everyone.",eng,machine,gemma-4-26b-a4b-it,Siza amaphoyisa ukwenza iNingizimu Afrika iphephe
"Kubalulekile ukuthi wonke umuntu abambisane namaphoyisa ukuze kulwe nobugebengu obubhekene nethu. Ngokubika izinto ezibonakala zingekho emthethweni, sisiza ekugcineni ukuphepha kwezindawo esihlala kuzo. Uma sisebenzisana, kuba lula ukubamba abenzi bobugebengu nokuvimbela izenzo eziyingozi. Ngokubambisana, singakha iNingizimu Afrika ephephile nenokuthula kuwo wonke umuntu.",zul,machine,gemma-4-26b-a4b-it,Siza amaphoyisa ukwenza iNingizimu Afrika iphephe
"This topic emphasizes the importance of citizens cooperating with law enforcement to improve public safety throughout South Africa. It highlights that community involvement and active crime reporting are essential to supporting the police in their efforts to combat illegal activities. By working together, the public and the authorities can strive to create a more secure and peaceful environment for everyone.",eng,machine,gemma-4-26b-a4b-it,Siza amaphoyisa ukwenza iNingizimu Afrika iphephe
"Kubalulekile ukubambisana namaphoyisa ukuze silwe nobugebengu nokuqinisekisa ukuthi wonke umuntu uphephile. Uma ubona okuthile okungaqondile, ungakhathazeki ukubika masinyane esiteshini samaphoyisa esiseduze noma usebenzise inombolo yokubika ubugebengu. Masisebenzisane ukuze senze iNingizimu Afrika ibe yindawo ephephile futhi engenazo izinkinga kubantu bonke.",zul,machine,gemma-4-26b-a4b-it,Siza amaphoyisa ukwenza iNingizimu Afrika iphephe
"Enhancing public safety in South Africa requires active cooperation between citizens and law enforcement agencies. By reporting suspicious activities and cooperating with investigations, community members provide the essential information needed to combat crime effectively. This collaborative approach fosters a safer environment and strengthens the relationship between the public and the police. Ultimately, collective vigilance is a powerful tool in building a more secure nation.",eng,machine,gemma-4-26b-a4b-it,Siza amaphoyisa ukwenza iNingizimu Afrika iphephe
"Ukonga imali kubaluleke kakhulu emindenini enemalingeniso aphansi ukuze kube lula ukulawula izindleko zokuphila. Uhulumeni wethula impahla engenantela ngonyaka ka-1991 ngenhloso yokusiza laba makhaya ukuba athole izimpahla ezidingekayo ngendlela esebenzisekayo. Kusukela ngaleso sikhathi, uhlu lwezinto ezingathelwa intela selukhule kakhulu, okuvumela imindeni ukuthi ithole izinto eziningi ngenani eliphansi.",zul,machine,gemma-4-26b-a4b-it,Yonga imali: Thenga impahla engenantela
"The government introduced duty-free goods in 1991 to provide financial relief to low-income households. Since the program's inception, the list of qualifying items has expanded significantly to include a wider variety of products. This ongoing initiative serves as a vital tool for consumers looking to save money on essential goods.",eng,machine,gemma-4-26b-a4b-it,Yonga imali: Thenga impahla engenantela
"A Cape Town eatery is putting traditional Zulu cuisine on the map, offering a vibrant taste of authentic South African heritage. Recognizing that many visitors miss the true essence of the country while in the Mother City, the restaurant has made it its mission to showcase indigenous flavors. Through its traditional menu, the establishment provides a meaningful cultural experience that connects guests to the very heart of the nation.",eng,machine,gemma-4-26b-a4b-it,Ukudla kwesiZulu kubeke indawo yokudlela yaseKapa ebalazweni
Indawo yokudlela eKapa isiqalile ukubanjwa yizintsha ngenxa yokudla kwesintu kwesiZulu okubeka leyo ndawo ebalazweni. Umnikazi waleyo ndawo uthe ufuna ukukhombisa izivakashi imvelo yangempela yeNingizimu Afrika ngokudla kwesintu. Ugcizelele ukuthi ufuna ukuziveza ngendlela yakhe ngokusetshenziswa kokudla kwesintu ukuze izivakashi zibone isimilo nengqikithi yezwe lethu. Lokhu kusebenza njengesibonelo esihle sokuthuthukisa amasiko eThembu.,zul,machine,gemma-4-26b-a4b-it,Ukudla kwesiZulu kubeke indawo yokudlela yaseKapa ebalazweni
"A Cape Town-based eatery is gaining significant recognition for bringing authentic Zulu cuisine to the forefront of the city's dining scene. The establishment aims to provide visitors with a more comprehensive understanding of South Africa's diverse cultural heritage, which can often be overlooked in the Mother City. By focusing on traditional dishes, the owner seeks to showcase the true identity of the nation to both locals and tourists.",eng,machine,gemma-4-26b-a4b-it,Ukudla kwesiZulu kubeke indawo yokudlela yaseKapa ebalazweni
"A restaurant in Cape Town has gained prominence by introducing the authentic flavors of traditional Zulu cuisine to a diverse international audience. Recognizing that visitors may not fully experience the true essence of South African culture in the city, the establishment uses traditional dishes to showcase the nation's rich heritage. This culinary focus has successfully put the restaurant on the map, providing travelers with a genuine way to connect with the country's identity. By highlighting these traditions, they offer a meaningful window into the diverse soul of South Africa.",eng,machine,gemma-4-26b-a4b-it,Ukudla kwesiZulu kubeke indawo yokudlela yaseKapa ebalazweni
"Kusukela esithembisweni esenziwe ngonyaka ka-2018 sokulwa nenkohlakalo nenkukhwabanisa ezikhungweni zikahulumeni kanye nemikhakha yezobulungiswa, izindlela ezintsha ezibekelwe ukulungisa lezi zinhlaka ziqala manje ukuthela izithelo. Ukusebenzisa izinhlelo ezibambezayo nokuqinisa imithetho kukhombise ukuthi ukuguquka okwakuhloswe kukhona okuqalayo nokuphumelelayo. Lokhu kuletha ithemba elisha kubantu ukuthi izikhungo zomphakathi zizoba ngcono futhi zibeke phambili ukwethembeka emsebenzini wazo.",zul,machine,gemma-4-26b-a4b-it,Indlela entsha yokulwa nenkohlakalo ithela izithelo
The commitment made during the 2018 State of the Nation Address to overhaul the fight against corruption is finally yielding tangible results. New strategies aimed at eradicating bribery and fraud within government institutions and the mining sector are beginning to bear fruit. This decisive shift in approach marks a significant step forward in restoring integrity to the nation's public systems.,eng,machine,gemma-4-26b-a4b-it,Indlela entsha yokulwa nenkohlakalo ithela izithelo
"Kusukela enkhulumweni yokuqala eNgemposweni Sezwe ngo-2018, kukhona isithembiso esiqinile sokwenza uguquko lokulwa nenkohlakalo ezikhungweni zikahulumeni. Lolu hlelo lwaluhlose nokulwa nokukhwabanisa nenkohliso emkhakheni obhekene nezinselelo ezinkulu. Manje, le ndlela entsha yokulwa nenkohlakalo isiqala ukuthela izithelo, okukhombisa ukuthi imizamo yokuhlanza izinhlelo zikaHulumu iyasebenza.",zul,machine,gemma-4-26b-a4b-it,Indlela entsha yokulwa nenkohlakalo ithela izithelo
"Ukusebenzisa izindlela ezintsha nezobuchwepheshe ukulwa nenkohlakalo kusiza ekubambeni abenzi bobubi ngokushesha. Uma kukhona ukubheka ngeso eliqinile nangokusebenzisa ukusebenzisana, imithombo yezimali ziyaqala ukufika kubantu ngendlela efanele. Lokhu kuholela ekutheni imisebenzi yezokwakha isizwe ithele izithelo ezinhle, kanti nentokozo nokwethenjwa kukahulumeni kuyakhula.",zul,machine,gemma-4-26b-a4b-it,Indlela entsha yokulwa nenkohlakalo ithela izithelo
"Since the commitment made in 2018 to transform government institutions, a new approach to combating corruption has been actively implemented. This strategy focuses on eradicating fraud and deception within various public sectors to foster greater integrity. These innovative methods are now beginning to bear fruit by enhancing transparency and accountability across the board. Ultimately, this shift demonstrates that systematic reforms can lead to meaningful progress in the fight against corruption.",eng,machine,gemma-4-26b-a4b-it,Indlela entsha yokulwa nenkohlakalo ithela izithelo
"Early detection is critical in the fight against childhood cancer, as treating the disease in its initial stages significantly increases the chances of a full recovery. Taryn Seegers, a communicator for the Childhood Cancer Association of South Africa (CHOC), emphasizes the importance of recognizing early warning signs. By staying vigilant, parents and caregivers can ensure that children receive timely and life-saving medical intervention.",eng,machine,gemma-4-26b-a4b-it,Qaphela izimpawu zokuqala zomdlavuza ebantwaneni
"Early detection of cancer in children is vital for ensuring a high chance of a full recovery through timely medical intervention. Taryn Seegers, a representative from the Children's Cancer Foundation South Africa (CHOC), emphasizes the critical importance of recognizing early warning signs. By identifying these initial symptoms quickly, caregivers can facilitate faster treatment and significantly improve long-term health outcomes.",eng,machine,gemma-4-26b-a4b-it,Qaphela izimpawu zokuqala zomdlavuza ebantwaneni
"Ukutholakala komdlavuza emntwaneni kusenesikhathi kuletha amathuba amakhulu okuthi umntwana aphelele ekulapheni. UMxhumanisi weNhlangano ye-CHOC (Childhood Cancer Association of South Africa), uTaryn Seegers, ugcizelela ukubaluleka kokwazi nokubheka izimpawu zokuqala zomdlavuza. Ukuqaphela lezi zimpawu kusiza ekutheni inkinga itholakale ngokushesha, okungasindisa impilo yomntwana.",zul,machine,gemma-4-26b-a4b-it,Qaphela izimpawu zokuqala zomdlavuza ebantwaneni
"Early detection of cancer in children is vital, as identifying symptoms early significantly increases the chances of a full recovery. Taryn Seegers from the Childhood Cancer Organisation of South Africa (CHOC) emphasizes the importance of being vigilant about these initial warning signs. By recognizing and acting on these signs promptly, children can receive the timely treatment necessary for the best possible health outcomes.",eng,machine,gemma-4-26b-a4b-it,Qaphela izimpawu zokuqala zomdlavuza ebantwaneni
"Namuhla, isizwe saseNingizimu Afrika sibhekene nesimo esinzima lapho imikhuba yoBuntu isihlehlile ngenxa yokugxila ekuzihlaleleni nokuzigqaja okweqile. Ngakho-ke, kukhona umzabalazo obalulekile oguqukayo ozama ukubuyisela inhlonipho, ukunakekelana, kanye nesithunzi somuntu emiphakathini yethu. Lolu hlobo lokubuyisela izimiso ezinhle luhlose ukulungisa izinhlupheko zomphakathi nokwakha isizwe esibumbene nesinokuzithoba.",zul,machine,gemma-4-26b-a4b-it,Umzabalazo wokubuyisa Ubuntu eNingizimu  Afrika
Lo mzabalazo uhlose ukubuyisela emuva izimiso zobuntu kanye nokuhloniphana emphakathini waseNingizimu Afrika. Inhloso yakhe wukulwa nokonakala kwesithunzi somuntu okudalwa ukusetshenziswa kabi kwamandla kanye nokungabi nabulungiswa. Ufuna ukwakha isizwe esiqotho lapho wonke umuntu ehlonishwa ngokufanele. Lokhu kuzosiza ekubuyiseni isithunzi nokuzigqaja kubantu bonke ukuze kube nokubambisana.,zul,machine,gemma-4-26b-a4b-it,Umzabalazo wokubuyisa Ubuntu eNingizimu  Afrika
"The topic examines the struggle to restore the fundamental values of Ubuntu within South African society. It highlights the movement to reclaim the dignity, pride, and humanity that were historically undermined by forces seeking to suppress Black identity. Ultimately, this struggle aims to rebuild the social fabric by fostering communal interconnectedness and self-worth among Black men and women.",eng,machine,gemma-4-26b-a4b-it,Umzabalazo wokubuyisa Ubuntu eNingizimu  Afrika
Umzabalazo wokubuyisa Ubuntu eNingizimu Afrika uqhubeka nokuzama ukubuyisela isithunzi nobuntu emphakathini. Lolu hlelo luhlangabezane nokunqamuka nokuphazamiseka okwenziwa yilabo ababesaba amandla nendudumo yamaqhinga okukhulula isizwe. Inhloso enkulu wukutshala imbewu yokuzigqaja kanye nokubuyisela isithunzi kumadoda nabesifazane abansundu. Lokhu kubalulekile ekwakheni isizwe esizigqajayo nesinengqondo eqotho.,zul,machine,gemma-4-26b-a4b-it,Umzabalazo wokubuyisa Ubuntu eNingizimu  Afrika
"A movement to restore the principles of Ubuntu in South Africa has faced significant opposition from those who feared the transformative power of its liberation strategies. The struggle was characterized by efforts to dismantle systemic barriers and reclaim social identity. Ultimately, the mission sought to instill a profound sense of pride and dignity among Black men and women.",eng,machine,gemma-4-26b-a4b-it,Umzabalazo wokubuyisa Ubuntu eNingizimu  Afrika
"Umzabalazo wokubuyisa Ubuntu eNingizimu Afrika uhlose ukulungisa imiphumela emibi yobandlululo ngokuhlanganisa isizwe esahlukanisiwe. Lolu hlelo lubheka ekubuyiseni isithunzi, ukuzigqaja, kanye nenkululeko engqondweni yomuntu ngamunye. Ngokusebenzisa isiko lokuthi ""umuntu ngumuntu ngabantu,"" umphakathi ukhuthazwa ukuba ukhonze abanye futhi abahloniphe ngendlela efanele. Lokhu kubalulekile ekwakheni isizwe esinothando, esihloniphayo, nesibambene ngezandla ekufuneni inhlonipho nobulungiswa.",zul,machine,gemma-4-26b-a4b-it,Umzabalazo wokubuyisa Ubuntu eNingizimu  Afrika
"The struggle to restore Ubuntu in South Africa is a movement focused on reclaiming the fundamental values of humanity, compassion, and communal interconnectedness. By addressing the deep scars of historical oppression, this movement seeks to restore the dignity and self-worth of individuals who were once marginalized. Ultimately, the goal is to foster social cohesion and healing through the profound belief that one's humanity is inextricably linked to the humanity of others.",eng,machine,gemma-4-26b-a4b-it,Umzabalazo wokubuyisa Ubuntu eNingizimu  Afrika
"Kubalulekile ukwazi ukuthi utshwala bungalimaza kakhulu impilo yomntwana wakho ongakazalwa. Uma ubusindwa ukuzithiba kuleli nkinga, ungalokothi ube nengcindezi eyedwa, ngoba kukhona abantu abakulungele ukukusiza. Sicela uvakashele imitho lampilo eseduze nawe ukuze uthole usizo nokuphathwa kahle okudingekayo. Lokhu kuzosiza ukuvikela ikusasa lomntwana wakho nelakho.",zul,machine,gemma-4-26b-a4b-it,Utshwala bungalimaza impilo yomntwana  wakho ongakazalwa
"Alcohol consumption during pregnancy can cause irreversible harm to the health and development of your unborn child. For women struggling to overcome alcohol dependency, it is crucial to remember that you do not have to face this battle alone. We urge expectant mothers to visit their nearest local health clinic to access professional support and guidance. Taking this step is a vital act of love to ensure a safe and healthy future for your baby.",eng,machine,gemma-4-26b-a4b-it,Utshwala bungalimaza impilo yomntwana  wakho ongakazalwa
"Ukusela utshwala ngenkathi ukhulelwe kungalimaza kakhulu impilo nokukhula komntwana ongakazalwa. Uma uzithola ungaphelelwa amandla okuzithiba kulo mkhuba, sicela uvakashele imitho lampilo eseduze nawe ukuze uthole usizo lwezobudokotela nolweseluleko. Ungalokothi uzizwe wedwa, ngoba ukuthola usizo kubalulekile ukuze uqinisekise ikusasa eliqhakazile lomntwana wakho.",zul,machine,gemma-4-26b-a4b-it,Utshwala bungalimaza impilo yomntwana  wakho ongakazalwa
Consuming alcohol during pregnancy poses serious risks to the health and development of an unborn child. Pregnant women struggling with alcohol addiction are encouraged to visit their nearest health clinics to seek professional help and guidance. Taking this proactive step is vital for managing dependency and ensuring a safe environment for both the mother and the baby.,eng,machine,gemma-4-26b-a4b-it,Utshwala bungalimaza impilo yomntwana  wakho ongakazalwa
"Ukusela utshwala ngesikhathi ubethwele kungaba nomthelela omubi kakhulu ekukhuleni nempilo yomntwana ongakazalwa. Ngakho-ke, kukhuthazwa abesifazane abazithwele ababhekana nobunzima bokuzithiba kuleli nkinga ukuba bavakashele imitho lampilo eseduze nabo. Ukuthola usizo ezikhungweni zezempilo kuzobasiza ukuthi baphume kulesi simo futhi bavikele ikusasa labantwana babo.",zul,machine,gemma-4-26b-a4b-it,Utshwala bungalimaza impilo yomntwana  wakho ongakazalwa
"Health authorities are warning that alcohol consumption can cause significant harm to the health and development of an unborn child. Pregnant women struggling with alcohol dependency are being urged to seek professional medical assistance to ensure a safe pregnancy. To receive the necessary support, individuals are encouraged to visit their nearest health facilities for guidance and specialized care.",eng,machine,gemma-4-26b-a4b-it,Utshwala bungalimaza impilo yomntwana  wakho ongakazalwa
"Ukusela utshwala ngenkathi ukhulelwe kungabalaza kakhulu impilo yomntwana wakho ongakazalwa. Lokhu kungaholela ekutheni umntwana akhule ngendlela engalungile noma abe nezinkinga zezempilo ezinzima. Uma uzizwa unzima ukuzithiba, sicela ungazibandakanyi kulo mthwalo wedwa, kodwa uvakashele isikhungo sezempilo esiseduze nawe. Ukuza kuthola usizo kuzokusiza ukuze uvikele impilo nekusasa lomntwana wakho.",zul,machine,gemma-4-26b-a4b-it,Utshwala bungalimaza impilo yomntwana  wakho ongakazalwa
"Consuming alcohol during pregnancy can cause serious harm to your unborn baby's health and development. If you are finding it difficult to control your alcohol intake, please know that you do not have to face this struggle alone. We encourage you to visit your nearest health clinic to seek professional support and medical guidance. Taking this step is a vital way to protect your child's future and ensure a healthy pregnancy.",eng,machine,gemma-4-26b-a4b-it,Utshwala bungalimaza impilo yomntwana  wakho ongakazalwa
"Ukulungiswa komgwaqo we-N3 kuveza ushintsho olukhulu ekuthuthukisweni kwabantu baseNingizimu Afrika ngokudala amathuba emisebenzi nokuqeqeshwa. Uzondi, onenkampani esithole isizenzele igama elihle, ugcizelele ukuthi abesifazane abasebenza naye banekhono elifana nalawo abamadoda. Uveza ukuthi, “Siyakuqonda ukubaluleka kwesikhathi nokuhlangabezana nezinhloso zethu sonke ukuqinisekisa ukuthi umsebenzi ulandela imigomo ebekiwe.”",zul,machine,gemma-4-26b-a4b-it,Ukulungiswa kuka-N3 kuthuthukisa abantu baseNingizimu Afrika
"The ongoing repairs on the N3 highway are providing a significant boost to South Africans by improving essential transport infrastructure. Uzondi, whose company has built a stellar reputation, highlighted the exceptional skill of his team, noting that his female staff are just as capable as any men in the field. By focusing on time management and meeting critical objectives, the company continues to drive meaningful progress for the community.",eng,machine,gemma-4-26b-a4b-it,Ukulungiswa kuka-N3 kuthuthukisa abantu baseNingizimu Afrika
"Ukulungiswa kwezindlela zika-N3 kuthuthukisa abantu baseNingizimu Afrika ngokudala amathuba emisebenzi nokukhuthaza ukuzimela. Inkampani yakhe igcizelela ukulingana ngokukhombisa ukuthi abesifazane banekhono elifanayo namadoda emisebenzini yobuchwepheshe. Ngokubheka isikhathi nokufinyelela emigomo yayo, le nkampani izibonakalise njengenyemu ethembekile nenesithunzi emphakathini.",zul,machine,gemma-4-26b-a4b-it,Ukulungiswa kuka-N3 kuthuthukisa abantu baseNingizimu Afrika
The repair and maintenance of the N3 highway are aimed at providing significant benefits to the South African people. Business owner UZondi emphasizes that his company has established a strong reputation through skilled service and professional reliability. He highlights the importance of efficient time management and meeting specific goals to ensure successful outcomes.,eng,machine,gemma-4-26b-a4b-it,Ukulungiswa kuka-N3 kuthuthukisa abantu baseNingizimu Afrika
"Ukulungiswa kwendlela ye-N3 kuthuthukisa abantu baseNingizimu Afrika ngokuletha ukulungelelaniswa emgwaqweni. UMnu. Uzondi uthe inkampani yakhe isizenzele igama elihle, wengeza ngokuthi abesifazane banekhono elifanayo namadoda kulo msebenzi. “Siyakuqonda ukubaluleka kwesikhathi nokuhlangabezana nezinhloso zethu sonke ukuqinisekisa ukuthi umsebenzi ufezeka ngendlela esezingeni eliphezulu,” kusho uUzondi.",zul,machine,gemma-4-26b-a4b-it,Ukulungiswa kuka-N3 kuthuthukisa abantu baseNingizimu Afrika
"The N3 rehabilitation project is set to improve the lives of South Africans by enhancing critical infrastructure. Uzondi, a company representative, noted that his firm has built a strong reputation through its highly skilled workforce. He emphasized that the team prioritizes efficient time management and meeting project objectives to ensure successful delivery.",eng,machine,gemma-4-26b-a4b-it,Ukulungiswa kuka-N3 kuthuthukisa abantu baseNingizimu Afrika
"Ukuthuthukiswa kwamakhono ezingeni le-N3 kubaluleke kakhulu ekuthuthukiseni abantu baseNingizimu Afrika ngokubanika ulwazi lobuchwepheshe obudingekayo. Lokhu kuqinisekisa ukuthi wonke umuntu, kuhlanganise nabesifazane abanamakhono afana namadoda, uthola ithuba lokuncintisana embonini. Ngokufunda lezi zindlela, abantu bakwazi ukwakha amabhizinisi aphumelelayo nokuziphilisa ngendlela eqinile. Ngakho-ke, ukuthuthukiswa kwalolu lulwazi kuyisisekelo sokwakha ikusasa eliqinile lezwe.",zul,machine,gemma-4-26b-a4b-it,Ukulungiswa kuka-N3 kuthuthukisa abantu baseNingizimu Afrika
"The ongoing maintenance and upgrading of the N3 highway play a crucial role in the socio-economic development of South African citizens. These infrastructure projects provide vital employment opportunities and allow local professionals to showcase their specialized technical skills. By focusing on timely execution and high-quality workmanship, such initiatives drive economic growth and empower the community through sustainable job creation.",eng,machine,gemma-4-26b-a4b-it,Ukulungiswa kuka-N3 kuthuthukisa abantu baseNingizimu Afrika
"Kusakhula kakhulu isigidi samathuba omsebenzi kanye nezindlela ezintsha zokuziphilisa ezivela ezimbonini ezahlukene. Lokhu kukhula kukhokhelwa wukushintsha kwezindlela zokusebenza kanye nokuphuma kwamabhizinisi amancane emiphakathini. Lesi simo sinikeza ithemba elisha kubantu abafuna ukuzimela, kodwa lidinga ukuba intsha ifunde amakhono afanele ukuze ikwazi ukubamba lezi zinhlelo eziphakambile.",zul,machine,gemma-4-26b-a4b-it,"Isigidi samathuba omsebenzi nezindlela zokuziphilisa, sisaqhuba"
"The landscape of employment is undergoing a massive transformation as a surge in job opportunities continues to reshape the economy. From traditional sectors to innovative new ways of earning a living, the diversity of available livelihoods is expanding at an unprecedented rate. This ongoing boom provides a vital lifeline for many seeking stability and growth in an ever-evolving market.",eng,machine,gemma-4-26b-a4b-it,"Isigidi samathuba omsebenzi nezindlela zokuziphilisa, sisaqhuba"
"Le ndaba ikhuluma ngokushintsha kwemigudu yezithuba zomsebenzi kanye nezindlela ezintsha zokuziphilisa emhlabeni oguqukayo. Ibonisa ukuthi ngenxa yezobuchwepheshe nezinguquko kwezomnotho, kubalulekile ukuthuthukisa amakhono amasha ukuze sibhekane nezinselelo ezintsha. Lokhu kusiza ekutheni siqonde ukuthi singalungiselela kanjani amathuba amasha avela njalo ngendlela efanele nengcono.",zul,machine,gemma-4-26b-a4b-it,"Isigidi samathuba omsebenzi nezindlela zokuziphilisa, sisaqhuba"
"The topic explores the ongoing surge in job opportunities and the diverse ways people are finding to earn a livelihood. It highlights a continuous expansion in various economic sectors, providing new pathways for employment and financial stability. This trend suggests a dynamic landscape where both traditional and modern methods of self-sufficiency are constantly evolving.",eng,machine,gemma-4-26b-a4b-it,"Isigidi samathuba omsebenzi nezindlela zokuziphilisa, sisaqhuba"
Kukhona ukukhula okubonakalayo kwamathuba omsebenzi kanye nezindlela ezintsha zokuziphilisa okusaphuzayo kulezi zikhathi. Lokhu kuthuthukela kuletha ithemba kubantu abaningi abazama ukubhekana nobunzima bezomnotho ngenhloso yokuzimela ngokwezimali. Izinhlelo ezahlukene zokuthuthukisa amakhono ziyaqhubeka nokusiza abantu ukuba bafike emakethe yemisebenzi futhi baphume ekubumpufini.,zul,machine,gemma-4-26b-a4b-it,"Isigidi samathuba omsebenzi nezindlela zokuziphilisa, sisaqhuba"
"Recent economic trends indicate a continued surge in job opportunities and diverse means of livelihood. This steady expansion is being driven by growth across various sectors, providing more avenues for sustainable income generation. Experts suggest that the ongoing increase in these prospects offers significant potential for enhanced economic stability and community development.",eng,machine,gemma-4-26b-a4b-it,"Isigidi samathuba omsebenzi nezindlela zokuziphilisa, sisaqhuba"
"Imboni yamathuba omsebenzi ishintsha njalo ngenxa yezinguquko zomhlaba, okuletha amathuba amasha azimele. Ngaphandle kokufuna imisebenzi ekhona, abantu bangaziphilisa ngokusebenzisa amakhono abo, ukuqala amabhizinisi, noma ukusebenzisa ezobuchwepheshe obusha. Kubalulekile ukuthi singayeki ukufunda, kodwa siqhubeke nokuzithuthukisa ukuze sikwazi ukunqoba lezi zikhathi ezishintshayo.",zul,machine,gemma-4-26b-a4b-it,"Isigidi samathuba omsebenzi nezindlela zokuziphilisa, sisaqhuba"
"The modern economic landscape is witnessing a significant surge in diverse job opportunities and various methods of earning a livelihood. This growth encompasses not only traditional employment but also emerging entrepreneurial ventures and digital platforms. As these sectors continue to expand, they provide individuals with more pathways to achieve financial independence and stability. This ongoing progression empowers communities to thrive and adapt within an evolving global economy.",eng,machine,gemma-4-26b-a4b-it,"Isigidi samathuba omsebenzi nezindlela zokuziphilisa, sisaqhuba"
"Sekuvuliwe isikhathi sokufaka izicelo ze-NSFAS zonyaka we-2023, kanti kukhona nezinguquko ezithathwe ukuthuthukisa lolu hlelo. Ngaphansi kwemkhankaswe wokwandisa ukusebenza kahle, kuthathwe izinyathelo zokwenza inqubo ibe lula kakhulu kubafundi. UNgqongqoshe uNzimande ugcizelele ukuthi i-NSFAS isiqale ukunciphisa ubunzima bokufaka izicelo kulo nyaka ukuze kube lula kubafakizicelo.",zul,machine,gemma-4-26b-a4b-it,Sekuvuliwe ukufakwa kwezicelo ze-NSFAS zangowezi-2023
The National Student Financial Aid Scheme (NSFAS) has officially opened its application window for the 2023 academic year. This rollout follows a dedicated campaign aimed at streamlining the application process to make it more accessible for students. Minister Nzimande noted that NSFAS has implemented significant improvements this year to ensure a much smoother and more efficient experience for all applicants.,eng,machine,gemma-4-26b-a4b-it,Sekuvuliwe ukufakwa kwezicelo ze-NSFAS zangowezi-2023
"Sekuvuliwe ukufaka izicelo ze-NSFAS zangowezi ka-2023, kanti kukhona nezinguquko ezithile ezenziwe ukuze inqubo ibe lula kubafundi. Uhulumeni usebenzise amasu amasha nokuphucula indlela yokufaka izicelo ngenhloso yokusiza abafakizicelo ukuthi bangabambezeleki. UMkhankasiso wenza njalo ukuqinisekisa ukuthi izicelo zihamba ngendlela esheshayo nenhle.",zul,machine,gemma-4-26b-a4b-it,Sekuvuliwe ukufakwa kwezicelo ze-NSFAS zangowezi-2023
"Applications for NSFAS for the 2023 academic year are now officially open. A campaign is currently underway to improve and simplify the application process, making it more user-friendly for all students. Minister Nzimande stated that NSFAS has begun implementing these enhancements this year to ensure a smoother experience for all applicants.",eng,machine,gemma-4-26b-a4b-it,Sekuvuliwe ukufakwa kwezicelo ze-NSFAS zangowezi-2023
"Sekuvuliwe ngokusemthethweni ukufakwa kwezicelo ze-NSFAS zonyaka we-2023. Kukhona umkhankaso omusha ohloso yawo wukuthuthukisa indlela nenqubo yokufaka izicelo ukuze ibe lula kakhulu kubafakizicelo. UNgqongqoshe uNzimande uthi kulo nyaka, i-NSFAS isiqale izinhlelo ezintsha ezizokwenza inqubo ihambe kahle futhi ibe lula kakhulu.",zul,machine,gemma-4-26b-a4b-it,Sekuvuliwe ukufakwa kwezicelo ze-NSFAS zangowezi-2023
"Applications for the 2023 NSFAS academic year are now officially open, following a campaign to streamline the submission process. Minister Nzimande stated that the new improvements are designed to make the application method more accessible and easier for students to navigate. These measures aim to enhance the efficiency of the system and simplify the overall experience for all applicants.",eng,machine,gemma-4-26b-a4b-it,Sekuvuliwe ukufakwa kwezicelo ze-NSFAS zangowezi-2023
"Sekuvuliwe ukufakwa kwezicelo ze-NSFAS zangowezi-2023, okuyithuba elibalulekile kubafundi abadinga usizo lwemali yezemfundo. Uhlelo lokufaka izicelo luthuthukisiwe ukuze lusebenze kalula futhi lunciphise izinselelo ababhekana nazo. UNgqongqoshe uNzimande uqinisekise ukuthi kukhona izinguquko ezithile ezenziwe ukuze ukufakwa kwezicelo kube lula kakhulu kubafakizicelo. Ngakho-ke, kubalulekile ukuthi abafundi balungise imibhalo yabo ngokushesha ukuze bafake izicelo ngendlela efanele.",zul,machine,gemma-4-26b-a4b-it,Sekuvuliwe ukufakwa kwezicelo ze-NSFAS zangowezi-2023
"Applications for the 2023 NSFAS funding cycle are now officially open to eligible students. To enhance the user experience, Minister Nzimande has announced that significant improvements have been implemented to streamline the application process. These changes are designed to make submitting applications much easier and more efficient for all applicants.",eng,machine,gemma-4-26b-a4b-it,Sekuvuliwe ukufakwa kwezicelo ze-NSFAS zangowezi-2023
"Lolu hlelo lokuhlomisa izisulu lubuyisela ithemba emphakathini ngokufundisa abantu ngamalungelo abo abalulekile. Ngokunikeza ulwazi olusebenza, lolu hlelo lusiza abantu ukuthi bazizwe bephephile futhi bazi ukuthi kumele benzenjani uma behlangabezana nobunzima. Sisebenza abahlali abangaphezu kwesigidi esisodwa baseThohoyandou kanye nezindawo eziseduze nalabo.",zul,machine,gemma-4-26b-a4b-it,Uhlelo lokuhlomisa izisulu lubuyisa ithemba
"A community-focused empowerment program is restoring hope for victims by teaching citizens about their fundamental rights. By providing essential education and support, the initiative helps individuals navigate social and legal challenges with newfound confidence. The program currently serves a vast population of over one million residents across Thohoyandou and its surrounding areas.",eng,machine,gemma-4-26b-a4b-it,Uhlelo lokuhlomisa izisulu lubuyisa ithemba
Lolu hlelo lokuhlomisa izisulu lubuyisa ithemba ngokufundisa umphakathi ngamalungelo abo. Lusebenzela abahlali abangaphezu kwesigidi baseThohoyandou nasezindaweni eziseduze nabo. Lolu hlelo lubaluleke kakhulu ekunika abantu amandla okuzivikela nokuzimela.,zul,machine,gemma-4-26b-a4b-it,Uhlelo lokuhlomisa izisulu lubuyisa ithemba
"This community-based initiative aims to restore hope by empowering victims and educating them about their fundamental rights. The program provides essential support to more than one million residents in Thohoyandou and the surrounding areas. By increasing awareness, it helps individuals better understand and advocate for their own legal protections.",eng,machine,gemma-4-26b-a4b-it,Uhlelo lokuhlomisa izisulu lubuyisa ithemba
Uhlelo lokuhlomisa izisulu lubuyisa ithemba emphakathini ngokufundisa abantu ngamalungelo abo. Lolu hlelo lusebenzela abahlali abangaphezu kwesigidi esisodwa base-Thohoyandou kanye nezindawo eziseduze naleyo. Lokhu kusiza ekutheni abantu bakwazi ukuzimela nokuzivikela ngendlela efanele.,zul,machine,gemma-4-26b-a4b-it,Uhlelo lokuhlomisa izisulu lubuyisa ithemba
A community-based empowerment program is restoring hope for victims by educating them on their fundamental rights. The initiative focuses on providing essential legal and social awareness to help individuals navigate their challenges. It currently serves more than one million residents in Thohoyandou and its surrounding areas.,eng,machine,gemma-4-26b-a4b-it,Uhlelo lokuhlomisa izisulu lubuyisa ithemba
"Uhlelo lokuhlomisa izisulu lubuyisa ithemba emphakathini ngokufundisa abantu ngamalungelo abo abalulekile. Ngokunikeza ulwazi, lolu hlelo lusiza izisulu ukuthi zizibone zimele futhi zibhekane nezinselelo ngokuqinile. Sisebenzela abahlali abangaphezu kwesigidi esisodwa base-Thohoyandou nezindawo eziseduzane. Lokhu kusiza ekwakheni umphakathi owazi kahle amalungelo akhe nokuzivikela.",zul,machine,gemma-4-26b-a4b-it,Uhlelo lokuhlomisa izisulu lubuyisa ithemba
"The victim empowerment program restores hope to the community by educating individuals about their fundamental rights. This initiative is designed to inform and protect citizens, ensuring they understand their legal standing. Currently, we proudly serve more than one million residents in Thohoyandou and the surrounding areas.",eng,machine,gemma-4-26b-a4b-it,Uhlelo lokuhlomisa izisulu lubuyisa ithemba
"Izikhungo zokuthuthukiswa kwabantwana ziyisihluthulelo esibalulekile sokwakha ikusasa lethu eliqhakazile. Leli sikhungo lakhiwe inhlangano ye-Impande South Africa, ngokwesekwa yi-Nelson Mandela Foundation, kuye ngenjongo yokwakha isisekelo esiqinile sabantwana. Ukuzinikela okukhulu kwabasebenzi balesi sikhungo kuyinto ekhuthazayo kakhulu, okukhombisa ukuzikhandla okungaka ekukhuliseni isizwe esizayo.",zul,machine,gemma-4-26b-a4b-it,Izikhungo Zokuthuthukiswa Kwabantwana Zingukhiye Wekusasa Lethu
"Child development centers represent the fundamental key to securing a brighter future for our communities. This specific center was established by the development organization Impande South Africa, bolstered by the vital support of the Nelson Mandela Foundation. The exceptional dedication shown by the staff in nurturing young children serves as a powerful testament to the impact of these life-changing initiatives.",eng,machine,gemma-4-26b-a4b-it,Izikhungo Zokuthuthukiswa Kwabantwana Zingukhiye Wekusasa Lethu
"Izikhungo zokuthuthukiswa kwabantwana ziyisisekelo esibalulekile ekwakheni ikusasa eliqhakazile lesizwe. Lezi zikhungo zakhiwe inhlangano i-Impande South Africa ngokwesekwa yi-Nelson Mandela Foundation. Ngokuzinikela okukhulu kwabasebenzi, lezi zikhungo zihlinzeka ngezinsizakalo eziqakathekile ezithuthukisa izingane ngendlela efanele. Ngakho-ke, lezi zikhungo ziyisikhali esibalulekile sokwakha isizwe esiqinile nesinekhono.",zul,machine,gemma-4-26b-a4b-it,Izikhungo Zokuthuthukiswa Kwabantwana Zingukhiye Wekusasa Lethu
Children's development centers serve as vital foundations for securing a better future for the next generation. This specific center was established by Impande South Africa and receives support from the Nelson Mandela Foundation. The organization is driven by a highly dedicated staff committed to providing essential support and care to children.,eng,machine,gemma-4-26b-a4b-it,Izikhungo Zokuthuthukiswa Kwabantwana Zingukhiye Wekusasa Lethu
"Izikhungo zokuthuthukiswa kwabantwana zibhekwa njengokhiye wokusiza ikusasa lethu, kanti lezi zikhungo zakhiwe yinhlangano i-Impande South Africa. Lolu hlelo lusekelwa yi-Nelson Mandela Foundation ngenhloso yokunika izingane ukunakekelwa okufanele. Kukhona ukuzinikela okumangalisayo okubonakala kubabasebenzi balesi sikhungo abenza konke okusemandleni abo ukwesekela izingane. Lokhu kuzinikela kubaluleke kakhulu ekwakheni isisekelo esiqinile selizwe lethu.",zul,machine,gemma-4-26b-a4b-it,Izikhungo Zokuthuthukiswa Kwabantwana Zingukhiye Wekusasa Lethu
"The development organization Impande South Africa, with support from the Nelson Mandela Foundation, has established a new center dedicated to child development. Highlighting the principle that such institutions are the key to a brighter future, the facility provides essential resources for the youth. The center has already garnered recognition for the profound dedication shown by its staff in supporting the growth and well-being of local children.",eng,machine,gemma-4-26b-a4b-it,Izikhungo Zokuthuthukiswa Kwabantwana Zingukhiye Wekusasa Lethu
"Izikhungo zokuthuthukiswa kwabantwana zibaluleke kakhulu ekubumbeni ingqondo nendlela yokuziphatha yezizukulwane ezizayo. Ngokubambisana nezinhlangano ezifana ne-Impande South Africa kanye ne-Nelson Mandela Foundation, abantwana bathola isisekelo esiqinile sokukhula ngaphansi kokunakekelwa okuhle. Ukuzinikela kwabasebenzi kulezi zikhungo kuqinisekisa ukuthi wonke umntwana uthola amathuba afanele okukhula ngokomqondo nasemzimbeni. Ngakho-ke, ukunakekela abantwana manje kusho ukwakha isisekelo esiqinile sekusasa lethu eliqhakazile.",zul,machine,gemma-4-26b-a4b-it,Izikhungo Zokuthuthukiswa Kwabantwana Zingukhiye Wekusasa Lethu
"Child development centers serve as the essential key to our future by nurturing and empowering the next generation. This vital work is exemplified by the center established by Impande South Africa, which operates with the support of the Nelson Mandela Foundation. The success of such institutions relies heavily on the profound dedication of staff members who work tirelessly to support and guide young children. By investing in these developmental spaces, we are ultimately building a brighter and more stable society for all.",eng,machine,gemma-4-26b-a4b-it,Izikhungo Zokuthuthukiswa Kwabantwana Zingukhiye Wekusasa Lethu
"Ukonga amanzi emakhaya kuyisinyathelo esibalulekile esingasiza ekugcineni imithombo yethu yamanzi isikhathi eside. Uma uchelelayo engadini, kumele uchelelayo izitshalo ngezikhathi zasekuseni noma ntambama lapho amazinga okushisa ephole khona ukuze amanzi angaphulukiswa masinyane. Ngaphezu kwalokho, ungawalahli amanzi awasebenzisela ukubilisa amaqanda; gcina lawo manzi apholile ukuze uchelele ngawo izitshalo zakho.",zul,machine,gemma-4-26b-a4b-it,Singawonga Kanjani Amanzi
"Conserving water in your garden is simple if you adopt a few smart habits. To minimize evaporation, aim to water your plants during the cooler hours of the early morning or late afternoon. Additionally, instead of discarding water used for boiling eggs, let it cool down and repurpose it to hydrate your greenery.",eng,machine,gemma-4-26b-a4b-it,Singawonga Kanjani Amanzi
"Ukuze ugcine amanzi, kubalulekile ukunaka indlela ochelela ngayo izitshalo zakho engadini. Kufanele uchelele ekuseni noma ntambama lapho imozulu isefolile ukuze amanzi angapheli kalula ngenxa yokushisa kwelanga. Futhi, ungasebenzisa lawo manzi apholile awabilisa ngawo amaqanda ukuchelela izitshalo zakho. Lezi zindlela ezilula zingasiza kakhulu ekugcineni amanzi emakhaya.",zul,machine,gemma-4-26b-a4b-it,Singawonga Kanjani Amanzi
"To effectively conserve water in your garden, it is best to water your plants during the cooler morning or evening periods. You can also practice water recycling by saving the water used for boiling eggs. Once this water has cooled, use it to nourish your plants instead of discarding it.",eng,machine,gemma-4-26b-a4b-it,Singawonga Kanjani Amanzi
"Ukuze sigcine amanzi emadlelweni nasezigidini zethu, kukhona izindlela ezilula esingazisebenzisa. Kubalulekile ukuthi uchelele izitshalo zakho ngezikhathi zasekuseni noma ntambama lapho amazinga okushisa esepholile. Ngaphezu kwalokho, ungagcina namanzi asetshenziswe ekubiliseni amaqanda, uwaqale awasebenzise uma esebanda ukuchelela izitshalo zakho. Lezi zindlela ezincane zingasiza kakhulu ekutheni singawonge amanzi ngendlela efanele.",zul,machine,gemma-4-26b-a4b-it,Singawonga Kanjani Amanzi
"Effective water conservation can be achieved through simple, everyday adjustments at home. Gardeners are encouraged to water their plants during the early morning or late afternoon when temperatures are cooler to prevent evaporation. Furthermore, rather than discarding it, the cooled water used for boiling eggs can be repurposed for irrigation. These small steps are vital for managing and preserving precious water resources.",eng,machine,gemma-4-26b-a4b-it,Singawonga Kanjani Amanzi
"Ukuze usindise amanzi engadini, kumele ube nokuqaphela ngezikhathi zokuchelela. Chelela izitshalo zakho ngezikhathi zasekuseni noma ntambama lapho amazinga okushisa ephole khona ukuze amanzi angapheli masinyane. Futhi, uma ubilisa amaqanda, gcina lawo manzi aphole ukuze ukwazi ukuwasebenzisa futhi ekutshalweni nasekucheleleni izitshalo zakho.",zul,machine,gemma-4-26b-a4b-it,Singawonga Kanjani Amanzi
"You can respect and conserve water in your garden by watering your plants during the cool hours of the early morning or late afternoon. This practice prevents moisture from evaporating too quickly in the heat, ensuring your plants receive the full benefit of the water. Additionally, consider recycling the cooled water used for boiling eggs to nourish your greenery. These small, mindful habits help ensure that every precious drop is used effectively.",eng,machine,gemma-4-26b-a4b-it,Singawonga Kanjani Amanzi
Abomama abaphila ne-HIV kodwa abancelisayo bakhuthazwa ukuba baphathe ingqondo mayelana nokunakekelwa komntwana wabo ukuze kugwenywe ukuthunyelwa kwegciwane. Kubalulekile ukuthi wonke umama axoxisane nomeluleki wakhe mayelana nezindlela ezahlukene zokupha umntwana ukudla ukuze kuthathwe izinqumo ezifanele. Lokhu kuzoqinisekisa ukuthi umntwana uvikelwe futhi uphila impilo enhle ngaphandle kokuphazanyiswa yileli gciwane.,zul,machine,gemma-4-26b-a4b-it,Okumele kwaziwe ngomama abane-HIV abancelisayo
"Breastfeeding mothers living with HIV are being urged to seek expert guidance on the safest ways to nourish their infants. According to the department, it is essential for these mothers to consult with their HIV counselors to discuss the various feeding options available. This step ensures that mothers can make well-informed decisions regarding their feeding choices.",eng,machine,gemma-4-26b-a4b-it,Okumele kwaziwe ngomama abane-HIV abancelisayo
Umama onelungelo le-HIV ofuna ukuncelisa kumele aqiniseke ngokuthola iseluleko esifanele ngaphambi kokuba aqale. Kubalulekile ukuthi axoxisane nomeluleki wakhe we-HIV ngezindlela ezehlukene neziphephile zokuphakela umntwana ukudla. Lokhu kwenzelwa ukunciphisa amathuba okuthi ingane ithole ingciwane ngesikhathi isencelisa. Ukulandela imiyalelo yabasebenzi bezempilo kubalulekile ukuze kuvikelwe impilo nomphilo womntwana.,zul,machine,gemma-4-26b-a4b-it,Okumele kwaziwe ngomama abane-HIV abancelisayo
Mothers living with HIV who are breastfeeding must be aware of the specific guidelines regarding infant nutrition. It is crucial that these mothers consult with an HIV counselor to discuss the various feeding methods available to them. This professional guidance helps ensure that informed decisions are made to protect the health of both the mother and the child.,eng,machine,gemma-4-26b-a4b-it,Okumele kwaziwe ngomama abane-HIV abancelisayo
"Umnyango wezempilo ukhuthaza omama abane-HIV abancelisayo ukuba bathole imeluleko efanele mayelana nokudla kwengane. Ngokusho kwalo umnyango, kubalulekile ukuthi wonke umama oxoxisane nomeluleki wakhe we-HIV ngezindlela ezehlukene zokupha umntwana ukudla. Lokhu kuzosiza ekutheni kuthathwe izinqumo eziqinisekisa ukuphepha kwengane nokuphila kwayo ngendlela ephephile.",zul,machine,gemma-4-26b-a4b-it,Okumele kwaziwe ngomama abane-HIV abancelisayo
"Health officials have issued guidance for HIV-positive mothers who are currently breastfeeding. According to the department, it is essential for these mothers to consult with an HIV counselor regarding various weaning methods for their infants. This consultation is intended to help mothers make informed decisions about transitioning their babies to solid foods safely.",eng,machine,gemma-4-26b-a4b-it,Okumele kwaziwe ngomama abane-HIV abancelisayo
"Uma ungumama onegciwane le-HIV futhi oncelisayo, kubalulekile ukuthi uxoxisane nomeluleki wakho we-HIV ngezindlela ezehlukene zokupha umntwana ukudla. Kumele uthathe isikhathi sokucabanga ngezindlela ezehlukene ezingasetshenziswa ukuze ukwazi ukwenza isinqumo esifanele. Ukuthatha isinqumo ngokusekelwe kulwazi kusemqoka ekugcineni impilo nokuphepha komntwana wakho.",zul,machine,gemma-4-26b-a4b-it,Okumele kwaziwe ngomama abane-HIV abancelisayo
"Mothers living with HIV who are breastfeeding should be aware of the safest ways to provide infant nutrition. It is essential to consult with an HIV counselor to discuss the various feeding options available and how to manage them effectively. Through professional guidance, you can make informed decisions that protect both your own health and the well-being of your baby.",eng,machine,gemma-4-26b-a4b-it,Okumele kwaziwe ngomama abane-HIV abancelisayo
"Izibalo ezisanda kumane zibonisa ukuthi umnotho wezwe usiqala ukuvuka ngemuva kwezikhathi ezinzima kakhulu. Lokhu kuza ngemuva kokubhekana nezinkinga zobhubhane, ukuvukela umbuso ngoNtungazwe ngo-2021, kanye nezikhukhula ezilimazile ezithinte iKwaZulu-Natal, iMpumalanga Kapa naseNyakatho Ntshonalanga. Ukubuyiselwa kwemisebenzi kubonisa ukuthi isizwe sinamandla okuzivuselela ngisho noma kunezithiyo eziningi eziqhubekayo.",zul,machine,gemma-4-26b-a4b-it,Izibalo Zemisebenzi Zibonisa Ukuthi Umnotho Wethu Uyavuka
"Recent employment statistics indicate that the national economy is finally showing signs of a meaningful recovery. This positive trend comes after a period of intense hardship, marked by the global pandemic and the civil unrest of July 2021. The growth is particularly noteworthy as the country continues to rebuild following devastating floods in KwaZulu-Natal, the Eastern Cape, and the North West. These figures offer a much-needed sense of optimism for a resilient nation.",eng,machine,gemma-4-26b-a4b-it,Izibalo Zemisebenzi Zibonisa Ukuthi Umnotho Wethu Uyavuka
"Izibalo zemisebenzi ezisanda kukhishwa zikhombisa ukuthi umnotho wezwe uqala ukuvuka ngemva kwesikhathi esinzima kakhulu. Lokhu kuza emva kokuhlaselwa yibhubhane, imizamo yokuvukela umbuso ngoNtsha ngo-2021, kanye nezikhukhula ezidale umonakalo ezifundazweni zaseKwaZulu-Natali, eMpumalanga, naseNyakatho Ntshonalanga. Naphezu kwalezi zivunguvangu, isimo somnotho siqala ukubonisa ukubuyela endleleni efanele.",zul,machine,gemma-4-26b-a4b-it,Izibalo Zemisebenzi Zibonisa Ukuthi Umnotho Wethu Uyavuka
"Recent employment statistics indicate that the economy is beginning to show signs of recovery. This resurgence follows a period of severe instability caused by the pandemic, the 2021 civil unrest, and devastating floods in KwaZulu-Natal, the Eastern Cape, and the North West. Despite these significant challenges, the latest data suggests a positive upward trend in the job market.",eng,machine,gemma-4-26b-a4b-it,Izibalo Zemisebenzi Zibonisa Ukuthi Umnotho Wethu Uyavuka
"Izibalo zemisebenzi ezisanda kukhishwa zibonisa ukuthi umnotho wezwe uqala ukuvuka kancane. Lokhu kuza ngemuva kwesikhathi esinzima kakhulu esibhekane naso ngenxa yobhubhane, ukuvukela uhulumu ngo-2021, kanye nezikhukhula ezibhubhise eKwaZulu-Natali, eMpumalanga, naseNyakatho Ntshonalanga. Nakuba lezi zinselelo zibangele ukuhlukanthekela kwezomnotho, ukukhula okubonwayo kulezi zibalo kuletha ithemba elisha.",zul,machine,gemma-4-26b-a4b-it,Izibalo Zemisebenzi Zibonisa Ukuthi Umnotho Wethu Uyavuka
"Nakuba izinkathazo ezifana nendlela yobhubhane, ukuvukela umbuso ngo2021, kanye nezikhukhula eziyingozi eKwaZulu-Natali, eMpumalanga Kapa, naseNyakatho Ntshonalanga zibangele ubunzima obukhulu, izibalo zemisebenzi zakamuva zibonisa ukuthi umnotho wethu uqala ukuvuka. Lokhu kukhombisa ukuthi isizwe sinamandla okubhekana nezithiyo nokuziphakamisa kabusha. Lokhu kuzosiza ekubuyiseni ukuzethemba kwabantu ngokukhula kwemisebenzi nokuphucula izimo zezomnotho.",zul,machine,gemma-4-26b-a4b-it,Izibalo Zemisebenzi Zibonisa Ukuthi Umnotho Wethu Uyavuka
"Recent employment statistics indicate that the national economy is showing significant signs of recovery. This positive trend follows a period of immense hardship brought about by the global pandemic, the July 2021 civil unrest, and devastating floods in KwaZulu-Natal, the Eastern Cape, and the North West. Despite these major setbacks, the rising job numbers demonstrate a growing resilience within the country's economic landscape.",eng,machine,gemma-4-26b-a4b-it,Izibalo Zemisebenzi Zibonisa Ukuthi Umnotho Wethu Uyavuka
"I-PrEP iyithuluzi elibalulekile elingasiza kakhulu ekulweni nophawu lwe-HIV, ikakhulukazi kubantu abasengozini enkulu ngenxa yokuhlukunyezwa. Ngaphansi kwemizamo yokulwa nobugebengu obubhekiswe kwabesifazane (i-GBVF), kubalulekile ukuthi abesifazane bafundiswe ngale ndlela yokuzivikela ukuze baphile ngokuphepha. Ukuthola leli thuluzi ezikhungweni zezempilo kungaba yisihlangu esiqinile sokugcina impilo yomzimba ngenkathi sibhekene nalezi zinselelo ezibuhlungu emphakathini.",zul,machine,gemma-4-26b-a4b-it,I-PrEP ingayivikela i-HIV
"As South Africa intensifies its nationwide fight against Gender-Based Violence and Femicide (GBVF), medical interventions like injectable PrEP (I-PrEP) are becoming vital tools for protection. This long-acting prevention method offers a critical layer of defense for women and children who face a heightened risk of HIV transmission through sexual violence. By integrating such advanced healthcare solutions, the country aims to provide more robust safeguards for those most vulnerable to the devastating cycles of abuse.",eng,machine,gemma-4-26b-a4b-it,I-PrEP ingayivikela i-HIV
"PrEP (Pre-Exposure Prophylaxis) serves as a crucial medical tool for preventing HIV infection. This intervention is being integrated into broader strategic efforts in South Africa aimed at eradicating Gender-Based Violence and Femicide (GBVF). By addressing both sexual health and systemic violence, these initiatives seek to protect vulnerable populations, particularly women and children, from the dual threats of disease and abuse.",eng,machine,gemma-4-26b-a4b-it,I-PrEP ingayivikela i-HIV
"I-PrEP iyisikhali esibalulekile sokuvikela ukugubha kwesifo se-HIV emzimbeni. Lokhu kubaluleke kakhulu kubantu abahlushwa udlame olubhekiswe kwabesifazane nokubulawa kwabesifazane (i-GBVF), njengoba lolu dlame luvame ukuhambisana nokugubha kwesifo. ISikhwama Esibhekele uDlame Olubhekiswe Kwobulili (GBVF) sihlose ukuqinisekisa ukuthi iNingizimu Afrika iyaqeda nya lolu dlame olubhekiswe kwabesifazane nabantwana. Ngakho-ke, ukufinyeleleka kwe-PrEP kuyingxenye ebalulekile yokuvikela impilo yabantu abasedukweni ngesikhathi kuthathwa izinyathelo zokunqanda udlame.",zul,machine,gemma-4-26b-a4b-it,I-PrEP ingayivikela i-HIV
"South Africa is prioritizing the use of I-PrEP as a critical preventative measure to curb the spread of HIV. This initiative aligns with broader national strategies, such as the Gender-Based Violence and Femicide (GBVF) prevention fund, which aims to eliminate violence against women and children. By integrating HIV prevention with GBVF interventions, the country seeks to provide comprehensive protection for its most vulnerable citizens.",eng,machine,gemma-4-26b-a4b-it,I-PrEP ingayivikela i-HIV
I-PrEP iyinhlelo yokuthatha imithi ngosuku ukunciphisa amathuba okuthola i-HIV ngaphambi kokuba ukuhlanganiswa kwenzeke. Lokhu kubaluleke kakhulu ekunikezeni abesifazane amandla okuzivikela ngenkathi bephila impilo enengozini yokuhlukunyezwa. Khuluma nodokotela noma emtholampilo ukuze uthole ulwazi nendlela ongazisebenzisa ngayo leli thuluzi lokuzivikela.,zul,machine,gemma-4-26b-a4b-it,I-PrEP ingayivikela i-HIV
"PrEP, or Pre-Exposure Prophylaxis, is a highly effective medication used to prevent HIV infection in individuals at higher risk. When taken consistently as prescribed, it significantly reduces the likelihood of contracting the virus through sexual contact. Access to this preventative tool is essential for empowering people to take control of their sexual health and long-term well-being. By utilizing PrEP, individuals can take proactive steps to stay HIV-negative and protect their future.",eng,machine,gemma-4-26b-a4b-it,I-PrEP ingayivikela i-HIV
